Workbook
Name a: [1]Ref_Umum!$C$23:$C$28
Name cara_bayar: [2]Ref_Umum!$C$9:$C$12
Name cara_bayar_kontraktual: [2]Ref_Umum!$D$9:$D$10
Name class: ViewSP2D_BLU!$N$1:$N$2
Name data_pembayaran_akun_potongan1: [2]DataPembayaran_BLU!$M$2:$M$394
Name data_pembayaran_akun_potongan2: [2]DataPembayaran_BLU!$O$2:$O$394
Name data_pembayaran_akun_potongan3: [2]DataPembayaran_BLU!$Q$2:$Q$394
Name data_pembayaran_jumlah_potongan1: [2]DataPembayaran_BLU!$N$2:$N$394
Name data_pembayaran_jumlah_potongan2: [2]DataPembayaran_BLU!$P$2:$P$394
Name data_pembayaran_jumlah_potongan3: [2]DataPembayaran_BLU!$R$2:$R$394
Name data_pembayaran_no_kontrak: [2]DataPembayaran_BLU!$H$2:$H$700
Name data_pembayaran_no_transaksi: DataPembayaran_BLU!$A$2:$A$700
Name data_pembayaran_tanggal_kontrak: DataPembayaran_BLU!$I$2:$I$700
Name data_pembayaran_termin_kontrak: DataPembayaran_BLU!$J$2:$J$394
Name data_pembayaran_total_pembayaran: [2]DataPembayaran_BLU!$L$2:$L$1000
Name DATASP2D: DataSP2D_BLU!$B$1:$N$500
Name DATASP2Di: DataSP2D_BLU!$A$1:$N$500
Name DATASPMi: DataPembayaran_BLU!$A$1:$S$493
Name id_kontrak: [2]DataKontrak_BLU!$F$5:$F$285
Name id_trx_kontrak: InputKontrak_BLU!$F$4
Name Jenis_Pagu: Pagu_BLU!$K$1:$U$1
Name jenis_tagihan: [2]Ref_Umum!$C$14:$C$16
Name kode_coa: Pagu_BLU!$I$7:$I$206
Name kode_MAP: [2]Ref_Umum!$H$7:$H$14
Name nama_pejabat: DataPejabat!$B$2:$B$9
Name nip_pejabat: DataPejabat!$C$2:$C$9
Name nomor_kontrak: [2]DataKontrak_BLU!$G$5:$G$285
Name ref_jabatan: [3]Ref_Umum!$U$3:$U$7
Name supplier: [2]Supplier!$B$2:$B$150
Name supplier_alamat: [2]Supplier!$D$2:$D$302
Name supplier_bank: [2]Supplier!$F$2:$F$302
Name supplier_nama_rekening: Supplier!$H$2:$H$302
Name supplier_npwp: [2]Supplier!$E$2:$E301
Name supplier_rekening: [2]Supplier!$G$2:$G$302
Name uraian_pembayaran: DataPembayaran_BLU!$G$2:$G$394

Sheet DASHBOARD
F4: =SUM(Pagu_BLU!$K$2:$K$206) -> 49467824000 | I4: =SUM(data_pembayaran_total_pembayaran) -> 2142401865 | L4: =I4/F4 -> 0.043308997
F7: Pagu Belanja BLU | I7: Realisasi Belanja BLU | L7: Progress Realisasi
F9: =SUMIF(DataPembayaran_BLU!$U$2:$U$700,"Belanja Barang",data_pembayaran_total_pembayaran) -> #VALUE! | I9: =SUMIF(DataPembayaran_BLU!$U$2:$U$700,"Belanja Modal",data_pembayaran_total_pembayaran) -> #VALUE! | L9: =SUM(DataPembayaran_BLU!N:N)+SUM(DataPembayaran_BLU!P:P) -> 228841644
F12: Realisasi Belanja Barang | I12: Realisasi Belanja Modal | L12: Jumlah Potongan SPM
F14: =COUNT(DataPembayaran_BLU!$A$2:$A$700) -> 47 | I14: =SUMIF(DataPembayaran_BLU!$W$2:$W$700,"Sah",data_pembayaran_total_pembayaran) -> #VALUE! | L14: =SUM([3]DataKontrak_BLU!$P$5:$P$104) -> 12445600040
F17: Jumlah SPM Terbit | I17: Realisasi SPM Sudah Disahkan | L17: Nilai SPM Kontraktual
O19: v1 ©2023 viva

Sheet InputKontrak_BLU
E4: ID Trx | F4: 4
E5: Nomor Kontrak | F5: PL.107/0001/PPK.BB/APTP/2026 | K5: Tgl. Kontrak | N5: Jumlah Termin | O5: 12
E6: Addendum Ke- | N6: Termin 1 UM
E7: Nomor Addendum | K7: Tgl. Addendum | N7: Termin 1 | O7: 473782875 | Q7: Angsuran UM 1
E8: Uraian Kontrak | F8: Pengadaan Jasa Outsourching Cleaning Service Terminal dan Pemeliharaan Landscape Bandara 1 Paket | N8: Termin 2 | O8: 473782875 | Q8: Angsuran UM 2
N9: Termin 3 | O9: 473782875 | Q9: Angsuran UM 3
N10: Termin 4 | O10: 473782875 | Q10: Angsuran UM 4
E11: Nama Supplier | F11: PT. INTERCIPTA JASA INDONESIA | N11: Termin 5 | O11: 473782875 | Q11: Angsuran UM 5
E12: Nilai Kontrak | F12: 5685394500 | I12: Mata Uang | J12: IDR | N12: Termin 6 | O12: 473782875 | Q12: Angsuran UM 6
E13: Cara Bayar | F13: Termin | N13: Termin 7 | O13: 473782875 | Q13: Angsuran UM 7
E14: Sistem Bayar | J14: =Pagu_BLU!I51 -> WA.4611.EBA.962.051.A.525119.00001 | N14: Termin 8 | O14: 473782875 | Q14: Angsuran UM 8
N15: Termin 9 | O15: 473782875 | Q15: Angsuran UM 9
E16: J.W. Pekerjaan | F16: 356 | G16: Hari | H16: Tgl. Mulai | I16: 46023 | K16: Tgl. Selesai | L16: 46387 | N16: Termin 10 | O16: 473782875 | Q16: Angsuran UM 10
E17: J.W. Pemeliharaan | H17: Tgl. Mulai | K17: Tgl. Selesai | N17: Termin 11 | O17: 473782875 | Q17: Angsuran UM 11
E18: Ketentuan Sanksi | N18: Termin 12 | O18: 473782875 | Q18: Angsuran UM 12
N19: Termin 13 | Q19: Angsuran UM 13
N20: Termin 14 | Q20: Angsuran UM 14
E21: Penjamin UM | N21: Termin 15 | R21: =SUM(R7:S20) -> 0
E22: No. Jaminan | K22: Tgl. Jaminan
E23: Masa Berlaku | G23: - | H23: Tgl. Mulai | K23: Tgl. Selesai
E25: Koordinat Posisi
E26: PPK | F26: gunawan

Sheet KarwasKontrak_BLU
E1: ID | G1: 003-0-PL.107/0002/PPK.BB/APTP/2026
E2: KARTU MONITORING KONTRAK
E5: Satker | F5: : | G5: 288745 Kantor UPBU Aji Pangeran Tumenggung Pranoto | S5: J.W. Pekerjaan | T5: : | U5: =CONCATENATE(INDEX([3]DataKontrak_BLU!T$5:T$104,MATCH($G$1,id_kontrak,0))," Hari") -> 365 Hari | V5: Tgl. Mulai | W5: : | X5: =IF(INDEX([3]DataKontrak_BLU!U$5:U$104,MATCH($G$1,id_kontrak,0))=0,"",INDEX([3]DataKontrak_BLU!U$5:U$104,MATCH($G$1,id_kontrak,0))) -> 46023 | Y5: Tgl. Selesai | Z5: : | AA5: =IF(INDEX([3]DataKontrak_BLU!V$5:V$104,MATCH($G$1,id_kontrak,0))=0,"",INDEX([3]DataKontrak_BLU!V$5:V$104,MATCH($G$1,id_kontrak,0))) -> 46387
E6: Dokumen | F6: : | G6: DIPA | H6: No. Dok | I6: : | J6: DIPA-022.05.2.288745/2026 | P6: Tgl. Dok | Q6: : | S6: J.W. Pelihara | T6: : | U6: =CONCATENATE(INDEX([3]DataKontrak_BLU!W$5:W$104,MATCH($G$1,id_kontrak,0))," Hari") -> Hari | V6: Tgl. Mulai | W6: : | X6: =IF(INDEX([3]DataKontrak_BLU!X$5:X$104,MATCH($G$1,id_kontrak,0))=0,"",INDEX([3]DataKontrak_BLU!X$5:X$104,MATCH($G$1,id_kontrak,0))) | Y6: Tgl. Selesai | Z6: : | AA6: =IF(INDEX([3]DataKontrak_BLU!Y$5:Y$104,MATCH($G$1,id_kontrak,0))=0,"",INDEX([3]DataKontrak_BLU!Y$5:Y$104,MATCH($G$1,id_kontrak,0)))
E7: ID Kontrak | F7: : | G7: =LEFT($G$1,5) -> 003-0 | H7: Add ke- | I7: : | J7: =IF(INDEX([3]DataKontrak_BLU!I$5:I$104,MATCH($G$1,id_kontrak,0))=0,"",INDEX([3]DataKontrak_BLU!I$5:I$104,MATCH($G$1,id_kontrak,0))) | K7: No. Add | L7: : | M7: =IF(INDEX([3]DataKontrak_BLU!J$5:J$104,MATCH($G$1,id_kontrak,0))=0,"",INDEX([3]DataKontrak_BLU!J$5:J$104,MATCH($G$1,id_kontrak,0))) | P7: Tgl. Add | Q7: : | R7: =IF(INDEX([3]DataKontrak_BLU!K$5:K$104,MATCH($G$1,id_kontrak,0))=0,"",INDEX([3]DataKontrak_BLU!K$5:K$104,MATCH($G$1,id_kontrak,0)))
E8: Nomor Kontrak | F8: : | G8: =INDEX([3]DataKontrak_BLU!G$5:G$104,MATCH($G$1,id_kontrak,0)) -> PL.107/0002/PPK.BB/APTP/2026 | P8: Tgl. Kontrak | Q8: : | S8: Jaminan UM
E9: Uraian Kontrak | F9: : | G9: =INDEX([3]DataKontrak_BLU!L$5:L$104,MATCH($G$1,id_kontrak,0)) -> PENGADAAN JASA OUTSOURCHING PENGAMANAN BANDARA (PERSONIL AVSEC) 1 PAKET | S9: Bank/LK Penjamin | T9: : | U9: =IF(INDEX([3]DataKontrak_BLU!AA$5:AA$104,MATCH($G$1,id_kontrak,0))=0,"",INDEX([3]DataKontrak_BLU!AA$5:AA$104,MATCH($G$1,id_kontrak,0)))
S10: No. Surat Jaminan | T10: : | U10: =IF(INDEX([3]DataKontrak_BLU!AB$5:AB$104,MATCH($G$1,id_kontrak,0))=0,"",INDEX([3]DataKontrak_BLU!AB$5:AB$104,MATCH($G$1,id_kontrak,0))) | X10: Berlaku | Y10: =IF(INDEX([3]DataKontrak_BLU!AE$5:AE$104,MATCH($G$1,id_kontrak,0))=0,"",INDEX([3]DataKontrak_BLU!AE$5:AE$104,MATCH($G$1,id_kontrak,0))) | Z10: sd | AA10: =IF(INDEX([3]DataKontrak_BLU!AF$5:AF$104,MATCH($G$1,id_kontrak,0))=0,"",INDEX([3]DataKontrak_BLU!AF$5:AF$104,MATCH($G$1,id_kontrak,0)))
E11: Nama Rekanan | F11: : | G11: =INDEX([3]DataKontrak_BLU!M$5:M$104,MATCH($G$1,id_kontrak,0)) -> PT. GARUDA TAWAKAL ABADI | K11: NPWP | L11: : | M11: =INDEX(supplier_npwp,MATCH($G$11,supplier,0)) -> 03.008.751.4-617.000 | S11: Jaminan Pemeliharaan
E12: Alamat Rekanan | F12: : | G12: =INDEX(supplier_alamat,MATCH($G$11,supplier,0)) -> Jl. Griyo Mapan Sentosa EA1 No.2B RT.042 RW.005 | S12: Bank/LK Penjamin | T12: :
E13: Nama Bank | F13: : | G13: =INDEX(supplier_bank,MATCH($G$11,supplier,0)) -> Bank Tabungan Negara | M13: No. Rek : | N13: =INDEX(supplier_rekening,MATCH($G$11,supplier,0)) -> 0006201880003220 | S13: No. Surat Jaminan | T13: : | X13: Berlaku | Z13: sd
E14: Cara Bayar | F14: : | G14: =INDEX([3]DataKontrak_BLU!R$5:R$104,MATCH($G$1,id_kontrak,0)) -> Termin | S14: Retensi | T14: : | U14: 0
E15: Sistem Bayar | F15: : | G15: =INDEX([3]DataKontrak_BLU!S$5:S$104,MATCH($G$1,id_kontrak,0)) -> Srkaligus | S15: Dari Nilai | T15: : | U15: Realisasi
E17: Keg/Output/Komponen/Sub/Akun | M17: S.d. Termin Ke | N17: Nilai Realisasi | Q17: PPN | T17: PPH | X17: Jumlah Neto
E18: COA | H18: Nilai
E19: =INDEX([3]DataKontrak_BLU!BM$5:BM$104,MATCH($G$1,id_kontrak,0)) -> WA.4611.EBA.962.051.A.525119.00002 | H19: =INDEX([3]DataKontrak_BLU!P$5:P$104,MATCH($G$1,id_kontrak,0)) -> 6368521200 | M19: =COUNTIF(Realisasi_BLU!$M$11:$N$25,">0") -> 0 | N19: =SUMIF(DataPembayaran_BLU!$H$2:$H$394,KarwasKontrak_BLU!$G$8,data_pembayaran_total_pembayaran) -> #VALUE! | Q19: =SUM(SUMIFS(data_pembayaran_jumlah_potongan1,data_pembayaran_no_kontrak,KarwasKontrak_BLU!$G$8,data_pembayaran_akun_potongan1,"411211"),SUMIFS(data_pembayaran_jumlah_potongan2,data_pembayaran_no_kontrak,KarwasKontrak_BLU!$G$8,data_pembayaran_akun_potongan2,"411211"),SUMIFS(data_pembayaran_jumlah_potongan3,data_pembayaran_no_kontrak,KarwasKontrak_BLU!$G$8,data_pembayaran_akun_potongan3,"411211")) -> #VALUE! | T19: {=SUM(SUMIFS(data_pembayaran_jumlah_potongan1,data_pembayaran_no_kontrak,KarwasKontrak_BLU!$G$8,data_pembayaran_akun_potongan1,{"411121";"411122";"411124"}),SUMIFS(data_pembayaran_jumlah_potongan2,data_pembayaran_no_kontrak,KarwasKontrak_BLU!$G$8,data_pembayaran_akun_potongan2,{"411121";"411122";"411124"}),SUMIFS(data_pembayaran_jumlah_potongan3,data_pembayaran_no_kontrak,KarwasKontrak_BLU!$G$8,data_pembayaran_akun_potongan3,{"411121";"411122";"411124"}))} -> #VALUE! | X19: =$N$19-SUM($Q$19:$W$20) -> #VALUE!
E21: Pagu Kontrak | H21: =H19 -> 6368521200 | N21: =N19 -> #VALUE! | Q21: =Q19 -> #VALUE! | T21: =T19 -> #VALUE! | X21: =X19 -> #VALUE!
E23: Keterangan | F23: BLU
E24: Nilai Kontrak | F24: =INDEX([3]DataKontrak_BLU!P$5:P$104,MATCH($G$1,id_kontrak,0)) -> 6368521200
E25: Nilai Realisasi | F25: =SUMIF(DataPembayaran_BLU!$H$2:$H$394,KarwasKontrak_BLU!$G$8,data_pembayaran_total_pembayaran) -> #VALUE!
E26: Sisa Kontrak | F26: =F24-F25 -> #VALUE!

Sheet Realisasi_BLU
E1: ID | G1: 004-0-PL.107/0001/PPK.BB/APTP/2026
E3: REGISTER DATA REALISASI KONTRAK
E5: Tahun Kontrak | F5: : | G5: 2026
E6: Satuan Kerja | F6: : | G6: 288745 Kantor UPBU Aji Pangeran Tumenggung Pranoto
E7: ID Kontrak | F7: : | G7: =LEFT($G$1,5) -> 004-0 | I7: No. Kontrak | J7: : | K7: =INDEX([3]DataKontrak_BLU!G$5:G$104,MATCH($G$1,id_kontrak,0)) -> PL.107/0001/PPK.BB/APTP/2026 | M7: Tgl. Kontrak | N7: : | O7: =INDEX([3]DataKontrak_BLU!H$5:H$104,MATCH($G$1,id_kontrak,0)) -> 0
E8: Addendum Ke | F8: : | G8: =IF(INDEX([3]DataKontrak_BLU!I$5:I$104,MATCH($G$1,id_kontrak,0))=0,"",INDEX([3]DataKontrak_BLU!I$5:I$104,MATCH($G$1,id_kontrak,0))) | I8: No. Addendum | J8: : | K8: =IF(INDEX([3]DataKontrak_BLU!J$5:J$104,MATCH($G$1,id_kontrak,0))=0,"",INDEX([3]DataKontrak_BLU!J$5:J$104,MATCH($G$1,id_kontrak,0))) | M8: Tgl. Addendum | N8: : | O8: =IF(INDEX([3]DataKontrak_BLU!K$5:K$104,MATCH($G$1,id_kontrak,0))=0,"",INDEX([3]DataKontrak_BLU!K$5:K$104,MATCH($G$1,id_kontrak,0)))
E10: Termin | G10: Uang Muka | H10: Prestasi Pekerjaan | I10: Angsuran UM | K10: Retensi | L10: Nilai Bruto | M10: Nilai Realisasi | O10: PPN | P10: PPH
D11: 1 | E11: I | G11: =INDEX([3]DataKontrak_BLU!$AI$5:$AI$104,MATCH(Realisasi_BLU!$G$1,id_kontrak,0)) -> 0 | H11: =INDEX([3]DataKontrak_BLU!$AJ$5:$AJ$104,MATCH(Realisasi_BLU!$G$1,id_kontrak,0)) -> 473782875 | I11: 0 | K11: 0 | L11: =SUM($G11:$K11) -> 473782875 | M11: =SUMIFS(data_pembayaran_total_pembayaran,data_pembayaran_no_kontrak,Realisasi_BLU!$K$7,data_pembayaran_termin_kontrak,Realisasi_BLU!D11) -> #VALUE! | O11: =SUM(SUMIFS(data_pembayaran_jumlah_potongan1,data_pembayaran_no_kontrak,$K$7,data_pembayaran_akun_potongan1,"411211",data_pembayaran_termin_kontrak,$D11),SUMIFS(data_pembayaran_jumlah_potongan2,data_pembayaran_no_kontrak,$K$7,data_pembayaran_akun_potongan2,"411211",data_pembayaran_termin_kontrak,$D11),SUMIFS(data_pembayaran_jumlah_potongan3,data_pembayaran_no_kontrak,$K$7,data_pembayaran_akun_potongan3,"411211",data_pembayaran_termin_kontrak,$D11)) -> #VALUE! | P11: {=SUM(SUMIFS(data_pembayaran_jumlah_potongan1,data_pembayaran_no_kontrak,$K$7,data_pembayaran_akun_potongan1,{"411121";"411122";"411124"},data_pembayaran_termin_kontrak,$D11),SUMIFS(data_pembayaran_jumlah_potongan2,data_pembayaran_no_kontrak,$K$7,data_pembayaran_akun_potongan2,{"411121";"411122";"411124"},data_pembayaran_termin_kontrak,$D11),SUMIFS(data_pembayaran_jumlah_potongan3,data_pembayaran_no_kontrak,$K$7,data_pembayaran_akun_potongan3,{"411121";"411122";"411124"},data_pembayaran_termin_kontrak,$D11))} -> #VALUE!
D12: 2 | E12: II | G12: 0 | H12: =INDEX([3]DataKontrak_BLU!$AK$5:$AK$104,MATCH(Realisasi_BLU!$G$1,id_kontrak,0)) -> 473782875 | I12: =INDEX(-[3]DataKontrak_BLU!$AY$5:$AY$104,MATCH(Realisasi_BLU!$G$1,id_kontrak,0)) -> 0 | K12: 0 | L12: =SUM($G12:$K12) -> 473782875 | M12: =SUMIFS(data_pembayaran_total_pembayaran,data_pembayaran_no_kontrak,Realisasi_BLU!$K$7,data_pembayaran_termin_kontrak,Realisasi_BLU!D12) -> #VALUE! | O12: =SUM(SUMIFS(data_pembayaran_jumlah_potongan1,data_pembayaran_no_kontrak,$K$7,data_pembayaran_akun_potongan1,"411211",data_pembayaran_termin_kontrak,$D12),SUMIFS(data_pembayaran_jumlah_potongan2,data_pembayaran_no_kontrak,$K$7,data_pembayaran_akun_potongan2,"411211",data_pembayaran_termin_kontrak,$D12),SUMIFS(data_pembayaran_jumlah_potongan3,data_pembayaran_no_kontrak,$K$7,data_pembayaran_akun_potongan3,"411211",data_pembayaran_termin_kontrak,$D12)) -> #VALUE! | P12: {=SUM(SUMIFS(data_pembayaran_jumlah_potongan1,data_pembayaran_no_kontrak,$K$7,data_pembayaran_akun_potongan1,{"411121";"411122";"411124"},data_pembayaran_termin_kontrak,$D12),SUMIFS(data_pembayaran_jumlah_potongan2,data_pembayaran_no_kontrak,$K$7,data_pembayaran_akun_potongan2,{"411121";"411122";"411124"},data_pembayaran_termin_kontrak,$D12),SUMIFS(data_pembayaran_jumlah_potongan3,data_pembayaran_no_kontrak,$K$7,data_pembayaran_akun_potongan3,{"411121";"411122";"411124"},data_pembayaran_termin_kontrak,$D12))} -> #VALUE!
D13: 3 | E13: III | G13: 0 | H13: =INDEX([3]DataKontrak_BLU!$AL$5:$AL$104,MATCH(Realisasi_BLU!$G$1,id_kontrak,0)) -> 473782875 | I13: =INDEX(-[3]DataKontrak_BLU!$AZ$5:$AZ$104,MATCH(Realisasi_BLU!$G$1,id_kontrak,0)) -> 0 | K13: 0 | L13: =SUM($G13:$K13) -> 473782875 | M13: =SUMIFS(data_pembayaran_total_pembayaran,data_pembayaran_no_kontrak,Realisasi_BLU!$K$7,data_pembayaran_termin_kontrak,Realisasi_BLU!D13) -> #VALUE! | O13: =SUM(SUMIFS(data_pembayaran_jumlah_potongan1,data_pembayaran_no_kontrak,$K$7,data_pembayaran_akun_potongan1,"411211",data_pembayaran_termin_kontrak,$D13),SUMIFS(data_pembayaran_jumlah_potongan2,data_pembayaran_no_kontrak,$K$7,data_pembayaran_akun_potongan2,"411211",data_pembayaran_termin_kontrak,$D13),SUMIFS(data_pembayaran_jumlah_potongan3,data_pembayaran_no_kontrak,$K$7,data_pembayaran_akun_potongan3,"411211",data_pembayaran_termin_kontrak,$D13)) -> #VALUE! | P13: {=SUM(SUMIFS(data_pembayaran_jumlah_potongan1,data_pembayaran_no_kontrak,$K$7,data_pembayaran_akun_potongan1,{"411121";"411122";"411124"},data_pembayaran_termin_kontrak,$D13),SUMIFS(data_pembayaran_jumlah_potongan2,data_pembayaran_no_kontrak,$K$7,data_pembayaran_akun_potongan2,{"411121";"411122";"411124"},data_pembayaran_termin_kontrak,$D13),SUMIFS(data_pembayaran_jumlah_potongan3,data_pembayaran_no_kontrak,$K$7,data_pembayaran_akun_potongan3,{"411121";"411122";"411124"},data_pembayaran_termin_kontrak,$D13))} -> #VALUE!
D14: 4 | E14: IV | G14: 0 | H14: =INDEX([3]DataKontrak_BLU!$AM$5:$AM$104,MATCH(Realisasi_BLU!$G$1,id_kontrak,0)) -> 473782875 | I14: =INDEX(-[3]DataKontrak_BLU!$BA$5:$BA$104,MATCH(Realisasi_BLU!$G$1,id_kontrak,0)) -> 0 | K14: 0 | L14: =SUM($G14:$K14) -> 473782875 | M14: =SUMIFS(data_pembayaran_total_pembayaran,data_pembayaran_no_kontrak,Realisasi_BLU!$K$7,data_pembayaran_termin_kontrak,Realisasi_BLU!D14) -> #VALUE! | O14: =SUM(SUMIFS(data_pembayaran_jumlah_potongan1,data_pembayaran_no_kontrak,$K$7,data_pembayaran_akun_potongan1,"411211",data_pembayaran_termin_kontrak,$D14),SUMIFS(data_pembayaran_jumlah_potongan2,data_pembayaran_no_kontrak,$K$7,data_pembayaran_akun_potongan2,"411211",data_pembayaran_termin_kontrak,$D14),SUMIFS(data_pembayaran_jumlah_potongan3,data_pembayaran_no_kontrak,$K$7,data_pembayaran_akun_potongan3,"411211",data_pembayaran_termin_kontrak,$D14)) -> #VALUE! | P14: {=SUM(SUMIFS(data_pembayaran_jumlah_potongan1,data_pembayaran_no_kontrak,$K$7,data_pembayaran_akun_potongan1,{"411121";"411122";"411124"},data_pembayaran_termin_kontrak,$D14),SUMIFS(data_pembayaran_jumlah_potongan2,data_pembayaran_no_kontrak,$K$7,data_pembayaran_akun_potongan2,{"411121";"411122";"411124"},data_pembayaran_termin_kontrak,$D14),SUMIFS(data_pembayaran_jumlah_potongan3,data_pembayaran_no_kontrak,$K$7,data_pembayaran_akun_potongan3,{"411121";"411122";"411124"},data_pembayaran_termin_kontrak,$D14))} -> #VALUE!
D15: 5 | E15: V | G15: 0 | H15: =INDEX([3]DataKontrak_BLU!$AN$5:$AN$104,MATCH(Realisasi_BLU!$G$1,id_kontrak,0)) -> 473782875 | I15: =INDEX(-[3]DataKontrak_BLU!$BB$5:$BB$104,MATCH(Realisasi_BLU!$G$1,id_kontrak,0)) -> 0 | K15: 0 | L15: =SUM($G15:$K15) -> 473782875 | M15: =SUMIFS(data_pembayaran_total_pembayaran,data_pembayaran_no_kontrak,Realisasi_BLU!$K$7,data_pembayaran_termin_kontrak,Realisasi_BLU!D15) -> #VALUE! | O15: =SUM(SUMIFS(data_pembayaran_jumlah_potongan1,data_pembayaran_no_kontrak,$K$7,data_pembayaran_akun_potongan1,"411211",data_pembayaran_termin_kontrak,$D15),SUMIFS(data_pembayaran_jumlah_potongan2,data_pembayaran_no_kontrak,$K$7,data_pembayaran_akun_potongan2,"411211",data_pembayaran_termin_kontrak,$D15),SUMIFS(data_pembayaran_jumlah_potongan3,data_pembayaran_no_kontrak,$K$7,data_pembayaran_akun_potongan3,"411211",data_pembayaran_termin_kontrak,$D15)) -> #VALUE! | P15: {=SUM(SUMIFS(data_pembayaran_jumlah_potongan1,data_pembayaran_no_kontrak,$K$7,data_pembayaran_akun_potongan1,{"411121";"411122";"411124"},data_pembayaran_termin_kontrak,$D15),SUMIFS(data_pembayaran_jumlah_potongan2,data_pembayaran_no_kontrak,$K$7,data_pembayaran_akun_potongan2,{"411121";"411122";"411124"},data_pembayaran_termin_kontrak,$D15),SUMIFS(data_pembayaran_jumlah_potongan3,data_pembayaran_no_kontrak,$K$7,data_pembayaran_akun_potongan3,{"411121";"411122";"411124"},data_pembayaran_termin_kontrak,$D15))} -> #VALUE!
D16: 6 | E16: VI | G16: 0 | H16: =INDEX([3]DataKontrak_BLU!$AO$5:$AO$104,MATCH(Realisasi_BLU!$G$1,id_kontrak,0)) -> 473782875 | I16: =INDEX(-[3]DataKontrak_BLU!$BC$5:$BC$104,MATCH(Realisasi_BLU!$G$1,id_kontrak,0)) -> 0 | K16: 0 | L16: =SUM($G16:$K16) -> 473782875 | M16: =SUMIFS(data_pembayaran_total_pembayaran,data_pembayaran_no_kontrak,Realisasi_BLU!$K$7,data_pembayaran_termin_kontrak,Realisasi_BLU!D16) -> #VALUE! | O16: =SUM(SUMIFS(data_pembayaran_jumlah_potongan1,data_pembayaran_no_kontrak,$K$7,data_pembayaran_akun_potongan1,"411211",data_pembayaran_termin_kontrak,$D16),SUMIFS(data_pembayaran_jumlah_potongan2,data_pembayaran_no_kontrak,$K$7,data_pembayaran_akun_potongan2,"411211",data_pembayaran_termin_kontrak,$D16),SUMIFS(data_pembayaran_jumlah_potongan3,data_pembayaran_no_kontrak,$K$7,data_pembayaran_akun_potongan3,"411211",data_pembayaran_termin_kontrak,$D16)) -> #VALUE! | P16: {=SUM(SUMIFS(data_pembayaran_jumlah_potongan1,data_pembayaran_no_kontrak,$K$7,data_pembayaran_akun_potongan1,{"411121";"411122";"411124"},data_pembayaran_termin_kontrak,$D16),SUMIFS(data_pembayaran_jumlah_potongan2,data_pembayaran_no_kontrak,$K$7,data_pembayaran_akun_potongan2,{"411121";"411122";"411124"},data_pembayaran_termin_kontrak,$D16),SUMIFS(data_pembayaran_jumlah_potongan3,data_pembayaran_no_kontrak,$K$7,data_pembayaran_akun_potongan3,{"411121";"411122";"411124"},data_pembayaran_termin_kontrak,$D16))} -> #VALUE!
D17: 7 | E17: VII | G17: 0 | H17: =INDEX([3]DataKontrak_BLU!$AP$5:$AP$104,MATCH(Realisasi_BLU!$G$1,id_kontrak,0)) -> 473782875 | I17: =INDEX(-[3]DataKontrak_BLU!$BD$5:$BD$104,MATCH(Realisasi_BLU!$G$1,id_kontrak,0)) -> 0 | K17: 0 | L17: =SUM($G17:$K17) -> 473782875 | M17: =SUMIFS(data_pembayaran_total_pembayaran,data_pembayaran_no_kontrak,Realisasi_BLU!$K$7,data_pembayaran_termin_kontrak,Realisasi_BLU!D17) -> #VALUE! | O17: =SUM(SUMIFS(data_pembayaran_jumlah_potongan1,data_pembayaran_no_kontrak,$K$7,data_pembayaran_akun_potongan1,"411211",data_pembayaran_termin_kontrak,$D17),SUMIFS(data_pembayaran_jumlah_potongan2,data_pembayaran_no_kontrak,$K$7,data_pembayaran_akun_potongan2,"411211",data_pembayaran_termin_kontrak,$D17),SUMIFS(data_pembayaran_jumlah_potongan3,data_pembayaran_no_kontrak,$K$7,data_pembayaran_akun_potongan3,"411211",data_pembayaran_termin_kontrak,$D17)) -> #VALUE! | P17: {=SUM(SUMIFS(data_pembayaran_jumlah_potongan1,data_pembayaran_no_kontrak,$K$7,data_pembayaran_akun_potongan1,{"411121";"411122";"411124"},data_pembayaran_termin_kontrak,$D17),SUMIFS(data_pembayaran_jumlah_potongan2,data_pembayaran_no_kontrak,$K$7,data_pembayaran_akun_potongan2,{"411121";"411122";"411124"},data_pembayaran_termin_kontrak,$D17),SUMIFS(data_pembayaran_jumlah_potongan3,data_pembayaran_no_kontrak,$K$7,data_pembayaran_akun_potongan3,{"411121";"411122";"411124"},data_pembayaran_termin_kontrak,$D17))} -> #VALUE!
D18: 8 | E18: VIII | G18: 0 | H18: =INDEX([3]DataKontrak_BLU!$AQ$5:$AQ$104,MATCH(Realisasi_BLU!$G$1,id_kontrak,0)) -> 473782875 | I18: =INDEX(-[3]DataKontrak_BLU!$BE$5:$BE$104,MATCH(Realisasi_BLU!$G$1,id_kontrak,0)) -> 0 | K18: 0 | L18: =SUM($G18:$K18) -> 473782875 | M18: =SUMIFS(data_pembayaran_total_pembayaran,data_pembayaran_no_kontrak,Realisasi_BLU!$K$7,data_pembayaran_termin_kontrak,Realisasi_BLU!D18) -> #VALUE! | O18: =SUM(SUMIFS(data_pembayaran_jumlah_potongan1,data_pembayaran_no_kontrak,$K$7,data_pembayaran_akun_potongan1,"411211",data_pembayaran_termin_kontrak,$D18),SUMIFS(data_pembayaran_jumlah_potongan2,data_pembayaran_no_kontrak,$K$7,data_pembayaran_akun_potongan2,"411211",data_pembayaran_termin_kontrak,$D18),SUMIFS(data_pembayaran_jumlah_potongan3,data_pembayaran_no_kontrak,$K$7,data_pembayaran_akun_potongan3,"411211",data_pembayaran_termin_kontrak,$D18)) -> #VALUE! | P18: {=SUM(SUMIFS(data_pembayaran_jumlah_potongan1,data_pembayaran_no_kontrak,$K$7,data_pembayaran_akun_potongan1,{"411121";"411122";"411124"},data_pembayaran_termin_kontrak,$D18),SUMIFS(data_pembayaran_jumlah_potongan2,data_pembayaran_no_kontrak,$K$7,data_pembayaran_akun_potongan2,{"411121";"411122";"411124"},data_pembayaran_termin_kontrak,$D18),SUMIFS(data_pembayaran_jumlah_potongan3,data_pembayaran_no_kontrak,$K$7,data_pembayaran_akun_potongan3,{"411121";"411122";"411124"},data_pembayaran_termin_kontrak,$D18))} -> #VALUE!
D19: 9 | E19: IX | G19: 0 | H19: =INDEX([3]DataKontrak_BLU!$AR$5:$AR$104,MATCH(Realisasi_BLU!$G$1,id_kontrak,0)) -> 473782875 | I19: =INDEX(-[3]DataKontrak_BLU!$BF$5:$BF$104,MATCH(Realisasi_BLU!$G$1,id_kontrak,0)) -> 0 | K19: 0 | L19: =SUM($G19:$K19) -> 473782875 | M19: =SUMIFS(data_pembayaran_total_pembayaran,data_pembayaran_no_kontrak,Realisasi_BLU!$K$7,data_pembayaran_termin_kontrak,Realisasi_BLU!D19) -> #VALUE! | O19: =SUM(SUMIFS(data_pembayaran_jumlah_potongan1,data_pembayaran_no_kontrak,$K$7,data_pembayaran_akun_potongan1,"411211",data_pembayaran_termin_kontrak,$D19),SUMIFS(data_pembayaran_jumlah_potongan2,data_pembayaran_no_kontrak,$K$7,data_pembayaran_akun_potongan2,"411211",data_pembayaran_termin_kontrak,$D19),SUMIFS(data_pembayaran_jumlah_potongan3,data_pembayaran_no_kontrak,$K$7,data_pembayaran_akun_potongan3,"411211",data_pembayaran_termin_kontrak,$D19)) -> #VALUE! | P19: {=SUM(SUMIFS(data_pembayaran_jumlah_potongan1,data_pembayaran_no_kontrak,$K$7,data_pembayaran_akun_potongan1,{"411121";"411122";"411124"},data_pembayaran_termin_kontrak,$D19),SUMIFS(data_pembayaran_jumlah_potongan2,data_pembayaran_no_kontrak,$K$7,data_pembayaran_akun_potongan2,{"411121";"411122";"411124"},data_pembayaran_termin_kontrak,$D19),SUMIFS(data_pembayaran_jumlah_potongan3,data_pembayaran_no_kontrak,$K$7,data_pembayaran_akun_potongan3,{"411121";"411122";"411124"},data_pembayaran_termin_kontrak,$D19))} -> #VALUE!
D20: 10 | E20: X | G20: 0 | H20: =INDEX([3]DataKontrak_BLU!$AS$5:$AS$104,MATCH(Realisasi_BLU!$G$1,id_kontrak,0)) -> 473782875 | I20: =INDEX(-[3]DataKontrak_BLU!$BG$5:$BG$104,MATCH(Realisasi_BLU!$G$1,id_kontrak,0)) -> 0 | K20: 0 | L20: =SUM($G20:$K20) -> 473782875 | M20: =SUMIFS(data_pembayaran_total_pembayaran,data_pembayaran_no_kontrak,Realisasi_BLU!$K$7,data_pembayaran_termin_kontrak,Realisasi_BLU!D20) -> #VALUE! | O20: =SUM(SUMIFS(data_pembayaran_jumlah_potongan1,data_pembayaran_no_kontrak,$K$7,data_pembayaran_akun_potongan1,"411211",data_pembayaran_termin_kontrak,$D20),SUMIFS(data_pembayaran_jumlah_potongan2,data_pembayaran_no_kontrak,$K$7,data_pembayaran_akun_potongan2,"411211",data_pembayaran_termin_kontrak,$D20),SUMIFS(data_pembayaran_jumlah_potongan3,data_pembayaran_no_kontrak,$K$7,data_pembayaran_akun_potongan3,"411211",data_pembayaran_termin_kontrak,$D20)) -> #VALUE! | P20: {=SUM(SUMIFS(data_pembayaran_jumlah_potongan1,data_pembayaran_no_kontrak,$K$7,data_pembayaran_akun_potongan1,{"411121";"411122";"411124"},data_pembayaran_termin_kontrak,$D20),SUMIFS(data_pembayaran_jumlah_potongan2,data_pembayaran_no_kontrak,$K$7,data_pembayaran_akun_potongan2,{"411121";"411122";"411124"},data_pembayaran_termin_kontrak,$D20),SUMIFS(data_pembayaran_jumlah_potongan3,data_pembayaran_no_kontrak,$K$7,data_pembayaran_akun_potongan3,{"411121";"411122";"411124"},data_pembayaran_termin_kontrak,$D20))} -> #VALUE!
D21: 11 | E21: XI | G21: 0 | H21: =INDEX([3]DataKontrak_BLU!$AT$5:$AT$104,MATCH(Realisasi_BLU!$G$1,id_kontrak,0)) -> 473782875 | I21: =INDEX(-[3]DataKontrak_BLU!$BH$5:$BH$104,MATCH(Realisasi_BLU!$G$1,id_kontrak,0)) -> 0 | K21: 0 | L21: =SUM($G21:$K21) -> 473782875 | M21: =SUMIFS(data_pembayaran_total_pembayaran,data_pembayaran_no_kontrak,Realisasi_BLU!$K$7,data_pembayaran_termin_kontrak,Realisasi_BLU!D21) -> #VALUE! | O21: =SUM(SUMIFS(data_pembayaran_jumlah_potongan1,data_pembayaran_no_kontrak,$K$7,data_pembayaran_akun_potongan1,"411211",data_pembayaran_termin_kontrak,$D21),SUMIFS(data_pembayaran_jumlah_potongan2,data_pembayaran_no_kontrak,$K$7,data_pembayaran_akun_potongan2,"411211",data_pembayaran_termin_kontrak,$D21),SUMIFS(data_pembayaran_jumlah_potongan3,data_pembayaran_no_kontrak,$K$7,data_pembayaran_akun_potongan3,"411211",data_pembayaran_termin_kontrak,$D21)) -> #VALUE! | P21: {=SUM(SUMIFS(data_pembayaran_jumlah_potongan1,data_pembayaran_no_kontrak,$K$7,data_pembayaran_akun_potongan1,{"411121";"411122";"411124"},data_pembayaran_termin_kontrak,$D21),SUMIFS(data_pembayaran_jumlah_potongan2,data_pembayaran_no_kontrak,$K$7,data_pembayaran_akun_potongan2,{"411121";"411122";"411124"},data_pembayaran_termin_kontrak,$D21),SUMIFS(data_pembayaran_jumlah_potongan3,data_pembayaran_no_kontrak,$K$7,data_pembayaran_akun_potongan3,{"411121";"411122";"411124"},data_pembayaran_termin_kontrak,$D21))} -> #VALUE!
D22: 12 | E22: XII | G22: 0 | H22: =INDEX([3]DataKontrak_BLU!$AU$5:$AU$104,MATCH(Realisasi_BLU!$G$1,id_kontrak,0)) -> 473782875 | I22: =INDEX(-[3]DataKontrak_BLU!$BI$5:$BI$104,MATCH(Realisasi_BLU!$G$1,id_kontrak,0)) -> 0 | K22: 0 | L22: =SUM($G22:$K22) -> 473782875 | M22: =SUMIFS(data_pembayaran_total_pembayaran,data_pembayaran_no_kontrak,Realisasi_BLU!$K$7,data_pembayaran_termin_kontrak,Realisasi_BLU!D22) -> #VALUE! | O22: =SUM(SUMIFS(data_pembayaran_jumlah_potongan1,data_pembayaran_no_kontrak,$K$7,data_pembayaran_akun_potongan1,"411211",data_pembayaran_termin_kontrak,$D22),SUMIFS(data_pembayaran_jumlah_potongan2,data_pembayaran_no_kontrak,$K$7,data_pembayaran_akun_potongan2,"411211",data_pembayaran_termin_kontrak,$D22),SUMIFS(data_pembayaran_jumlah_potongan3,data_pembayaran_no_kontrak,$K$7,data_pembayaran_akun_potongan3,"411211",data_pembayaran_termin_kontrak,$D22)) -> #VALUE! | P22: {=SUM(SUMIFS(data_pembayaran_jumlah_potongan1,data_pembayaran_no_kontrak,$K$7,data_pembayaran_akun_potongan1,{"411121";"411122";"411124"},data_pembayaran_termin_kontrak,$D22),SUMIFS(data_pembayaran_jumlah_potongan2,data_pembayaran_no_kontrak,$K$7,data_pembayaran_akun_potongan2,{"411121";"411122";"411124"},data_pembayaran_termin_kontrak,$D22),SUMIFS(data_pembayaran_jumlah_potongan3,data_pembayaran_no_kontrak,$K$7,data_pembayaran_akun_potongan3,{"411121";"411122";"411124"},data_pembayaran_termin_kontrak,$D22))} -> #VALUE!
D23: 13 | E23: XIII | G23: 0 | H23: =INDEX([3]DataKontrak_BLU!$AV$5:$AV$104,MATCH(Realisasi_BLU!$G$1,id_kontrak,0)) -> 0 | I23: =INDEX(-[3]DataKontrak_BLU!$BJ$5:$BJ$104,MATCH(Realisasi_BLU!$G$1,id_kontrak,0)) -> 0 | K23: 0 | L23: =SUM($G23:$K23) -> 0 | M23: =SUMIFS(data_pembayaran_total_pembayaran,data_pembayaran_no_kontrak,Realisasi_BLU!$K$7,data_pembayaran_termin_kontrak,Realisasi_BLU!D23) -> #VALUE! | O23: =SUM(SUMIFS(data_pembayaran_jumlah_potongan1,data_pembayaran_no_kontrak,$K$7,data_pembayaran_akun_potongan1,"411211",data_pembayaran_termin_kontrak,$D23),SUMIFS(data_pembayaran_jumlah_potongan2,data_pembayaran_no_kontrak,$K$7,data_pembayaran_akun_potongan2,"411211",data_pembayaran_termin_kontrak,$D23),SUMIFS(data_pembayaran_jumlah_potongan3,data_pembayaran_no_kontrak,$K$7,data_pembayaran_akun_potongan3,"411211",data_pembayaran_termin_kontrak,$D23)) -> #VALUE! | P23: {=SUM(SUMIFS(data_pembayaran_jumlah_potongan1,data_pembayaran_no_kontrak,$K$7,data_pembayaran_akun_potongan1,{"411121";"411122";"411124"},data_pembayaran_termin_kontrak,$D23),SUMIFS(data_pembayaran_jumlah_potongan2,data_pembayaran_no_kontrak,$K$7,data_pembayaran_akun_potongan2,{"411121";"411122";"411124"},data_pembayaran_termin_kontrak,$D23),SUMIFS(data_pembayaran_jumlah_potongan3,data_pembayaran_no_kontrak,$K$7,data_pembayaran_akun_potongan3,{"411121";"411122";"411124"},data_pembayaran_termin_kontrak,$D23))} -> #VALUE!
D24: 14 | E24: XIV | G24: 0 | H24: =INDEX([3]DataKontrak_BLU!$AW$5:$AW$104,MATCH(Realisasi_BLU!$G$1,id_kontrak,0)) -> 0 | I24: =INDEX(-[3]DataKontrak_BLU!$BK$5:$BK$104,MATCH(Realisasi_BLU!$G$1,id_kontrak,0)) -> 0 | K24: 0 | L24: =SUM($G24:$K24) -> 0 | M24: =SUMIFS(data_pembayaran_total_pembayaran,data_pembayaran_no_kontrak,Realisasi_BLU!$K$7,data_pembayaran_termin_kontrak,Realisasi_BLU!D24) -> #VALUE! | O24: =SUM(SUMIFS(data_pembayaran_jumlah_potongan1,data_pembayaran_no_kontrak,$K$7,data_pembayaran_akun_potongan1,"411211",data_pembayaran_termin_kontrak,$D24),SUMIFS(data_pembayaran_jumlah_potongan2,data_pembayaran_no_kontrak,$K$7,data_pembayaran_akun_potongan2,"411211",data_pembayaran_termin_kontrak,$D24),SUMIFS(data_pembayaran_jumlah_potongan3,data_pembayaran_no_kontrak,$K$7,data_pembayaran_akun_potongan3,"411211",data_pembayaran_termin_kontrak,$D24)) -> #VALUE! | P24: {=SUM(SUMIFS(data_pembayaran_jumlah_potongan1,data_pembayaran_no_kontrak,$K$7,data_pembayaran_akun_potongan1,{"411121";"411122";"411124"},data_pembayaran_termin_kontrak,$D24),SUMIFS(data_pembayaran_jumlah_potongan2,data_pembayaran_no_kontrak,$K$7,data_pembayaran_akun_potongan2,{"411121";"411122";"411124"},data_pembayaran_termin_kontrak,$D24),SUMIFS(data_pembayaran_jumlah_potongan3,data_pembayaran_no_kontrak,$K$7,data_pembayaran_akun_potongan3,{"411121";"411122";"411124"},data_pembayaran_termin_kontrak,$D24))} -> #VALUE!
D25: 15 | E25: XV | G25: 0 | H25: =INDEX([3]DataKontrak_BLU!$AX$5:$AX$104,MATCH(Realisasi_BLU!$G$1,id_kontrak,0)) -> 0 | I25: =INDEX(-[3]DataKontrak_BLU!$BL$5:$BL$104,MATCH(Realisasi_BLU!$G$1,id_kontrak,0)) -> 0 | K25: 0 | L25: =SUM($G25:$K25) -> 0 | M25: =SUMIFS(data_pembayaran_total_pembayaran,data_pembayaran_no_kontrak,Realisasi_BLU!$K$7,data_pembayaran_termin_kontrak,Realisasi_BLU!D25) -> #VALUE! | O25: =SUM(SUMIFS(data_pembayaran_jumlah_potongan1,data_pembayaran_no_kontrak,$K$7,data_pembayaran_akun_potongan1,"411211",data_pembayaran_termin_kontrak,$D25),SUMIFS(data_pembayaran_jumlah_potongan2,data_pembayaran_no_kontrak,$K$7,data_pembayaran_akun_potongan2,"411211",data_pembayaran_termin_kontrak,$D25),SUMIFS(data_pembayaran_jumlah_potongan3,data_pembayaran_no_kontrak,$K$7,data_pembayaran_akun_potongan3,"411211",data_pembayaran_termin_kontrak,$D25)) -> #VALUE! | P25: {=SUM(SUMIFS(data_pembayaran_jumlah_potongan1,data_pembayaran_no_kontrak,$K$7,data_pembayaran_akun_potongan1,{"411121";"411122";"411124"},data_pembayaran_termin_kontrak,$D25),SUMIFS(data_pembayaran_jumlah_potongan2,data_pembayaran_no_kontrak,$K$7,data_pembayaran_akun_potongan2,{"411121";"411122";"411124"},data_pembayaran_termin_kontrak,$D25),SUMIFS(data_pembayaran_jumlah_potongan3,data_pembayaran_no_kontrak,$K$7,data_pembayaran_akun_potongan3,{"411121";"411122";"411124"},data_pembayaran_termin_kontrak,$D25))} -> #VALUE!
E26: TOTAL | G26: =SUBTOTAL(9,G$11:G$25) -> 0 | H26: =SUBTOTAL(9,H$11:H$25) -> 5685394500 | I26: =SUBTOTAL(9,I$11:I$25) -> 0 | K26: =SUBTOTAL(9,K$11:K$25) -> 0 | L26: =SUBTOTAL(9,L$11:L$25) -> 5685394500 | M26: =SUBTOTAL(9,M$11:M$25) -> #VALUE! | N26: =SUBTOTAL(9,N$11:N$25) -> 0 | O26: =SUBTOTAL(9,O$11:O$25) -> #VALUE! | P26: =SUBTOTAL(9,P$11:P$25) -> #VALUE!

Sheet ResumeKontrak_BLU
E1: ID | F1: 003-0-PL.107/0002/PPK.BB/APTP/2026
E2: RINGKASAN KONTRAK
E4: Untuk kegiatan dengan sumber dana Badan Layanan Umum
E7: 1. | F7: Nomor dan Tanggal DIPA | G7: : | H7: DIPA-022.05.2.288745/2025 02-12-2024
E8: 2. | F8: MAK | G8: : | H8: =INDEX([3]DataKontrak_BLU!BM$5:BM$304,MATCH(ResumeKontrak_BLU!$F$1,id_kontrak,0)) -> WA.4611.EBA.962.051.A.525119.00002
E9: 3. | F9: Nomor dan Tanggal SPK/Kontrak | G9: : | H9: =CONCATENATE(INDEX([3]DataKontrak_BLU!G$5:G$304,MATCH(ResumeKontrak_BLU!$F$1,id_kontrak,0))," ",TEXT(INDEX([3]DataKontrak_BLU!H$5:H$304,MATCH(ResumeKontrak_BLU!$F$1,id_kontrak,0)),"dd-mm-yyyy")) -> PL.107/0002/PPK.BB/APTP/2026 00-01-1900
E10: 4. | F10: Nama Perusahaan | G10: : | H10: =INDEX([3]DataKontrak_BLU!M$5:M$304,MATCH(ResumeKontrak_BLU!$F$1,id_kontrak,0)) -> PT. GARUDA TAWAKAL ABADI
E11: 5. | F11: Alamat Perusahaan | G11: : | H11: =INDEX(Supplier!$D$2:$D$88,MATCH(ResumeKontrak_BLU!$H$10,Supplier!$B$2:$B$88,0)) -> Jl. Griyo Mapan Sentosa EA1 No.2B RT.042 RW.005
E14: 6. | F14: Nilai Kontrak | G14: : | H14: =INDEX([3]DataKontrak_BLU!P$5:P$304,MATCH(ResumeKontrak_BLU!$F$1,id_kontrak,0)) -> 6368521200
E15: 7. | F15: Uraian dan Volume Pekerjaan | G15: : | H15: =INDEX([3]DataKontrak_BLU!L$5:L$304,MATCH(ResumeKontrak_BLU!$F$1,id_kontrak,0)) -> PENGADAAN JASA OUTSOURCHING PENGAMANAN BANDARA (PERSONIL AVSEC) 1 PAKET
E19: 8. | F19: Cara Pembayaran | G19: : | H19: =INDEX([3]DataKontrak_BLU!R$5:R$304,MATCH(ResumeKontrak_BLU!$F$1,id_kontrak,0)) -> Termin
E20: 9. | F20: Jangka Waktu Pelaksanaan | G20: : | H20: =CONCATENATE(INDEX([3]DataKontrak_BLU!T$5:T$304,MATCH(ResumeKontrak_BLU!$F$1,id_kontrak,0))," Hari") -> 365 Hari
E21: 10. | F21: Tanggal Penyelesaian Pekerjaan | G21: : | H21: =TEXT(INDEX([3]DataKontrak_BLU!V$5:V$304,MATCH(ResumeKontrak_BLU!$F$1,id_kontrak,0)),"dd mmmm yyyy") -> 31 December 2026
E22: 11. | F22: Jangka Waktu Pemeliharaan | G22: : | H22: =CONCATENATE(INDEX([3]DataKontrak_BLU!W$5:W$304,MATCH(ResumeKontrak_BLU!$F$1,id_kontrak,0))," Hari") -> Hari
E23: 12. | F23: Ketentuan Sanksi | G23: : | H23: =IF(INDEX([3]DataKontrak_BLU!Z$5:Z$304,MATCH(ResumeKontrak_BLU!$F$1,id_kontrak,0))=0,"-",INDEX([3]DataKontrak_BLU!Z$5:Z$104,MATCH(ResumeKontrak_BLU!$F$1,id_kontrak,0))) -> -
E27: Catatan : | J27: ="Samarinda, "&TEXT(NOW(),"dd-mm-yyyy") -> Samarinda, 01-04-2026
E28: Apabila terjadi addendum kontrak, data kontrak agar disesuaikan dengan perubahannya | J28: a.n. Kuasa Pengguna Anggaran
J29: Pejabat Pembuat Komitmen
J34: =INDEX([3]DataKontrak_BLU!BN$5:BN$304,MATCH(ResumeKontrak_BLU!$F$1,id_kontrak,0)) -> Gunawan
J35: ="NIP "&DataPejabat!C3 -> NIP 198411052007121001

Sheet DataPembayaran_BLU
A1: No | B1: Tanggal_SPM | C1: Nomor_SPM | D1: Jenis_Tagihan | E1: Cara_Bayar | F1: Supplier | G1: Uraian | H1: Kontrak | I1: Tanggal_Kontrak | J1: Termin | K1: COA | L1: Jumlah_Pembayaran | M1: Akun_Potongan1 | N1: Jumlah_Potongan1 | O1: Akun_Potongan2 | P1: Jumlah_Potongan2 | Q1: Akun_Potongan3 | R1: Jumlah_Potongan3 | S1: Nomor_BAST | T1: Tanggal_BAST | U1: Jenis_Belanja | V1: PPK | W1: Status SP3B
A2: 1 | B2: 46051 | C2: SPM-BLU/APTP-2026/0001 | D2: NON REMUNERASI | E2: SP2D BLU - TRF | F2: CV. GARUDA KARYA BERSAMA | G2: Pembayaran Belanja Barang Pekerjaan Pemotongan Rumput Sisi Udara Tahap I : 1 (Satu) Paket | H2: PL.107/0007/PPK.BB/APTP/2026 | I2: 46027 | K2: =Pagu_BLU!I17 -> GA.4647.CDE.001.051.A.525114.00002 | L2: 196697855 | M2: 411211 | N2: 19492580 | O2: 411124 | P2: 3544106 | S2: PL.108/0024/PPK.BB/APTP/2026 | T2: 46047 | U2: =IF(ISBLANK(K2),"",IF(MID(K2,23,2)="52","Belanja Barang","Belanja Modal")) -> Belanja Barang | V2: GUNAWAN
A3: 2 | B3: 46051 | C3: SPM-BLU/APTP-2026/0002 | D3: NON REMUNERASI | E3: SP2D BLU - TRF | F3: CV. GUNA AKHLAK SUKSES | G3: Pembayaran Belanja Barang Pengadaan Obat Air | H3: PL.107/0011/PPK.BB/APTP/2026 | I3: 46027 | K3: =Pagu_BLU!I38 -> GA.4647.CDE.001.054.B.525114.00002 | L3: 194986485 | M3: 411211 | N3: 19322985 | O3: 411124 | P3: 3513270 | S3: PL.108/0017/PPK.BB/APTP/2026 | T3: 46034 | U3: =IF(ISBLANK(K3),"",IF(MID(K3,23,2)="52","Belanja Barang","Belanja Modal")) -> Belanja Barang | V3: GUNAWAN
A4: 3 | B4: 46051 | C4: SPM-BLU/APTP-2026/0003 | D4: NON REMUNERASI | E4: SP2D BLU - TRF | F4: PT. ANGKASA JAYA SERVIS | G4: Pembayaran Belanja Barang Pemeliharaan Fasilitas Sisi udara | K4: =Pagu_BLU!I21 -> GA.4647.CDE.001.051.A.525114.00006 | L4: 35964000 | M4: 411211 | N4: 3564000 | O4: 411124 | P4: 648000 | S4: PL.108/0027/PPK.BB/APTP/2026 | T4: 46028 | U4: =IF(ISBLANK(K4),"",IF(MID(K4,23,2)="52","Belanja Barang","Belanja Modal")) -> Belanja Barang | V4: GUNAWAN
A5: 4 | B5: 46051 | C5: SPM-BLU/APTP-2026/0004 | D5: NON REMUNERASI | E5: SP2D BLU - TRF | F5: CV. GUNA AKHLAK SUKSES | G5: Pembayaran Belanja Barang Pemeliharaan Sistem Tata Udara | K5: =Pagu_BLU!I40 -> GA.4647.CDE.001.054.B.525114.00004 | L5: 26640000 | M5: 411211 | N5: 2640000 | O5: 411124 | P5: 480000 | S5: PL.108/0033/PPK.BB/APTP/2026 | T5: 46028 | U5: =IF(ISBLANK(K5),"",IF(MID(K5,23,2)="52","Belanja Barang","Belanja Modal")) -> Belanja Barang | V5: GUNAWAN
A6: 5 | B6: 46051 | C6: SPM-BLU/APTP-2026/0005 | D6: NON REMUNERASI | E6: SP2D BLU - TRF | F6: CV. GUNA AKHLAK SUKSES | G6: Pembayaran Belanja Barang Pemeliharaan Sistem Air Bersih | K6: =Pagu_BLU!I38 -> GA.4647.CDE.001.054.B.525114.00002 | L6: 10989000 | M6: 411211 | N6: 1089000 | O6: 411124 | P6: 198000 | S6: PL.108/0036/PPK.BB/APTP/2026 | T6: 46043 | U6: =IF(ISBLANK(K6),"",IF(MID(K6,23,2)="52","Belanja Barang","Belanja Modal")) -> Belanja Barang | V6: GUNAWAN
A7: 6 | B7: 46051 | C7: SPM-BLU/APTP-2026/0006 | D7: NON REMUNERASI | E7: SP2D BLU - TRF | F7: PT. ANGKASA JAYA SERVIS | G7: Pembayaran Belanja Barang Pengelolaan Sistem Limbah | K7: =Pagu_BLU!I39 -> GA.4647.CDE.001.054.B.525114.00003 | L7: 21867000 | M7: 411211 | N7: 2167000 | O7: 411124 | P7: 394000 | S7: PL.108/0030/PPK.BB/APTP/2026 | T7: 46045 | U7: =IF(ISBLANK(K7),"",IF(MID(K7,23,2)="52","Belanja Barang","Belanja Modal")) -> Belanja Barang | V7: GUNAWAN
A8: 7 | B8: 46051 | C8: SPM-BLU/APTP-2026/0007 | D8: NON REMUNERASI | E8: SP2D BLU - TRF | F8: CV. GUNA AKHLAK SUKSES | G8: Pembayaran Belanja Barang Perbaikan Sofa Disabilitas | K8: =Pagu_BLU!I70 -> WA.4611.EBA.962.052.E.525112.00005 | L8: 35520000 | M8: 411211 | N8: 3520000 | O8: 411124 | P8: 640000 | S8: PL.108/0039/PPK.BB/APTP/2026 | T8: 46043 | U8: =IF(ISBLANK(K8),"",IF(MID(K8,23,2)="52","Belanja Barang","Belanja Modal")) -> Belanja Barang | V8: GUNAWAN
A9: 8 | B9: 46051 | C9: SPM-BLU/APTP-2026/0008 | D9: NON REMUNERASI | E9: SP2D BLU - TRF | F9: PT. ANGKASA JAYA SERVIS | G9: Pembayaran Belanja Barang Perbaikan Conveyor Checkin | K9: =Pagu_BLU!I41 -> GA.4647.CDE.001.054.B.525114.00005 | L9: 4440000 | M9: 411211 | N9: 440000 | O9: 411124 | P9: 80000 | S9: PL.108/0042/PPK.BB/APTP/2026 | T9: 46049 | U9: =IF(ISBLANK(K9),"",IF(MID(K9,23,2)="52","Belanja Barang","Belanja Modal")) -> Belanja Barang | V9: GUNAWAN
A10: 9 | B10: 46051 | C10: SPM-BLU/APTP-2026/0009 | D10: NON REMUNERASI | E10: SP2D BLU - TRF | F10: POLITEKNIK PENERBANGAN PALEMBANG | G10: Pembayaran Belanja Pelatihan Basic PK Angkatan XLVI | K10: =Pagu_BLU!I108 -> WA.4613.EBA.960.053.A.525112.00005 | L10: 25000000 | S10: INV.004/D/I/2028 | T10: 46052 | U10: =IF(ISBLANK(K10),"",IF(MID(K10,23,2)="52","Belanja Barang","Belanja Modal")) -> Belanja Barang | V10: GUNAWAN
A11: 10 | B11: 46057 | C11: SPM-BLU/APTP-2026/0010 | D11: NON REMUNERASI | E11: SP2D BLU - TRF | F11: PT. INTERCIPTA JASA INDONESIA | G11: Pembayaran Belanja Barang Pengadaan Jasa Kebersihan Terminal dan Pemeliharaan Landscape Bandar udara Paket 1 Periode 01-31 Januari 2026 | H11: PL.107/0001/PPK.BB/APTP/2026 | I11: 46023 | K11: =Pagu_BLU!I51 -> WA.4611.EBA.962.051.A.525119.00001 | L11: 477943459 | M11: 411211 | N11: 47363766 | O11: 411124 | P11: 8611594 | S11: PL.108/0055/PPK.BB/APTP/2026 | T11: 46055 | U11: =IF(ISBLANK(K11),"",IF(MID(K11,23,2)="52","Belanja Barang","Belanja Modal")) -> Belanja Barang | V11: GUNAWAN
A12: 11 | B12: 46057 | C12: SPM-BLU/APTP-2026/0011 | D12: NON REMUNERASI | E12: SP2D BLU - TRF | F12: PT. GARUDA TAWAKAL ABADI | G12: Pembayaran Belanja Barang Pengadaan Jasa Outsourcing Pengamanan Bandar Udara (Personil Avsec) 1 Paket Periode Januari | H12: PL.107/0019/PPK.BB/APTP/2026 | I12: 46023 | K12: =Pagu_BLU!I52 -> WA.4611.EBA.962.051.A.525119.00002 | L12: 538468056 | M12: 411211 | N12: 53361699 | O12: 411124 | P12: 9702127 | S12: PL.108/0051/PPK.BB/APTP/2026 | T12: 46055 | U12: =IF(ISBLANK(K12),"",IF(MID(K12,23,2)="52","Belanja Barang","Belanja Modal")) -> Belanja Barang | V12: GUNAWAN
A13: 12 | B13: 46057 | C13: SPM-BLU/APTP-2026/0012 | D13: NON REMUNERASI | E13: SP2D BLU - TRF | F13: PT. ANGKASA JAYA SERVIS | G13: Pembayaran Belanja Barang Jasa Pengangkutan Sampah Periode Januari | K13: =Pagu_BLU!I69 -> WA.4611.EBA.962.052.E.525112.00004 | L13: 16000000 | M13: 411211 | N13: 1585586 | O13: 411124 | P13: 288288 | S13: PL.108/0046/PPK.BB/APTP/2026 | T13: 46055 | U13: =IF(ISBLANK(K13),"",IF(MID(K13,23,2)="52","Belanja Barang","Belanja Modal")) -> Belanja Barang | V13: GUNAWAN
A14: 13 | B14: 46057 | C14: SPM-BLU/APTP-2026/0013 | D14: NON REMUNERASI | E14: SP2D BLU - TRF | F14: CV. GUNA AKHLAK SUKSES | G14: Pembayaran Belanja Barang Pemeliharaan Ducting Return dan AHU Return | K14: =Pagu_BLU!I40 -> GA.4647.CDE.001.054.B.525114.00004 | L14: 38037000 | M14: 411211 | N14: 3773000 | O14: 411124 | P14: 686000 | S14: PL.108/0049/PPK.BB/APTP/2026 | T14: 46055 | U14: =IF(ISBLANK(K14),"",IF(MID(K14,23,2)="52","Belanja Barang","Belanja Modal")) -> Belanja Barang | V14: GUNAWAN
A15: 14 | B15: 46057 | C15: SPM-BLU/APTP-2026/0014 | D15: NON REMUNERASI | E15: SP2D BLU - TRF | F15: PT. ANGKASA JAYA SERVIS | G15: Pembayaran Belanja Barang Suku Cadang Listrik Bandara | K15: =Pagu_BLU!I33 -> GA.4647.CDE.001.054.A.525112.00002 | L15: 44300100 | M15: 411211 | N15: 4390100 | O15: 411122 | P15: 598650 | S15: PL.108/0065/PPK.BB/APTP/2026 | T15: 46056 | U15: =IF(ISBLANK(K15),"",IF(MID(K15,23,2)="52","Belanja Barang","Belanja Modal")) -> Belanja Barang | V15: GUNAWAN
A16: 15 | B16: 46057 | C16: SPM-BLU/APTP-2026/0015 | D16: NON REMUNERASI | E16: SP2D BLU - TRF | F16: PT. ANGKASA JAYA SERVIS | G16: Pembayaran Belanja Barang Suku Cadang Listrik Bandara Tahap II | K16: =Pagu_BLU!I33 -> GA.4647.CDE.001.054.A.525112.00002 | L16: 49891725 | M16: 411211 | N16: 4944225 | O16: 411122 | P16: 674213 | S16: PL.108/0068/PPK.BB/APTP/2026 | T16: 46056 | U16: =IF(ISBLANK(K16),"",IF(MID(K16,23,2)="52","Belanja Barang","Belanja Modal")) -> Belanja Barang | V16: GUNAWAN
A17: 16 | B17: 46057 | C17: SPM-BLU/APTP-2026/0016 | D17: NON REMUNERASI | E17: SP2D BLU - TRF | F17: PT. ANGKASA JAYA SERVIS | G17: Pembayaran Belanja Barang Suku Cadang Peralatan Elektronika | K17: =Pagu_BLU!I32 -> GA.4647.CDE.001.054.A.525112.00001 | L17: 46762080 | M17: 411211 | N17: 4634080 | O17: 411122 | P17: 631920 | S17: PL.108/0086/PPK.BB/APTP/2026 | T17: 46056 | U17: =IF(ISBLANK(K17),"",IF(MID(K17,23,2)="52","Belanja Barang","Belanja Modal")) -> Belanja Barang | V17: GUNAWAN
A18: 17 | B18: 46063 | C18: SPM-BLU/APTP-2026/0017 | D18: NON REMUNERASI | E18: SP2D BLU - TRF | F18: PARA PEGAWAI KANTOR UPBU AJI PANGERAN TUMENGGUNG PRANOTO | G18: Belanja Barang Perjalanan Dinas Pegawai - Tiket | K18: =Pagu_BLU!I82 -> WA.4611.EBD.001.056.B.525115.00004 | L18: 15396843 | S18: KU.201/0784/APTP/2026 | T18: 46055 | U18: =IF(ISBLANK(K18),"",IF(MID(K18,23,2)="52","Belanja Barang","Belanja Modal")) -> Belanja Barang | V18: GUNAWAN
A19: 18 | B19: 46063 | C19: SPM-BLU/APTP-2026/0018 | D19: NON REMUNERASI | E19: SP2D BLU - TRF | F19: PARA PEGAWAI KANTOR UPBU AJI PANGERAN TUMENGGUNG PRANOTO | G19: Belanja Barang Perjalanan Dinas Pegawai - Taxi | K19: =Pagu_BLU!I80 -> WA.4611.EBD.001.056.B.525115.00002 | L19: 2674500 | S19: KU.201/0784/APTP/2026 | T19: 46055 | U19: =IF(ISBLANK(K19),"",IF(MID(K19,23,2)="52","Belanja Barang","Belanja Modal")) -> Belanja Barang | V19: GUNAWAN
A20: 19 | B20: 46063 | C20: SPM-BLU/APTP-2026/0019 | D20: NON REMUNERASI | E20: SP2D BLU - TRF | F20: PARA PEGAWAI KANTOR UPBU AJI PANGERAN TUMENGGUNG PRANOTO | G20: Belanja Barang Perjalanan Dinas Pegawai - Hotel | K20: =Pagu_BLU!I81 -> WA.4611.EBD.001.056.B.525115.00003 | L20: 2695001 | S20: KU.201/0784/APTP/2026 | T20: 46055 | U20: =IF(ISBLANK(K20),"",IF(MID(K20,23,2)="52","Belanja Barang","Belanja Modal")) -> Belanja Barang | V20: GUNAWAN
A21: 20 | B21: 46063 | C21: SPM-BLU/APTP-2026/0020 | D21: NON REMUNERASI | E21: SP2D BLU - TRF | F21: PARA PEGAWAI KANTOR UPBU AJI PANGERAN TUMENGGUNG PRANOTO | G21: Belanja Barang Perjalanan Dinas Pegawai - Uang Harian | K21: =Pagu_BLU!I79 -> WA.4611.EBD.001.056.B.525115.00001 | L21: 5860000 | S21: KU.201/0784/APTP/2026 | T21: 46055 | U21: =IF(ISBLANK(K21),"",IF(MID(K21,23,2)="52","Belanja Barang","Belanja Modal")) -> Belanja Barang | V21: GUNAWAN
A22: 21 | B22: 46066 | C22: SPM-BLU/APTP-2026/0021 | D22: NON REMUNERASI | E22: SP2D BLU - TRF | F22: PARA ANGGOTA TNI POLRI | G22: Pembayaran Belanja Barang kegiatan honorarium pengamanan objek vital bandara Periode Januari 2026 | K22: =Pagu_BLU!I42 -> GA.4647.CDE.001.055.A.525113.00001 | L22: 3500000 | O22: 411121 | P22: 25000 | S22: KU.201/1200/APTP/2026 | T22: 46064 | U22: =IF(ISBLANK(K22),"",IF(MID(K22,23,2)="52","Belanja Barang","Belanja Modal")) -> Belanja Barang | V22: GUNAWAN
A23: 22 | B23: 46066 | C23: SPM-BLU/APTP-2026/0022 | D23: NON REMUNERASI | E23: SP2D BLU - TRF | F23: CV. RAZALINE BERSAUDARA | G23: Pembayaran Belanja Barang Pemeliharaan Instalasi Air Bekas di Gedung Terminal | K23: =Pagu_BLU!I39 -> GA.4647.CDE.001.054.B.525114.00003 | L23: 49978305 | M23: 411211 | N23: 4952805 | O23: 411124 | P23: 900510 | S23: PL.108/0096/PPK.BB/APTP/2026 | T23: 46064 | U23: =IF(ISBLANK(K23),"",IF(MID(K23,23,2)="52","Belanja Barang","Belanja Modal")) -> Belanja Barang | V23: GUNAWAN
A24: 23 | B24: 46066 | C24: SPM-BLU/APTP-2026/0023 | D24: NON REMUNERASI | E24: SP2D BLU - TRF | F24: PT. ANGKASA JAYA SERVIS | G24: Pembayaran Belanja Barang Pengadaan Suku Cadang Listrik Tahap III | K24: =Pagu_BLU!I33 -> GA.4647.CDE.001.054.A.525112.00002 | L24: 49617000 | M24: 411211 | N24: 4917000 | O24: 411122 | P24: 670500 | S24: PL.108/0099/PPK.BB/APTP/2026 | T24: 46066 | U24: =IF(ISBLANK(K24),"",IF(MID(K24,23,2)="52","Belanja Barang","Belanja Modal")) -> Belanja Barang | V24: GUNAWAN
A25: 24 | B25: 46066 | C25: SPM-BLU/APTP-2026/0024 | D25: NON REMUNERASI | E25: SP2D BLU - TRF | F25: PT. ANGKASA JAYA SERVIS | G25: Pembayaran Belanja Barang Pengadaan Suku Cadang Listrik Tahap IV | K25: =Pagu_BLU!I33 -> GA.4647.CDE.001.054.A.525112.00002 | L25: 45887400 | M25: 411211 | N25: 4547000 | O25: 411122 | P25: 620100 | S25: PL.108/0102/PPK.BB/APTP/2026 | T25: 46066 | U25: =IF(ISBLANK(K25),"",IF(MID(K25,23,2)="52","Belanja Barang","Belanja Modal")) -> Belanja Barang | V25: GUNAWAN
A26: 25 | B26: 46066 | C26: SPM-BLU/APTP-2026/0025 | D26: NON REMUNERASI | E26: SP2D BLU - TRF | F26: PT. ANGKASA JAYA SERVIS | G26: Pembayaran Belanja Barang Kegiatan Kerohanian | K26: =Pagu_BLU!I106 -> WA.4613.EBA.960.053.A.525112.00003 | L26: 15540000 | M26: 411211 | N26: 1540000 | O26: 411124 | P26: 280000 | S26: PL.108/0105/PPK.BB/APTP/2026 | T26: 46066 | U26: =IF(ISBLANK(K26),"",IF(MID(K26,23,2)="52","Belanja Barang","Belanja Modal")) -> Belanja Barang | V26: GUNAWAN
A27: 26 | B27: 46073 | C27: SPM-BLU/APTP-2026/0026 | D27: NON REMUNERASI | E27: SP2D BLU - TRF | F27: PT. JAYA KENCANA | G27: Pembayaran Belanja Barang (Perawatan berkala) Preventive Maintenance Elevator dan Escalator Periode Januari 2026 | K27: =Pagu_BLU!I41 -> GA.4647.CDE.001.054.B.525114.00005 | L27: 10500600 | M27: 411211 | N27: 1040600 | O27: 411128 | P27: 250690 | S27: PL.108/0108/PPK.BB/APTP/2026 | T27: 46066 | U27: =IF(ISBLANK(K27),"",IF(MID(K27,23,2)="52","Belanja Barang","Belanja Modal")) -> Belanja Barang | V27: GUNAWAN
A28: 27 | B28: 46073 | C28: SPM-BLU/APTP-2026/0027 | D28: NON REMUNERASI | E28: SP2D BLU - TRF | F28: PT. JAYA KENCANA | G28: Pembayaran Belanja Pengadaan Suku Cadang Peralatan Mekanikal | K28: =Pagu_BLU!I35 -> GA.4647.CDE.001.054.A.525112.00004 | L28: 39793500 | M28: 411211 | N28: 3943500 | O28: 411122 | P28: 537750 | S28: PL.108/0115/PPK.BB/APTP/2026 | T28: 46071 | U28: =IF(ISBLANK(K28),"",IF(MID(K28,23,2)="52","Belanja Barang","Belanja Modal")) -> Belanja Barang | V28: GUNAWAN
A29: 28 | B29: 46073 | C29: SPM-BLU/APTP-2026/0028 | D29: NON REMUNERASI | E29: SP2D BLU - TRF | F29: PT. ANGKASA JAYA SERVIS | G29: Pembayaran Belanja Barang Kegiatan Kerohanian | K29: =Pagu_BLU!I106 -> WA.4613.EBA.960.053.A.525112.00003 | L29: 13986000 | M29: 411211 | N29: 1386000 | O29: 411124 | P29: 252000 | S29: PL.108/0126/PPK.BB/APTP/2026 | T29: 46072 | U29: =IF(ISBLANK(K29),"",IF(MID(K29,23,2)="52","Belanja Barang","Belanja Modal")) -> Belanja Barang | V29: GUNAWAN
A30: 29 | B30: 46073 | C30: SPM-BLU/APTP-2026/0029 | D30: NON REMUNERASI | E30: SP2D BLU - TRF | F30: PARA PEGAWAI KANTOR UPBU AJI PANGERAN TUMENGGUNG PRANOTO | G30: Belanja Barang Perjalanan Dinas Pegawai - Tiket | K30: =Pagu_BLU!I82 -> WA.4611.EBD.001.056.B.525115.00004 | L30: 16791441 | S30: KU.201/0928/APTP/2026 | T30: 46057 | U30: =IF(ISBLANK(K30),"",IF(MID(K30,23,2)="52","Belanja Barang","Belanja Modal")) -> Belanja Barang | V30: GUNAWAN
A31: 30 | B31: 46073 | C31: SPM-BLU/APTP-2026/0030 | D31: NON REMUNERASI | E31: SP2D BLU - TRF | F31: PARA PEGAWAI KANTOR UPBU AJI PANGERAN TUMENGGUNG PRANOTO | G31: Belanja Barang Perjalanan Dinas Pegawai - Hotel | K31: =Pagu_BLU!I81 -> WA.4611.EBD.001.056.B.525115.00003 | L31: 14090000 | S31: KU.201/0928/APTP/2026 | T31: 46057 | U31: =IF(ISBLANK(K31),"",IF(MID(K31,23,2)="52","Belanja Barang","Belanja Modal")) -> Belanja Barang | V31: GUNAWAN
A32: 31 | B32: 46073 | C32: SPM-BLU/APTP-2026/0031 | D32: NON REMUNERASI | E32: SP2D BLU - TRF | F32: PARA PEGAWAI KANTOR UPBU AJI PANGERAN TUMENGGUNG PRANOTO | G32: Belanja Barang Perjalanan Dinas Pegawai - Uang Harian | K32: =Pagu_BLU!I79 -> WA.4611.EBD.001.056.B.525115.00001 | L32: 11250000 | S32: KU.201/0928/APTP/2026 | T32: 46057 | U32: =IF(ISBLANK(K32),"",IF(MID(K32,23,2)="52","Belanja Barang","Belanja Modal")) -> Belanja Barang | V32: GUNAWAN
A33: 32 | B33: 46073 | C33: SPM-BLU/APTP-2026/0032 | D33: NON REMUNERASI | E33: SP2D BLU - TRF | F33: PARA PEGAWAI KANTOR UPBU AJI PANGERAN TUMENGGUNG PRANOTO | G33: Belanja Barang Perjalanan Dinas Pegawai - Tiket | K33: =Pagu_BLU!I82 -> WA.4611.EBD.001.056.B.525115.00004 | L33: 22789345 | S33: KU.201/1245/APTP/2026 | T33: 46071 | U33: =IF(ISBLANK(K33),"",IF(MID(K33,23,2)="52","Belanja Barang","Belanja Modal")) -> Belanja Barang | V33: GUNAWAN
A34: 33 | B34: 46073 | C34: SPM-BLU/APTP-2026/0033 | D34: NON REMUNERASI | E34: SP2D BLU - TRF | F34: PARA PEGAWAI KANTOR UPBU AJI PANGERAN TUMENGGUNG PRANOTO | G34: Belanja Barang Perjalanan Dinas Pegawai - Taxi | K34: =Pagu_BLU!I80 -> WA.4611.EBD.001.056.B.525115.00002 | L34: 1645160 | S34: KU.201/1245/APTP/2026 | T34: 46071 | U34: =IF(ISBLANK(K34),"",IF(MID(K34,23,2)="52","Belanja Barang","Belanja Modal")) -> Belanja Barang | V34: GUNAWAN
A35: 34 | B35: 46073 | C35: SPM-BLU/APTP-2026/0034 | D35: NON REMUNERASI | E35: SP2D BLU - TRF | F35: PARA PEGAWAI KANTOR UPBU AJI PANGERAN TUMENGGUNG PRANOTO | G35: Belanja Barang Perjalanan Dinas Pegawai - Hotel | K35: =Pagu_BLU!I81 -> WA.4611.EBD.001.056.B.525115.00003 | L35: 16270000 | S35: KU.201/1245/APTP/2026 | T35: 46071 | U35: =IF(ISBLANK(K35),"",IF(MID(K35,23,2)="52","Belanja Barang","Belanja Modal")) -> Belanja Barang | V35: GUNAWAN
A36: 35 | B36: 46073 | C36: SPM-BLU/APTP-2026/0035 | D36: NON REMUNERASI | E36: SP2D BLU - TRF | F36: PARA PEGAWAI KANTOR UPBU AJI PANGERAN TUMENGGUNG PRANOTO | G36: Belanja Barang Perjalanan Dinas Pegawai - Uang Harian | K36: =Pagu_BLU!I79 -> WA.4611.EBD.001.056.B.525115.00001 | L36: 12100000 | S36: KU.201/1245/APTP/2026 | T36: 46071 | U36: =IF(ISBLANK(K36),"",IF(MID(K36,23,2)="52","Belanja Barang","Belanja Modal")) -> Belanja Barang | V36: GUNAWAN
A37: 36 | B37: 46073 | C37: SPM-BLU/APTP-2026/0036 | D37: NON REMUNERASI | E37: SP2D BLU - TRF | F37: PARA PEGAWAI KANTOR UPBU AJI PANGERAN TUMENGGUNG PRANOTO | G37: Belanja Barang Perjalanan Dinas Pegawai - Tiket | K37: =Pagu_BLU!I82 -> WA.4611.EBD.001.056.B.525115.00004 | L37: 15439000 | S37: KU.201/1246/APTP/2026 | T37: 46071 | U37: =IF(ISBLANK(K37),"",IF(MID(K37,23,2)="52","Belanja Barang","Belanja Modal")) -> Belanja Barang | V37: GUNAWAN
A38: 37 | B38: 46073 | C38: SPM-BLU/APTP-2026/0037 | D38: NON REMUNERASI | E38: SP2D BLU - TRF | F38: PARA PEGAWAI KANTOR UPBU AJI PANGERAN TUMENGGUNG PRANOTO | G38: Belanja Barang Perjalanan Dinas Pegawai - Taxi | K38: =Pagu_BLU!I80 -> WA.4611.EBD.001.056.B.525115.00002 | L38: 1901010 | S38: KU.201/1246/APTP/2026 | T38: 46071 | U38: =IF(ISBLANK(K38),"",IF(MID(K38,23,2)="52","Belanja Barang","Belanja Modal")) -> Belanja Barang | V38: GUNAWAN
A39: 38 | B39: 46073 | C39: SPM-BLU/APTP-2026/0038 | D39: NON REMUNERASI | E39: SP2D BLU - TRF | F39: PARA PEGAWAI KANTOR UPBU AJI PANGERAN TUMENGGUNG PRANOTO | G39: Belanja Barang Perjalanan Dinas Pegawai - Hotel | K39: =Pagu_BLU!I81 -> WA.4611.EBD.001.056.B.525115.00003 | L39: 5900000 | S39: KU.201/1246/APTP/2026 | T39: 46071 | U39: =IF(ISBLANK(K39),"",IF(MID(K39,23,2)="52","Belanja Barang","Belanja Modal")) -> Belanja Barang | V39: GUNAWAN
A40: 39 | B40: 46073 | C40: SPM-BLU/APTP-2026/0039 | D40: NON REMUNERASI | E40: SP2D BLU - TRF | F40: PARA PEGAWAI KANTOR UPBU AJI PANGERAN TUMENGGUNG PRANOTO | G40: Belanja Barang Perjalanan Dinas Pegawai - Uang Harian | K40: =Pagu_BLU!I79 -> WA.4611.EBD.001.056.B.525115.00001 | L40: 5290000 | S40: KU.201/1246/APTP/2026 | T40: 46071 | U40: =IF(ISBLANK(K40),"",IF(MID(K40,23,2)="52","Belanja Barang","Belanja Modal")) -> Belanja Barang | V40: GUNAWAN
A41: 40 | C41: SPM-BLU/APTP-2026/0040 | K41: GA.4646.CAD.001.051.A.537112.00001 | U41: =IF(ISBLANK(K41),"",IF(MID(K41,23,2)="52","Belanja Barang","Belanja Modal")) -> Belanja Modal | V41: GUNAWAN
A42: 41 | C42: SPM-BLU/APTP-2026/0041 | U42: =IF(ISBLANK(K42),"",IF(MID(K42,23,2)="52","Belanja Barang","Belanja Modal")) | V42: GUNAWAN
A43: 42 | U43: =IF(ISBLANK(K43),"",IF(MID(K43,23,2)="52","Belanja Barang","Belanja Modal")) | V43: GUNAWAN
A44: 43 | U44: =IF(ISBLANK(K44),"",IF(MID(K44,23,2)="52","Belanja Barang","Belanja Modal")) | V44: GUNAWAN
A45: 44 | U45: =IF(ISBLANK(K45),"",IF(MID(K45,23,2)="52","Belanja Barang","Belanja Modal")) | V45: GUNAWAN
A46: 45 | U46: =IF(ISBLANK(K46),"",IF(MID(K46,23,2)="52","Belanja Barang","Belanja Modal")) | V46: GUNAWAN
A47: 46 | U47: =IF(ISBLANK(K47),"",IF(MID(K47,23,2)="52","Belanja Barang","Belanja Modal")) | V47: GUNAWAN
A48: 47 | U48: =IF(ISBLANK(K48),"",IF(MID(K48,23,2)="52","Belanja Barang","Belanja Modal")) | V48: GUNAWAN
U49: =IF(ISBLANK(K49),"",IF(MID(K49,23,2)="52","Belanja Barang","Belanja Modal")) | V49: GUNAWAN
U50: =IF(ISBLANK(K50),"",IF(MID(K50,23,2)="52","Belanja Barang","Belanja Modal")) | V50: GUNAWAN
U51: =IF(ISBLANK(K51),"",IF(MID(K51,23,2)="52","Belanja Barang","Belanja Modal")) | V51: GUNAWAN
U52: =IF(ISBLANK(K52),"",IF(MID(K52,23,2)="52","Belanja Barang","Belanja Modal")) | V52: GUNAWAN
U53: =IF(ISBLANK(K53),"",IF(MID(K53,23,2)="52","Belanja Barang","Belanja Modal")) | V53: GUNAWAN
U54: =IF(ISBLANK(K54),"",IF(MID(K54,23,2)="52","Belanja Barang","Belanja Modal")) | V54: GUNAWAN
U55: =IF(ISBLANK(K55),"",IF(MID(K55,23,2)="52","Belanja Barang","Belanja Modal")) | V55: GUNAWAN
U56: =IF(ISBLANK(K56),"",IF(MID(K56,23,2)="52","Belanja Barang","Belanja Modal")) | V56: GUNAWAN
U57: =IF(ISBLANK(K57),"",IF(MID(K57,23,2)="52","Belanja Barang","Belanja Modal")) | V57: GUNAWAN
U58: =IF(ISBLANK(K58),"",IF(MID(K58,23,2)="52","Belanja Barang","Belanja Modal")) | V58: GUNAWAN
U60: =IF(ISBLANK(K60),"",IF(MID(K60,23,2)="52","Belanja Barang","Belanja Modal")) | V60: GUNAWAN
U61: =IF(ISBLANK(K61),"",IF(MID(K61,23,2)="52","Belanja Barang","Belanja Modal")) | V61: GUNAWAN
... U450: =IF(ISBLANK(K450),"",IF(MID(K450,23,2)="52","Belanja Barang","Belanja Modal")) | V450: GUNAWAN
U451: =IF(ISBLANK(K451),"",IF(MID(K451,23,2)="52","Belanja Barang","Belanja Modal"))
U452: =IF(ISBLANK(K452),"",IF(MID(K452,23,2)="52","Belanja Barang","Belanja Modal"))
U453: =IF(ISBLANK(K453),"",IF(MID(K453,23,2)="52","Belanja Barang","Belanja Modal"))
U454: =IF(ISBLANK(K454),"",IF(MID(K454,23,2)="52","Belanja Barang","Belanja Modal"))
U455: =IF(ISBLANK(K455),"",IF(MID(K455,23,2)="52","Belanja Barang","Belanja Modal"))
U456: =IF(ISBLANK(K456),"",IF(MID(K456,23,2)="52","Belanja Barang","Belanja Modal"))
U457: =IF(ISBLANK(K457),"",IF(MID(K457,23,2)="52","Belanja Barang","Belanja Modal"))
U458: =IF(ISBLANK(K458),"",IF(MID(K458,23,2)="52","Belanja Barang","Belanja Modal"))
U459: =IF(ISBLANK(K459),"",IF(MID(K459,23,2)="52","Belanja Barang","Belanja Modal"))
U460: =IF(ISBLANK(K460),"",IF(MID(K460,23,2)="52","Belanja Barang","Belanja Modal"))
U461: =IF(ISBLANK(K461),"",IF(MID(K461,23,2)="52","Belanja Barang","Belanja Modal"))
U462: =IF(ISBLANK(K462),"",IF(MID(K462,23,2)="52","Belanja Barang","Belanja Modal"))
... U514: =IF(ISBLANK(K514),"",IF(MID(K514,23,2)="52","Belanja Barang","Belanja Modal"))
C573: =IF(A573=0,"",A573) | U573: =IF(ISBLANK(K573),"",IF(MID(K573,23,2)="52","Belanja Barang","Belanja Modal"))
C574: =IF(A574=0,"",A574) | U574: =IF(ISBLANK(K574),"",IF(MID(K574,23,2)="52","Belanja Barang","Belanja Modal"))
C575: =IF(A575=0,"",A575) | U575: =IF(ISBLANK(K575),"",IF(MID(K575,23,2)="52","Belanja Barang","Belanja Modal"))
C576: =IF(A576=0,"",A576) | U576: =IF(ISBLANK(K576),"",IF(MID(K576,23,2)="52","Belanja Barang","Belanja Modal"))
C577: =IF(A577=0,"",A577) | U577: =IF(ISBLANK(K577),"",IF(MID(K577,23,2)="52","Belanja Barang","Belanja Modal"))
C578: =IF(A578=0,"",A578) | U578: =IF(ISBLANK(K578),"",IF(MID(K578,23,2)="52","Belanja Barang","Belanja Modal"))
C579: =IF(A579=0,"",A579) | U579: =IF(ISBLANK(K579),"",IF(MID(K579,23,2)="52","Belanja Barang","Belanja Modal"))
C580: =IF(A580=0,"",A580) | U580: =IF(ISBLANK(K580),"",IF(MID(K580,23,2)="52","Belanja Barang","Belanja Modal"))
C581: =IF(A581=0,"",A581) | U581: =IF(ISBLANK(K581),"",IF(MID(K581,23,2)="52","Belanja Barang","Belanja Modal"))
C582: =IF(A582=0,"",A582) | U582: =IF(ISBLANK(K582),"",IF(MID(K582,23,2)="52","Belanja Barang","Belanja Modal"))
C583: =IF(A583=0,"",A583) | U583: =IF(ISBLANK(K583),"",IF(MID(K583,23,2)="52","Belanja Barang","Belanja Modal"))
C584: =IF(A584=0,"",A584) | U584: =IF(ISBLANK(K584),"",IF(MID(K584,23,2)="52","Belanja Barang","Belanja Modal"))
... C700: =IF(A700=0,"",A700) | U700: =IF(ISBLANK(K700),"",IF(MID(K700,23,2)="52","Belanja Barang","Belanja Modal"))

Sheet ViewSPMi_BLU
A1: KEMENTERIAN PERHUBUNGAN | Q1: 16
A2: BADAN LAYANAN UMUM
A3: KANTOR UNIT PENYELENGGARA BANDAR UDARA AJI PANGERAN TUMENGGUNG PRANOTO
A4: SURAT PERINTAH MEMBAYAR BLU
A5: Nomor : | B5: =INDEX(DataPembayaran_BLU!$C$2:$C$700,MATCH(ViewSPMi_BLU!$Q$1,DataPembayaran_BLU!$A$2:$A$700,0)) -> SPM-BLU/APTP-2026/0016 | J5: Tanggal : | K5: =INDEX(DataPembayaran_BLU!$B$2:$B$700,MATCH(ViewSPMi_BLU!$Q$1,DataPembayaran_BLU!$A$2:$A$700,0)) -> 46057 | O5: Hal. 1 dari 1
A6: Bendahara Pengeluaran, Badan Layanan Umum Kantor UPBU Aji Pangeran Tumenggung Pranoto
A7: Agar melakukan pembayaran tagihan sejumlah | J7: =M21 -> 46762080
A8: ="**** "&UPPER(terbilang(J7))&" "&"RUPIAH"&" ****" -> #NAME?
A9: Tahun Anggaran : 2026 | I9: No. Kontrak | K9: =IF(INDEX(data_pembayaran_no_kontrak,MATCH(ViewSPMi_BLU!$Q$1,data_pembayaran_no_transaksi,0))=0,"",INDEX(data_pembayaran_no_kontrak,MATCH(ViewSPMi_BLU!$Q$1,data_pembayaran_no_transaksi,0))) | M9: Jenis Tagihan | O9: =": "&INDEX(DataPembayaran_BLU!$D$2:$D$500,MATCH(ViewSPMi_BLU!$Q$1,DataPembayaran_BLU!$A$2:$A$500,0)) -> : NON REMUNERASI
A10: Dasar Pembayaran | M10: Jatuh Tempo | O10: : Segera
A11: DIPA | I11: Tgl. Kontrak | K11: =IF(INDEX(data_pembayaran_tanggal_kontrak,MATCH(ViewSPMi_BLU!$Q$1,data_pembayaran_no_transaksi,0))=0,"",INDEX(data_pembayaran_tanggal_kontrak,MATCH(ViewSPMi_BLU!$Q$1,data_pembayaran_no_transaksi,0))) | M11: Cara Bayar | O11: =": "&INDEX(DataPembayaran_BLU!$E$2:$E$700,MATCH(ViewSPMi_BLU!$Q$1,DataPembayaran_BLU!$A$2:$A$700,0)) -> : SP2D BLU - TRF
A12: Nomor : DIPA-022.05.2.288745/2026 | I12: No. BAST | K12: =IF(INDEX(DataPembayaran_BLU!$S$2:$S$700,MATCH(ViewSPMi_BLU!$Q$1,DataPembayaran_BLU!$A$2:$A$700,0))=0,"",INDEX(DataPembayaran_BLU!$S$2:$S$700,MATCH(ViewSPMi_BLU!$Q$1,DataPembayaran_BLU!$A$2:$A$700,0))) -> PL.108/0086/PPK.BB/APTP/2026
A13: Tanggal : 01 Desember 2025
A14: UU NOMOR 17 TAHUN 2025 TENTANG APBN TAHUN ANGGARAN 2026 | I14: Tgl. BAST | K14: =IF(INDEX(DataPembayaran_BLU!$T$2:$T$700,MATCH(ViewSPMi_BLU!$Q$1,DataPembayaran_BLU!$A$2:$A$700,0))=0,"",INDEX(DataPembayaran_BLU!$T$2:$T$700,MATCH(ViewSPMi_BLU!$Q$1,DataPembayaran_BLU!$A$2:$A$700,0))) -> 46056
A16: PENGELUARAN | M16: JUMLAH UANG
A17: =INDEX(DataPembayaran_BLU!$K$2:$K$700,MATCH(ViewSPMi_BLU!$Q$1,DataPembayaran_BLU!$A$2:$A$700,0)) -> GA.4647.CDE.001.054.A.525112.00001 | M17: =INDEX(DataPembayaran_BLU!$L$2:$L$700,MATCH(ViewSPMi_BLU!$Q$1,DataPembayaran_BLU!$A$2:$A$700,0)) -> 46762080
A21: Jumlah Pengeluaran | M21: =SUM(M17:O19) -> 46762080
A22: POTONGAN | M22: JUMLAH UANG
A23: =IF(INDEX(DataPembayaran_BLU!$M$2:$M$700,MATCH(ViewSPMi_BLU!$Q$1,DataPembayaran_BLU!$A$2:$A$700,0))=0,"",INDEX(DataPembayaran_BLU!$M$2:$M$700,MATCH(ViewSPMi_BLU!$Q$1,DataPembayaran_BLU!$A$2:$A$700,0))) -> 411211 | M23: =IF(INDEX(DataPembayaran_BLU!$N$2:$N$700,MATCH(ViewSPMi_BLU!$Q$1,DataPembayaran_BLU!$A$2:$A$700,0))=0,"",INDEX(DataPembayaran_BLU!$N$2:$N$700,MATCH(ViewSPMi_BLU!$Q$1,DataPembayaran_BLU!$A$2:$A$700,0))) -> 4634080
A24: =IF(INDEX(DataPembayaran_BLU!$O$2:$O$700,MATCH(ViewSPMi_BLU!$Q$1,DataPembayaran_BLU!$A$2:$A$700,0))=0,"",INDEX(DataPembayaran_BLU!$O$2:$O$700,MATCH(ViewSPMi_BLU!$Q$1,DataPembayaran_BLU!$A$2:$A$700,0))) -> 411122 | M24: =IF(INDEX(DataPembayaran_BLU!$P$2:$P$700,MATCH(ViewSPMi_BLU!$Q$1,DataPembayaran_BLU!$A$2:$A$700,0))=0,"",INDEX(DataPembayaran_BLU!$P$2:$P$700,MATCH(ViewSPMi_BLU!$Q$1,DataPembayaran_BLU!$A$2:$A$700,0))) -> 631920
A27: Jumlah Potongan | M27: =SUM(M23:O25) -> 5266000
A28: TOTAL PEMBAYARAN | M28: =M21-M27 -> 41496080
A30: Nama Supplier | E30: : | F30: =INDEX(DataPembayaran_BLU!$F$2:$F$700,MATCH(ViewSPMi_BLU!$Q$1,DataPembayaran_BLU!$A$2:$A$700,0)) -> PT. ANGKASA JAYA SERVIS | L30: Bank/Pos | M30: =": "&INDEX(supplier_bank,MATCH($F$30,supplier,0)) -> : Bank Tabungan Negara
L31: Rekening | M31: =": "&INDEX(supplier_rekening,MATCH($F$30,supplier,0)) -> : 2001880001341
A32: NPWP | E32: : | F32: =INDEX(supplier_npwp,MATCH($F$30,supplier,0)) -> 0539247528722000 | L32: Nama | M32: =": "&INDEX(supplier_nama_rekening,MATCH($F$30,supplier,0)) -> : PT. ANGKASA JAYA SERVIS
A33: Alamat | E33: : | F33: =INDEX(supplier_alamat,MATCH($F$30,supplier,0)) -> Jl. Poros Samarinda - Bontang, Kel. Sungai Siring, Samarinda-Kalimantan Timur | L33: Uraian | M33: =": "&IFERROR(INDEX(DataPembayaran_BLU!$G$2:$G$700,MATCH(ViewSPMi_BLU!$Q$1,DataPembayaran_BLU!$A$2:$A$700,0)),"") -> : Pembayaran Belanja Barang Suku Cadang Peralatan Elektronika
A43: Semua bukti-bukti pengeluaran yang disahkan Pejabat Pembuat Komitmen telah | M43: Samarinda, | N43: =INDEX(DataPembayaran_BLU!$B$2:$B$700,MATCH(ViewSPMi_BLU!$Q$1,DataPembayaran_BLU!$A$2:$A$700,0)) -> 46057
A44: diuji dan dinyatakan memenuhi persyaratan untuk dilakukan pembayaran atas | M44: A.n. Kuasa Pengguna Anggaran
A45: beban BLU, selanjutnya bukti-bukti pengeluaran dimaksud disimpan dan | M45: Pejabat Penandatangan SPM
A46: ditatausahakan oleh Pejabat Penandatangan SPM
A47: Kebenaran perhitungan dan isi yang tertuang dalam SPM ini menjadi tanggung
A48: jawab Pejabat Penandatangan SPM.
M50: =INDEX(nama_pejabat,MATCH($M$45,DataPejabat!$D$2:$D$9,0)) -> MUTIA RACHMI
M51: ="NIP "&IFERROR(INDEX(nip_pejabat,MATCH($M$50,nama_pejabat,0)),"") -> NIP 198201112002122002

Sheet ViewSPPi_BLU
A1: KEMENTERIAN PERHUBUNGAN | Q1: 25
A2: BADAN LAYANAN UMUM
A3: KANTOR UNIT PENYELENGGARA BANDAR UDARA AJI PANGERAN TUMENGGUNG PRANOTO
A4: SURAT PERMINTAAN PEMBAYARAN BLU
A5: Nomor : | B5: =INDEX(DataPembayaran_BLU!$C$2:$C$700,MATCH(ViewSPPi_BLU!$Q$1,DataPembayaran_BLU!$A$2:$A$700,0)) -> SPM-BLU/APTP-2026/0025 | J5: Tanggal : | K5: =INDEX(DataPembayaran_BLU!$B$2:$B$700,MATCH(ViewSPPi_BLU!$Q$1,DataPembayaran_BLU!$A$2:$A$700,0)) -> 46066 | O5: Hal. 1 dari 1
A6: Bendahara Pengeluaran, Badan Layanan Umum Kantor UPBU Aji Pangeran Tumenggung Pranoto
A7: Agar melakukan pembayaran tagihan sejumlah | J7: =M21 -> 15540000
A8: ="**** "&UPPER(terbilang(J7))&" "&"RUPIAH"&" ****" -> #NAME?
A9: Tahun Anggaran : 2026 | I9: No. Kontrak | K9: =IF(INDEX(data_pembayaran_no_kontrak,MATCH(ViewSPPi_BLU!$Q$1,data_pembayaran_no_transaksi,0))=0,"",INDEX(data_pembayaran_no_kontrak,MATCH(ViewSPPi_BLU!$Q$1,data_pembayaran_no_transaksi,0))) | M9: Jenis Tagihan | O9: =": "&INDEX(DataPembayaran_BLU!$D$2:$D$500,MATCH(ViewSPPi_BLU!$Q$1,DataPembayaran_BLU!$A$2:$A$500,0)) -> : NON REMUNERASI
A10: Dasar Pembayaran | M10: Jatuh Tempo | O10: : Segera
A11: DIPA | I11: Tgl. Kontrak | K11: =IF(INDEX(data_pembayaran_tanggal_kontrak,MATCH(ViewSPPi_BLU!$Q$1,data_pembayaran_no_transaksi,0))=0,"",INDEX(data_pembayaran_tanggal_kontrak,MATCH(ViewSPPi_BLU!$Q$1,data_pembayaran_no_transaksi,0))) | M11: Cara Bayar | O11: =": "&INDEX(DataPembayaran_BLU!$E$2:$E$700,MATCH(ViewSPPi_BLU!$Q$1,DataPembayaran_BLU!$A$2:$A$700,0)) -> : SP2D BLU - TRF
A12: Nomor : DIPA-022.05.2.288745/2026 | I12: No. BAST | K12: =IF(INDEX(DataPembayaran_BLU!$S$2:$S$700,MATCH(ViewSPPi_BLU!$Q$1,DataPembayaran_BLU!$A$2:$A$700,0))=0,"",INDEX(DataPembayaran_BLU!$S$2:$S$700,MATCH(ViewSPPi_BLU!$Q$1,DataPembayaran_BLU!$A$2:$A$700,0))) -> PL.108/0105/PPK.BB/APTP/2026
A13: Tanggal : 01 Desember 2025
A14: UU NOMOR 17 TAHUN 2025 TENTANG APBN TAHUN ANGGARAN 2026 | I14: Tgl. BAST | K14: =IF(INDEX(DataPembayaran_BLU!$T$2:$T$700,MATCH(ViewSPPi_BLU!$Q$1,DataPembayaran_BLU!$A$2:$A$700,0))=0,"",INDEX(DataPembayaran_BLU!$T$2:$T$700,MATCH(ViewSPPi_BLU!$Q$1,DataPembayaran_BLU!$A$2:$A$700,0))) -> 46066
A16: PENGELUARAN | M16: JUMLAH UANG
A17: =INDEX(DataPembayaran_BLU!$K$2:$K$700,MATCH(ViewSPPi_BLU!$Q$1,DataPembayaran_BLU!$A$2:$A$700,0)) -> WA.4613.EBA.960.053.A.525112.00003 | M17: =INDEX(DataPembayaran_BLU!$L$2:$L$700,MATCH(ViewSPPi_BLU!$Q$1,data_pembayaran_no_transaksi,0)) -> 15540000
A21: Jumlah Pengeluaran | M21: =SUM(M17:O19) -> 15540000
A22: POTONGAN | M22: JUMLAH UANG
A23: =IF(INDEX(DataPembayaran_BLU!$M$2:$M$700,MATCH(ViewSPPi_BLU!$Q$1,DataPembayaran_BLU!$A$2:$A$700,0))=0,"",INDEX(DataPembayaran_BLU!$M$2:$M$700,MATCH(ViewSPPi_BLU!$Q$1,DataPembayaran_BLU!$A$2:$A$700,0))) -> 411211 | M23: =IF(INDEX(DataPembayaran_BLU!$N$2:$N$700,MATCH(ViewSPPi_BLU!$Q$1,DataPembayaran_BLU!$A$2:$A$700,0))=0,"",INDEX(DataPembayaran_BLU!$N$2:$N$700,MATCH(ViewSPPi_BLU!$Q$1,DataPembayaran_BLU!$A$2:$A$700,0))) -> 1540000
A24: =IF(INDEX(DataPembayaran_BLU!$O$2:$O$700,MATCH(ViewSPPi_BLU!$Q$1,DataPembayaran_BLU!$A$2:$A$700,0))=0,"",INDEX(DataPembayaran_BLU!$O$2:$O$700,MATCH(ViewSPPi_BLU!$Q$1,DataPembayaran_BLU!$A$2:$A$700,0))) -> 411124 | M24: =IF(INDEX(DataPembayaran_BLU!$P$2:$P$700,MATCH(ViewSPPi_BLU!$Q$1,DataPembayaran_BLU!$A$2:$A$700,0))=0,"",INDEX(DataPembayaran_BLU!$P$2:$P$700,MATCH(ViewSPPi_BLU!$Q$1,DataPembayaran_BLU!$A$2:$A$700,0))) -> 280000
A27: Jumlah Potongan | M27: =SUM(M23:O25) -> 1820000
A28: TOTAL PEMBAYARAN | M28: =M21-M27 -> 13720000
A30: Nama Supplier | E30: : | F30: =INDEX(DataPembayaran_BLU!$F$2:$F$700,MATCH(ViewSPPi_BLU!$Q$1,DataPembayaran_BLU!$A$2:$A$700,0)) -> PT. ANGKASA JAYA SERVIS | L30: Bank/Pos | M30: =": "&INDEX(supplier_bank,MATCH($F$30,supplier,0)) -> : Bank Tabungan Negara
L31: Rekening | M31: =": "&INDEX(supplier_rekening,MATCH($F$30,supplier,0)) -> : 2001880001341
A32: NPWP | E32: : | F32: =INDEX(supplier_npwp,MATCH($F$30,supplier,0)) -> 0539247528722000 | L32: Nama | M32: =": "&INDEX(supplier_nama_rekening,MATCH($F$30,supplier,0)) -> : PT. ANGKASA JAYA SERVIS
A33: Alamat | E33: : | F33: =INDEX(supplier_alamat,MATCH($F$30,supplier,0)) -> Jl. Poros Samarinda - Bontang, Kel. Sungai Siring, Samarinda-Kalimantan Timur | L33: Uraian | M33: =": "&IFERROR(INDEX(DataPembayaran_BLU!$G$2:$G$700,MATCH(ViewSPPi_BLU!$Q$1,DataPembayaran_BLU!$A$2:$A$700,0)),"") -> : Pembayaran Belanja Barang Kegiatan Kerohanian
A43: Semua bukti-bukti pengeluaran yang disahkan Pejabat Pembuat Komitmen telah | M43: Samarinda, | N43: =INDEX(DataPembayaran_BLU!$B$2:$B$700,MATCH(ViewSPPi_BLU!$Q$1,DataPembayaran_BLU!$A$2:$A$700,0)) -> 46066
A44: diuji dan dinyatakan memenuhi persyaratan untuk dilakukan pembayaran atas | M44: A.n. Kuasa Pengguna Anggaran
A45: beban BLU, selanjutnya bukti-bukti pengeluaran dimaksud disimpan dan | M45: Pejabat Pembuat Komitmen
A46: ditatausahakan oleh Pejabat Pembuat Komitmen
A47: Kebenaran perhitungan dan isi yang tertuang dalam SPP ini menjadi tanggung
A48: jawab Pejabat Pembuat Komitmen.
M50: =INDEX(DataPembayaran_BLU!$V$2:$V$700,MATCH($Q$1,DataPembayaran_BLU!$A$2:$A$700,0)) -> GUNAWAN
M51: ="NIP "&IFERROR(INDEX(nip_pejabat,MATCH($M$50,nama_pejabat,0)),"") -> NIP 198411052007121001

Sheet DataNPI_BLU
A1: Nomor | B1: Nomor_SPM | C1: Tanggal_SPM | D1: Nomor_NPI | E1: Tanggal_NPI | F1: Jumlah_Uang
A2: 1 | B2: =_xlfn.IFNA(INDEX(DataPembayaran_BLU!$C$2:$C$700,MATCH(DataNPI_BLU!$A2,DataPembayaran_BLU!$A$2:$A$700,0)),"") -> SPM-BLU/APTP-2026/0001 | C2: =IF(INDEX(DataPembayaran_BLU!$B$2:$B$700,MATCH(DataNPI_BLU!$B2,DataPembayaran_BLU!$C$2:$C$700,0))=0,"",INDEX(DataPembayaran_BLU!$B$2:$B$700,MATCH(DataNPI_BLU!$B2,DataPembayaran_BLU!$C$2:$C$700,0))) -> 46051 | D2: NPI-BLU/APTP-2026/0001 | E2: 46051 | F2: =_xlfn.IFNA(INDEX(data_pembayaran_total_pembayaran,MATCH(DataNPI_BLU!$B2,DataPembayaran_BLU!$C$2:$C$700,0)),"") -> 196697855
A3: 2 | B3: =_xlfn.IFNA(INDEX(DataPembayaran_BLU!$C$2:$C$700,MATCH(DataNPI_BLU!$A3,DataPembayaran_BLU!$A$2:$A$700,0)),"") -> SPM-BLU/APTP-2026/0002 | C3: =IF(INDEX(DataPembayaran_BLU!$B$2:$B$700,MATCH(DataNPI_BLU!$B3,DataPembayaran_BLU!$C$2:$C$700,0))=0,"",INDEX(DataPembayaran_BLU!$B$2:$B$700,MATCH(DataNPI_BLU!$B3,DataPembayaran_BLU!$C$2:$C$700,0))) -> 46051 | D3: NPI-BLU/APTP-2026/0002 | E3: 46051 | F3: =_xlfn.IFNA(INDEX(data_pembayaran_total_pembayaran,MATCH(DataNPI_BLU!$B3,DataPembayaran_BLU!$C$2:$C$700,0)),"") -> 194986485
A4: 3 | B4: =_xlfn.IFNA(INDEX(DataPembayaran_BLU!$C$2:$C$700,MATCH(DataNPI_BLU!$A4,DataPembayaran_BLU!$A$2:$A$700,0)),"") -> SPM-BLU/APTP-2026/0003 | C4: =IF(INDEX(DataPembayaran_BLU!$B$2:$B$700,MATCH(DataNPI_BLU!$B4,DataPembayaran_BLU!$C$2:$C$700,0))=0,"",INDEX(DataPembayaran_BLU!$B$2:$B$700,MATCH(DataNPI_BLU!$B4,DataPembayaran_BLU!$C$2:$C$700,0))) -> 46051 | D4: NPI-BLU/APTP-2026/0003 | E4: 46051 | F4: =_xlfn.IFNA(INDEX(data_pembayaran_total_pembayaran,MATCH(DataNPI_BLU!$B4,DataPembayaran_BLU!$C$2:$C$700,0)),"") -> 35964000
A5: 4 | B5: =_xlfn.IFNA(INDEX(DataPembayaran_BLU!$C$2:$C$700,MATCH(DataNPI_BLU!$A5,DataPembayaran_BLU!$A$2:$A$700,0)),"") -> SPM-BLU/APTP-2026/0004 | C5: =IF(INDEX(DataPembayaran_BLU!$B$2:$B$700,MATCH(DataNPI_BLU!$B5,DataPembayaran_BLU!$C$2:$C$700,0))=0,"",INDEX(DataPembayaran_BLU!$B$2:$B$700,MATCH(DataNPI_BLU!$B5,DataPembayaran_BLU!$C$2:$C$700,0))) -> 46051 | D5: NPI-BLU/APTP-2026/0004 | E5: 46051 | F5: =_xlfn.IFNA(INDEX(data_pembayaran_total_pembayaran,MATCH(DataNPI_BLU!$B5,DataPembayaran_BLU!$C$2:$C$700,0)),"") -> 26640000
A6: 5 | B6: =_xlfn.IFNA(INDEX(DataPembayaran_BLU!$C$2:$C$700,MATCH(DataNPI_BLU!$A6,DataPembayaran_BLU!$A$2:$A$700,0)),"") -> SPM-BLU/APTP-2026/0005 | C6: =IF(INDEX(DataPembayaran_BLU!$B$2:$B$700,MATCH(DataNPI_BLU!$B6,DataPembayaran_BLU!$C$2:$C$700,0))=0,"",INDEX(DataPembayaran_BLU!$B$2:$B$700,MATCH(DataNPI_BLU!$B6,DataPembayaran_BLU!$C$2:$C$700,0))) -> 46051 | D6: NPI-BLU/APTP-2026/0005 | E6: 46051 | F6: =_xlfn.IFNA(INDEX(data_pembayaran_total_pembayaran,MATCH(DataNPI_BLU!$B6,DataPembayaran_BLU!$C$2:$C$700,0)),"") -> 10989000
A7: 6 | B7: =_xlfn.IFNA(INDEX(DataPembayaran_BLU!$C$2:$C$700,MATCH(DataNPI_BLU!$A7,DataPembayaran_BLU!$A$2:$A$700,0)),"") -> SPM-BLU/APTP-2026/0006 | C7: =IF(INDEX(DataPembayaran_BLU!$B$2:$B$700,MATCH(DataNPI_BLU!$B7,DataPembayaran_BLU!$C$2:$C$700,0))=0,"",INDEX(DataPembayaran_BLU!$B$2:$B$700,MATCH(DataNPI_BLU!$B7,DataPembayaran_BLU!$C$2:$C$700,0))) -> 46051 | D7: NPI-BLU/APTP-2026/0006 | E7: 46051 | F7: =_xlfn.IFNA(INDEX(data_pembayaran_total_pembayaran,MATCH(DataNPI_BLU!$B7,DataPembayaran_BLU!$C$2:$C$700,0)),"") -> 21867000
A8: 7 | B8: =_xlfn.IFNA(INDEX(DataPembayaran_BLU!$C$2:$C$700,MATCH(DataNPI_BLU!$A8,DataPembayaran_BLU!$A$2:$A$700,0)),"") -> SPM-BLU/APTP-2026/0007 | C8: =IF(INDEX(DataPembayaran_BLU!$B$2:$B$700,MATCH(DataNPI_BLU!$B8,DataPembayaran_BLU!$C$2:$C$700,0))=0,"",INDEX(DataPembayaran_BLU!$B$2:$B$700,MATCH(DataNPI_BLU!$B8,DataPembayaran_BLU!$C$2:$C$700,0))) -> 46051 | D8: NPI-BLU/APTP-2026/0007 | E8: 46051 | F8: =_xlfn.IFNA(INDEX(data_pembayaran_total_pembayaran,MATCH(DataNPI_BLU!$B8,DataPembayaran_BLU!$C$2:$C$700,0)),"") -> 35520000
A9: 8 | B9: =_xlfn.IFNA(INDEX(DataPembayaran_BLU!$C$2:$C$700,MATCH(DataNPI_BLU!$A9,DataPembayaran_BLU!$A$2:$A$700,0)),"") -> SPM-BLU/APTP-2026/0008 | C9: =IF(INDEX(DataPembayaran_BLU!$B$2:$B$700,MATCH(DataNPI_BLU!$B9,DataPembayaran_BLU!$C$2:$C$700,0))=0,"",INDEX(DataPembayaran_BLU!$B$2:$B$700,MATCH(DataNPI_BLU!$B9,DataPembayaran_BLU!$C$2:$C$700,0))) -> 46051 | D9: NPI-BLU/APTP-2026/0008 | E9: 46051 | F9: =_xlfn.IFNA(INDEX(data_pembayaran_total_pembayaran,MATCH(DataNPI_BLU!$B9,DataPembayaran_BLU!$C$2:$C$700,0)),"") -> 4440000
A10: 9 | B10: =_xlfn.IFNA(INDEX(DataPembayaran_BLU!$C$2:$C$700,MATCH(DataNPI_BLU!$A10,DataPembayaran_BLU!$A$2:$A$700,0)),"") -> SPM-BLU/APTP-2026/0009 | C10: =IF(INDEX(DataPembayaran_BLU!$B$2:$B$700,MATCH(DataNPI_BLU!$B10,DataPembayaran_BLU!$C$2:$C$700,0))=0,"",INDEX(DataPembayaran_BLU!$B$2:$B$700,MATCH(DataNPI_BLU!$B10,DataPembayaran_BLU!$C$2:$C$700,0))) -> 46051 | D10: NPI-BLU/APTP-2026/0009 | E10: 46051 | F10: =_xlfn.IFNA(INDEX(data_pembayaran_total_pembayaran,MATCH(DataNPI_BLU!$B10,DataPembayaran_BLU!$C$2:$C$700,0)),"") -> 25000000
A11: 10 | B11: =_xlfn.IFNA(INDEX(DataPembayaran_BLU!$C$2:$C$700,MATCH(DataNPI_BLU!$A11,DataPembayaran_BLU!$A$2:$A$700,0)),"") -> SPM-BLU/APTP-2026/0010 | C11: =IF(INDEX(DataPembayaran_BLU!$B$2:$B$700,MATCH(DataNPI_BLU!$B11,DataPembayaran_BLU!$C$2:$C$700,0))=0,"",INDEX(DataPembayaran_BLU!$B$2:$B$700,MATCH(DataNPI_BLU!$B11,DataPembayaran_BLU!$C$2:$C$700,0))) -> 46057 | D11: NPI-BLU/APTP-2026/0010 | E11: =IF(INDEX(DataPembayaran_BLU!$B$2:$B$700,MATCH(DataNPI_BLU!$B11,DataPembayaran_BLU!$C$2:$C$700,0))=0,"",INDEX(DataPembayaran_BLU!$B$2:$B$700,MATCH(DataNPI_BLU!$B11,DataPembayaran_BLU!$C$2:$C$700,0))) -> 46057 | F11: =_xlfn.IFNA(INDEX(data_pembayaran_total_pembayaran,MATCH(DataNPI_BLU!$B11,DataPembayaran_BLU!$C$2:$C$700,0)),"") -> 477943459
A12: 11 | B12: =_xlfn.IFNA(INDEX(DataPembayaran_BLU!$C$2:$C$700,MATCH(DataNPI_BLU!$A12,DataPembayaran_BLU!$A$2:$A$700,0)),"") -> SPM-BLU/APTP-2026/0011 | C12: =IF(INDEX(DataPembayaran_BLU!$B$2:$B$700,MATCH(DataNPI_BLU!$B12,DataPembayaran_BLU!$C$2:$C$700,0))=0,"",INDEX(DataPembayaran_BLU!$B$2:$B$700,MATCH(DataNPI_BLU!$B12,DataPembayaran_BLU!$C$2:$C$700,0))) -> 46057 | D12: NPI-BLU/APTP-2026/0011 | E12: =IF(INDEX(DataPembayaran_BLU!$B$2:$B$700,MATCH(DataNPI_BLU!$B12,DataPembayaran_BLU!$C$2:$C$700,0))=0,"",INDEX(DataPembayaran_BLU!$B$2:$B$700,MATCH(DataNPI_BLU!$B12,DataPembayaran_BLU!$C$2:$C$700,0))) -> 46057 | F12: =_xlfn.IFNA(INDEX(data_pembayaran_total_pembayaran,MATCH(DataNPI_BLU!$B12,DataPembayaran_BLU!$C$2:$C$700,0)),"") -> 538468056
A13: 12 | B13: =_xlfn.IFNA(INDEX(DataPembayaran_BLU!$C$2:$C$700,MATCH(DataNPI_BLU!$A13,DataPembayaran_BLU!$A$2:$A$700,0)),"") -> SPM-BLU/APTP-2026/0012 | C13: =IF(INDEX(DataPembayaran_BLU!$B$2:$B$700,MATCH(DataNPI_BLU!$B13,DataPembayaran_BLU!$C$2:$C$700,0))=0,"",INDEX(DataPembayaran_BLU!$B$2:$B$700,MATCH(DataNPI_BLU!$B13,DataPembayaran_BLU!$C$2:$C$700,0))) -> 46057 | D13: NPI-BLU/APTP-2026/0012 | E13: =IF(INDEX(DataPembayaran_BLU!$B$2:$B$700,MATCH(DataNPI_BLU!$B13,DataPembayaran_BLU!$C$2:$C$700,0))=0,"",INDEX(DataPembayaran_BLU!$B$2:$B$700,MATCH(DataNPI_BLU!$B13,DataPembayaran_BLU!$C$2:$C$700,0))) -> 46057 | F13: =_xlfn.IFNA(INDEX(data_pembayaran_total_pembayaran,MATCH(DataNPI_BLU!$B13,DataPembayaran_BLU!$C$2:$C$700,0)),"") -> 16000000
A14: 13 | B14: =_xlfn.IFNA(INDEX(DataPembayaran_BLU!$C$2:$C$700,MATCH(DataNPI_BLU!$A14,DataPembayaran_BLU!$A$2:$A$700,0)),"") -> SPM-BLU/APTP-2026/0013 | C14: =IF(INDEX(DataPembayaran_BLU!$B$2:$B$700,MATCH(DataNPI_BLU!$B14,DataPembayaran_BLU!$C$2:$C$700,0))=0,"",INDEX(DataPembayaran_BLU!$B$2:$B$700,MATCH(DataNPI_BLU!$B14,DataPembayaran_BLU!$C$2:$C$700,0))) -> 46057 | D14: NPI-BLU/APTP-2026/0013 | E14: =IF(INDEX(DataPembayaran_BLU!$B$2:$B$700,MATCH(DataNPI_BLU!$B14,DataPembayaran_BLU!$C$2:$C$700,0))=0,"",INDEX(DataPembayaran_BLU!$B$2:$B$700,MATCH(DataNPI_BLU!$B14,DataPembayaran_BLU!$C$2:$C$700,0))) -> 46057 | F14: =_xlfn.IFNA(INDEX(data_pembayaran_total_pembayaran,MATCH(DataNPI_BLU!$B14,DataPembayaran_BLU!$C$2:$C$700,0)),"") -> 38037000
A15: 14 | B15: =_xlfn.IFNA(INDEX(DataPembayaran_BLU!$C$2:$C$700,MATCH(DataNPI_BLU!$A15,DataPembayaran_BLU!$A$2:$A$700,0)),"") -> SPM-BLU/APTP-2026/0014 | C15: =IF(INDEX(DataPembayaran_BLU!$B$2:$B$700,MATCH(DataNPI_BLU!$B15,DataPembayaran_BLU!$C$2:$C$700,0))=0,"",INDEX(DataPembayaran_BLU!$B$2:$B$700,MATCH(DataNPI_BLU!$B15,DataPembayaran_BLU!$C$2:$C$700,0))) -> 46057 | D15: NPI-BLU/APTP-2026/0014 | E15: =IF(INDEX(DataPembayaran_BLU!$B$2:$B$700,MATCH(DataNPI_BLU!$B15,DataPembayaran_BLU!$C$2:$C$700,0))=0,"",INDEX(DataPembayaran_BLU!$B$2:$B$700,MATCH(DataNPI_BLU!$B15,DataPembayaran_BLU!$C$2:$C$700,0))) -> 46057 | F15: =_xlfn.IFNA(INDEX(data_pembayaran_total_pembayaran,MATCH(DataNPI_BLU!$B15,DataPembayaran_BLU!$C$2:$C$700,0)),"") -> 44300100
A16: 15 | B16: =_xlfn.IFNA(INDEX(DataPembayaran_BLU!$C$2:$C$700,MATCH(DataNPI_BLU!$A16,DataPembayaran_BLU!$A$2:$A$700,0)),"") -> SPM-BLU/APTP-2026/0015 | C16: =IF(INDEX(DataPembayaran_BLU!$B$2:$B$700,MATCH(DataNPI_BLU!$B16,DataPembayaran_BLU!$C$2:$C$700,0))=0,"",INDEX(DataPembayaran_BLU!$B$2:$B$700,MATCH(DataNPI_BLU!$B16,DataPembayaran_BLU!$C$2:$C$700,0))) -> 46057 | D16: NPI-BLU/APTP-2026/0015 | E16: =IF(INDEX(DataPembayaran_BLU!$B$2:$B$700,MATCH(DataNPI_BLU!$B16,DataPembayaran_BLU!$C$2:$C$700,0))=0,"",INDEX(DataPembayaran_BLU!$B$2:$B$700,MATCH(DataNPI_BLU!$B16,DataPembayaran_BLU!$C$2:$C$700,0))) -> 46057 | F16: =_xlfn.IFNA(INDEX(data_pembayaran_total_pembayaran,MATCH(DataNPI_BLU!$B16,DataPembayaran_BLU!$C$2:$C$700,0)),"") -> 49891725
A17: 16 | B17: =_xlfn.IFNA(INDEX(DataPembayaran_BLU!$C$2:$C$700,MATCH(DataNPI_BLU!$A17,DataPembayaran_BLU!$A$2:$A$700,0)),"") -> SPM-BLU/APTP-2026/0016 | C17: =IF(INDEX(DataPembayaran_BLU!$B$2:$B$700,MATCH(DataNPI_BLU!$B17,DataPembayaran_BLU!$C$2:$C$700,0))=0,"",INDEX(DataPembayaran_BLU!$B$2:$B$700,MATCH(DataNPI_BLU!$B17,DataPembayaran_BLU!$C$2:$C$700,0))) -> 46057 | D17: NPI-BLU/APTP-2026/0016 | E17: =IF(INDEX(DataPembayaran_BLU!$B$2:$B$700,MATCH(DataNPI_BLU!$B17,DataPembayaran_BLU!$C$2:$C$700,0))=0,"",INDEX(DataPembayaran_BLU!$B$2:$B$700,MATCH(DataNPI_BLU!$B17,DataPembayaran_BLU!$C$2:$C$700,0))) -> 46057 | F17: =_xlfn.IFNA(INDEX(data_pembayaran_total_pembayaran,MATCH(DataNPI_BLU!$B17,DataPembayaran_BLU!$C$2:$C$700,0)),"") -> 46762080
A18: 17 | B18: =_xlfn.IFNA(INDEX(DataPembayaran_BLU!$C$2:$C$700,MATCH(DataNPI_BLU!$A18,DataPembayaran_BLU!$A$2:$A$700,0)),"") -> SPM-BLU/APTP-2026/0017 | C18: =IF(INDEX(DataPembayaran_BLU!$B$2:$B$700,MATCH(DataNPI_BLU!$B18,DataPembayaran_BLU!$C$2:$C$700,0))=0,"",INDEX(DataPembayaran_BLU!$B$2:$B$700,MATCH(DataNPI_BLU!$B18,DataPembayaran_BLU!$C$2:$C$700,0))) -> 46063 | D18: NPI-BLU/APTP-2026/0017 | E18: 46063 | F18: =_xlfn.IFNA(INDEX(data_pembayaran_total_pembayaran,MATCH(DataNPI_BLU!$B18,DataPembayaran_BLU!$C$2:$C$700,0)),"") -> 15396843
A19: 18 | B19: =_xlfn.IFNA(INDEX(DataPembayaran_BLU!$C$2:$C$700,MATCH(DataNPI_BLU!$A19,DataPembayaran_BLU!$A$2:$A$700,0)),"") -> SPM-BLU/APTP-2026/0018 | C19: =IF(INDEX(DataPembayaran_BLU!$B$2:$B$700,MATCH(DataNPI_BLU!$B19,DataPembayaran_BLU!$C$2:$C$700,0))=0,"",INDEX(DataPembayaran_BLU!$B$2:$B$700,MATCH(DataNPI_BLU!$B19,DataPembayaran_BLU!$C$2:$C$700,0))) -> 46063 | D19: NPI-BLU/APTP-2026/0018 | E19: 46063 | F19: =_xlfn.IFNA(INDEX(data_pembayaran_total_pembayaran,MATCH(DataNPI_BLU!$B19,DataPembayaran_BLU!$C$2:$C$700,0)),"") -> 2674500
A20: 19 | B20: =_xlfn.IFNA(INDEX(DataPembayaran_BLU!$C$2:$C$700,MATCH(DataNPI_BLU!$A20,DataPembayaran_BLU!$A$2:$A$700,0)),"") -> SPM-BLU/APTP-2026/0019 | C20: =IF(INDEX(DataPembayaran_BLU!$B$2:$B$700,MATCH(DataNPI_BLU!$B20,DataPembayaran_BLU!$C$2:$C$700,0))=0,"",INDEX(DataPembayaran_BLU!$B$2:$B$700,MATCH(DataNPI_BLU!$B20,DataPembayaran_BLU!$C$2:$C$700,0))) -> 46063 | D20: NPI-BLU/APTP-2026/0019 | E20: 46063 | F20: =_xlfn.IFNA(INDEX(data_pembayaran_total_pembayaran,MATCH(DataNPI_BLU!$B20,DataPembayaran_BLU!$C$2:$C$700,0)),"") -> 2695001
A21: 20 | B21: =_xlfn.IFNA(INDEX(DataPembayaran_BLU!$C$2:$C$700,MATCH(DataNPI_BLU!$A21,DataPembayaran_BLU!$A$2:$A$700,0)),"") -> SPM-BLU/APTP-2026/0020 | C21: =IF(INDEX(DataPembayaran_BLU!$B$2:$B$700,MATCH(DataNPI_BLU!$B21,DataPembayaran_BLU!$C$2:$C$700,0))=0,"",INDEX(DataPembayaran_BLU!$B$2:$B$700,MATCH(DataNPI_BLU!$B21,DataPembayaran_BLU!$C$2:$C$700,0))) -> 46063 | D21: NPI-BLU/APTP-2026/0020 | E21: 46063 | F21: =_xlfn.IFNA(INDEX(data_pembayaran_total_pembayaran,MATCH(DataNPI_BLU!$B21,DataPembayaran_BLU!$C$2:$C$700,0)),"") -> 5860000
A22: 21 | B22: =_xlfn.IFNA(INDEX(DataPembayaran_BLU!$C$2:$C$700,MATCH(DataNPI_BLU!$A22,DataPembayaran_BLU!$A$2:$A$700,0)),"") -> SPM-BLU/APTP-2026/0021 | C22: =IF(INDEX(DataPembayaran_BLU!$B$2:$B$700,MATCH(DataNPI_BLU!$B22,DataPembayaran_BLU!$C$2:$C$700,0))=0,"",INDEX(DataPembayaran_BLU!$B$2:$B$700,MATCH(DataNPI_BLU!$B22,DataPembayaran_BLU!$C$2:$C$700,0))) -> 46066 | D22: NPI-BLU/APTP-2026/0021 | E22: 46066 | F22: =_xlfn.IFNA(INDEX(data_pembayaran_total_pembayaran,MATCH(DataNPI_BLU!$B22,DataPembayaran_BLU!$C$2:$C$700,0)),"") -> 3500000
A23: 22 | B23: =_xlfn.IFNA(INDEX(DataPembayaran_BLU!$C$2:$C$700,MATCH(DataNPI_BLU!$A23,DataPembayaran_BLU!$A$2:$A$700,0)),"") -> SPM-BLU/APTP-2026/0022 | C23: =IF(INDEX(DataPembayaran_BLU!$B$2:$B$700,MATCH(DataNPI_BLU!$B23,DataPembayaran_BLU!$C$2:$C$700,0))=0,"",INDEX(DataPembayaran_BLU!$B$2:$B$700,MATCH(DataNPI_BLU!$B23,DataPembayaran_BLU!$C$2:$C$700,0))) -> 46066 | D23: NPI-BLU/APTP-2026/0022 | E23: 46066 | F23: =_xlfn.IFNA(INDEX(data_pembayaran_total_pembayaran,MATCH(DataNPI_BLU!$B23,DataPembayaran_BLU!$C$2:$C$700,0)),"") -> 49978305
A24: 23 | B24: =_xlfn.IFNA(INDEX(DataPembayaran_BLU!$C$2:$C$700,MATCH(DataNPI_BLU!$A24,DataPembayaran_BLU!$A$2:$A$700,0)),"") -> SPM-BLU/APTP-2026/0023 | C24: =IF(INDEX(DataPembayaran_BLU!$B$2:$B$700,MATCH(DataNPI_BLU!$B24,DataPembayaran_BLU!$C$2:$C$700,0))=0,"",INDEX(DataPembayaran_BLU!$B$2:$B$700,MATCH(DataNPI_BLU!$B24,DataPembayaran_BLU!$C$2:$C$700,0))) -> 46066 | D24: NPI-BLU/APTP-2026/0023 | E24: 46066 | F24: =_xlfn.IFNA(INDEX(data_pembayaran_total_pembayaran,MATCH(DataNPI_BLU!$B24,DataPembayaran_BLU!$C$2:$C$700,0)),"") -> 49617000
A25: 24 | B25: =_xlfn.IFNA(INDEX(DataPembayaran_BLU!$C$2:$C$700,MATCH(DataNPI_BLU!$A25,DataPembayaran_BLU!$A$2:$A$700,0)),"") -> SPM-BLU/APTP-2026/0024 | C25: =IF(INDEX(DataPembayaran_BLU!$B$2:$B$700,MATCH(DataNPI_BLU!$B25,DataPembayaran_BLU!$C$2:$C$700,0))=0,"",INDEX(DataPembayaran_BLU!$B$2:$B$700,MATCH(DataNPI_BLU!$B25,DataPembayaran_BLU!$C$2:$C$700,0))) -> 46066 | D25: NPI-BLU/APTP-2026/0024 | E25: 46066 | F25: =_xlfn.IFNA(INDEX(data_pembayaran_total_pembayaran,MATCH(DataNPI_BLU!$B25,DataPembayaran_BLU!$C$2:$C$700,0)),"") -> 45887400
A26: 25 | B26: =_xlfn.IFNA(INDEX(DataPembayaran_BLU!$C$2:$C$700,MATCH(DataNPI_BLU!$A26,DataPembayaran_BLU!$A$2:$A$700,0)),"") -> SPM-BLU/APTP-2026/0025 | C26: 46066 | D26: NPI-BLU/APTP-2026/0025 | E26: 46066 | F26: =_xlfn.IFNA(INDEX(data_pembayaran_total_pembayaran,MATCH(DataNPI_BLU!$B26,DataPembayaran_BLU!$C$2:$C$700,0)),"") -> 15540000
A27: 26 | B27: =_xlfn.IFNA(INDEX(DataPembayaran_BLU!$C$2:$C$700,MATCH(DataNPI_BLU!$A27,DataPembayaran_BLU!$A$2:$A$700,0)),"") -> SPM-BLU/APTP-2026/0026 | C27: 46073 | D27: NPI-BLU/APTP-2026/0026 | E27: 46073 | F27: =_xlfn.IFNA(INDEX(data_pembayaran_total_pembayaran,MATCH(DataNPI_BLU!$B27,DataPembayaran_BLU!$C$2:$C$700,0)),"") -> 10500600
A28: 27 | B28: =_xlfn.IFNA(INDEX(DataPembayaran_BLU!$C$2:$C$700,MATCH(DataNPI_BLU!$A28,DataPembayaran_BLU!$A$2:$A$700,0)),"") -> SPM-BLU/APTP-2026/0027 | C28: 46073 | D28: NPI-BLU/APTP-2026/0027 | E28: 46073 | F28: =_xlfn.IFNA(INDEX(data_pembayaran_total_pembayaran,MATCH(DataNPI_BLU!$B28,DataPembayaran_BLU!$C$2:$C$700,0)),"") -> 39793500
A29: 28 | B29: =_xlfn.IFNA(INDEX(DataPembayaran_BLU!$C$2:$C$700,MATCH(DataNPI_BLU!$A29,DataPembayaran_BLU!$A$2:$A$700,0)),"") -> SPM-BLU/APTP-2026/0028 | C29: 46073 | D29: NPI-BLU/APTP-2026/0028 | E29: 46073 | F29: =_xlfn.IFNA(INDEX(data_pembayaran_total_pembayaran,MATCH(DataNPI_BLU!$B29,DataPembayaran_BLU!$C$2:$C$700,0)),"") -> 13986000
A30: 29 | B30: =_xlfn.IFNA(INDEX(DataPembayaran_BLU!$C$2:$C$700,MATCH(DataNPI_BLU!$A30,DataPembayaran_BLU!$A$2:$A$700,0)),"") -> SPM-BLU/APTP-2026/0029 | C30: 46073 | D30: NPI-BLU/APTP-2026/0029 | E30: 46073 | F30: =_xlfn.IFNA(INDEX(data_pembayaran_total_pembayaran,MATCH(DataNPI_BLU!$B30,DataPembayaran_BLU!$C$2:$C$700,0)),"") -> 16791441
A31: 30 | B31: =_xlfn.IFNA(INDEX(DataPembayaran_BLU!$C$2:$C$700,MATCH(DataNPI_BLU!$A31,DataPembayaran_BLU!$A$2:$A$700,0)),"") -> SPM-BLU/APTP-2026/0030 | C31: 46073 | D31: NPI-BLU/APTP-2026/0030 | E31: 46073 | F31: =_xlfn.IFNA(INDEX(data_pembayaran_total_pembayaran,MATCH(DataNPI_BLU!$B31,DataPembayaran_BLU!$C$2:$C$700,0)),"") -> 14090000
A32: 31 | B32: =_xlfn.IFNA(INDEX(DataPembayaran_BLU!$C$2:$C$700,MATCH(DataNPI_BLU!$A32,DataPembayaran_BLU!$A$2:$A$700,0)),"") -> SPM-BLU/APTP-2026/0031 | C32: 46073 | D32: NPI-BLU/APTP-2026/0031 | E32: 46073 | F32: =_xlfn.IFNA(INDEX(data_pembayaran_total_pembayaran,MATCH(DataNPI_BLU!$B32,DataPembayaran_BLU!$C$2:$C$700,0)),"") -> 11250000
A33: 32 | B33: =_xlfn.IFNA(INDEX(DataPembayaran_BLU!$C$2:$C$700,MATCH(DataNPI_BLU!$A33,DataPembayaran_BLU!$A$2:$A$700,0)),"") -> SPM-BLU/APTP-2026/0032 | C33: 46073 | D33: NPI-BLU/APTP-2026/0032 | E33: 46073 | F33: =_xlfn.IFNA(INDEX(data_pembayaran_total_pembayaran,MATCH(DataNPI_BLU!$B33,DataPembayaran_BLU!$C$2:$C$700,0)),"") -> 22789345
A34: 33 | B34: =_xlfn.IFNA(INDEX(DataPembayaran_BLU!$C$2:$C$700,MATCH(DataNPI_BLU!$A34,DataPembayaran_BLU!$A$2:$A$700,0)),"") -> SPM-BLU/APTP-2026/0033 | C34: 46073 | D34: NPI-BLU/APTP-2026/0033 | E34: 46073 | F34: =_xlfn.IFNA(INDEX(data_pembayaran_total_pembayaran,MATCH(DataNPI_BLU!$B34,DataPembayaran_BLU!$C$2:$C$700,0)),"") -> 1645160
A35: 34 | B35: =_xlfn.IFNA(INDEX(DataPembayaran_BLU!$C$2:$C$700,MATCH(DataNPI_BLU!$A35,DataPembayaran_BLU!$A$2:$A$700,0)),"") -> SPM-BLU/APTP-2026/0034 | C35: =IF(INDEX(DataPembayaran_BLU!$B$2:$B$700,MATCH(DataNPI_BLU!$B35,DataPembayaran_BLU!$C$2:$C$700,0))=0,"",INDEX(DataPembayaran_BLU!$B$2:$B$700,MATCH(DataNPI_BLU!$B35,DataPembayaran_BLU!$C$2:$C$700,0))) -> 46073 | D35: NPI-BLU/APTP-2026/0034 | E35: 46073 | F35: =_xlfn.IFNA(INDEX(data_pembayaran_total_pembayaran,MATCH(DataNPI_BLU!$B35,DataPembayaran_BLU!$C$2:$C$700,0)),"") -> 16270000
A36: 35 | B36: =_xlfn.IFNA(INDEX(DataPembayaran_BLU!$C$2:$C$700,MATCH(DataNPI_BLU!$A36,DataPembayaran_BLU!$A$2:$A$700,0)),"") -> SPM-BLU/APTP-2026/0035 | C36: =IF(INDEX(DataPembayaran_BLU!$B$2:$B$700,MATCH(DataNPI_BLU!$B36,DataPembayaran_BLU!$C$2:$C$700,0))=0,"",INDEX(DataPembayaran_BLU!$B$2:$B$700,MATCH(DataNPI_BLU!$B36,DataPembayaran_BLU!$C$2:$C$700,0))) -> 46073 | D36: NPI-BLU/APTP-2026/0035 | E36: 46073 | F36: =_xlfn.IFNA(INDEX(data_pembayaran_total_pembayaran,MATCH(DataNPI_BLU!$B36,DataPembayaran_BLU!$C$2:$C$700,0)),"") -> 12100000
A37: 36 | B37: =_xlfn.IFNA(INDEX(DataPembayaran_BLU!$C$2:$C$700,MATCH(DataNPI_BLU!$A37,DataPembayaran_BLU!$A$2:$A$700,0)),"") -> SPM-BLU/APTP-2026/0036 | C37: =IF(INDEX(DataPembayaran_BLU!$B$2:$B$700,MATCH(DataNPI_BLU!$B37,DataPembayaran_BLU!$C$2:$C$700,0))=0,"",INDEX(DataPembayaran_BLU!$B$2:$B$700,MATCH(DataNPI_BLU!$B37,DataPembayaran_BLU!$C$2:$C$700,0))) -> 46073 | D37: NPI-BLU/APTP-2026/0036 | E37: 46073 | F37: =_xlfn.IFNA(INDEX(data_pembayaran_total_pembayaran,MATCH(DataNPI_BLU!$B37,DataPembayaran_BLU!$C$2:$C$700,0)),"") -> 15439000
A38: 37 | B38: =_xlfn.IFNA(INDEX(DataPembayaran_BLU!$C$2:$C$700,MATCH(DataNPI_BLU!$A38,DataPembayaran_BLU!$A$2:$A$700,0)),"") -> SPM-BLU/APTP-2026/0037 | C38: =IF(INDEX(DataPembayaran_BLU!$B$2:$B$700,MATCH(DataNPI_BLU!$B38,DataPembayaran_BLU!$C$2:$C$700,0))=0,"",INDEX(DataPembayaran_BLU!$B$2:$B$700,MATCH(DataNPI_BLU!$B38,DataPembayaran_BLU!$C$2:$C$700,0))) -> 46073 | D38: NPI-BLU/APTP-2026/0037 | E38: 46073 | F38: =_xlfn.IFNA(INDEX(data_pembayaran_total_pembayaran,MATCH(DataNPI_BLU!$B38,DataPembayaran_BLU!$C$2:$C$700,0)),"") -> 1901010
A39: 38 | B39: =_xlfn.IFNA(INDEX(DataPembayaran_BLU!$C$2:$C$700,MATCH(DataNPI_BLU!$A39,DataPembayaran_BLU!$A$2:$A$700,0)),"") -> SPM-BLU/APTP-2026/0038 | C39: =IF(INDEX(DataPembayaran_BLU!$B$2:$B$700,MATCH(DataNPI_BLU!$B39,DataPembayaran_BLU!$C$2:$C$700,0))=0,"",INDEX(DataPembayaran_BLU!$B$2:$B$700,MATCH(DataNPI_BLU!$B39,DataPembayaran_BLU!$C$2:$C$700,0))) -> 46073 | D39: NPI-BLU/APTP-2026/0038 | E39: =IF(INDEX(DataPembayaran_BLU!$B$2:$B$700,MATCH(DataNPI_BLU!$B39,DataPembayaran_BLU!$C$2:$C$700,0))=0,"",INDEX(DataPembayaran_BLU!$B$2:$B$700,MATCH(DataNPI_BLU!$B39,DataPembayaran_BLU!$C$2:$C$700,0))) -> 46073 | F39: =_xlfn.IFNA(INDEX(data_pembayaran_total_pembayaran,MATCH(DataNPI_BLU!$B39,DataPembayaran_BLU!$C$2:$C$700,0)),"") -> 5900000
A40: 39 | B40: =_xlfn.IFNA(INDEX(DataPembayaran_BLU!$C$2:$C$700,MATCH(DataNPI_BLU!$A40,DataPembayaran_BLU!$A$2:$A$700,0)),"") -> SPM-BLU/APTP-2026/0039 | C40: =IF(INDEX(DataPembayaran_BLU!$B$2:$B$700,MATCH(DataNPI_BLU!$B40,DataPembayaran_BLU!$C$2:$C$700,0))=0,"",INDEX(DataPembayaran_BLU!$B$2:$B$700,MATCH(DataNPI_BLU!$B40,DataPembayaran_BLU!$C$2:$C$700,0))) -> 46073 | D40: NPI-BLU/APTP-2026/0039 | E40: =IF(INDEX(DataPembayaran_BLU!$B$2:$B$700,MATCH(DataNPI_BLU!$B40,DataPembayaran_BLU!$C$2:$C$700,0))=0,"",INDEX(DataPembayaran_BLU!$B$2:$B$700,MATCH(DataNPI_BLU!$B40,DataPembayaran_BLU!$C$2:$C$700,0))) -> 46073 | F40: =_xlfn.IFNA(INDEX(data_pembayaran_total_pembayaran,MATCH(DataNPI_BLU!$B40,DataPembayaran_BLU!$C$2:$C$700,0)),"") -> 5290000
A41: 40 | B41: =_xlfn.IFNA(INDEX(DataPembayaran_BLU!$C$2:$C$700,MATCH(DataNPI_BLU!$A41,DataPembayaran_BLU!$A$2:$A$700,0)),"") -> SPM-BLU/APTP-2026/0040 | C41: =IF(INDEX(DataPembayaran_BLU!$B$2:$B$700,MATCH(DataNPI_BLU!$B41,DataPembayaran_BLU!$C$2:$C$700,0))=0,"",INDEX(DataPembayaran_BLU!$B$2:$B$700,MATCH(DataNPI_BLU!$B41,DataPembayaran_BLU!$C$2:$C$700,0))) | D41: NPI-BLU/APTP-2026/0040 | E41: =IF(INDEX(DataPembayaran_BLU!$B$2:$B$700,MATCH(DataNPI_BLU!$B41,DataPembayaran_BLU!$C$2:$C$700,0))=0,"",INDEX(DataPembayaran_BLU!$B$2:$B$700,MATCH(DataNPI_BLU!$B41,DataPembayaran_BLU!$C$2:$C$700,0))) | F41: =_xlfn.IFNA(INDEX(data_pembayaran_total_pembayaran,MATCH(DataNPI_BLU!$B41,DataPembayaran_BLU!$C$2:$C$700,0)),"") -> 0
A42: 41 | B42: =_xlfn.IFNA(INDEX(DataPembayaran_BLU!$C$2:$C$700,MATCH(DataNPI_BLU!$A42,DataPembayaran_BLU!$A$2:$A$700,0)),"") -> SPM-BLU/APTP-2026/0041 | C42: =IF(INDEX(DataPembayaran_BLU!$B$2:$B$700,MATCH(DataNPI_BLU!$B42,DataPembayaran_BLU!$C$2:$C$700,0))=0,"",INDEX(DataPembayaran_BLU!$B$2:$B$700,MATCH(DataNPI_BLU!$B42,DataPembayaran_BLU!$C$2:$C$700,0))) | D42: NPI-BLU/APTP-2026/0041 | E42: =IF(INDEX(DataPembayaran_BLU!$B$2:$B$700,MATCH(DataNPI_BLU!$B42,DataPembayaran_BLU!$C$2:$C$700,0))=0,"",INDEX(DataPembayaran_BLU!$B$2:$B$700,MATCH(DataNPI_BLU!$B42,DataPembayaran_BLU!$C$2:$C$700,0))) | F42: =_xlfn.IFNA(INDEX(data_pembayaran_total_pembayaran,MATCH(DataNPI_BLU!$B42,DataPembayaran_BLU!$C$2:$C$700,0)),"") -> 0
A43: 42 | B43: =_xlfn.IFNA(INDEX(DataPembayaran_BLU!$C$2:$C$700,MATCH(DataNPI_BLU!$A43,DataPembayaran_BLU!$A$2:$A$700,0)),"") -> 0 | C43: =IF(INDEX(DataPembayaran_BLU!$B$2:$B$700,MATCH(DataNPI_BLU!$B43,DataPembayaran_BLU!$C$2:$C$700,0))=0,"",INDEX(DataPembayaran_BLU!$B$2:$B$700,MATCH(DataNPI_BLU!$B43,DataPembayaran_BLU!$C$2:$C$700,0))) -> #N/A | D43: NPI-BLU/APTP-2026/0042 | E43: =IF(INDEX(DataPembayaran_BLU!$B$2:$B$700,MATCH(DataNPI_BLU!$B43,DataPembayaran_BLU!$C$2:$C$700,0))=0,"",INDEX(DataPembayaran_BLU!$B$2:$B$700,MATCH(DataNPI_BLU!$B43,DataPembayaran_BLU!$C$2:$C$700,0))) -> #N/A | F43: =_xlfn.IFNA(INDEX(data_pembayaran_total_pembayaran,MATCH(DataNPI_BLU!$B43,DataPembayaran_BLU!$C$2:$C$700,0)),"")
A44: 43 | B44: =_xlfn.IFNA(INDEX(DataPembayaran_BLU!$C$2:$C$700,MATCH(DataNPI_BLU!$A44,DataPembayaran_BLU!$A$2:$A$700,0)),"") -> 0 | C44: =IF(INDEX(DataPembayaran_BLU!$B$2:$B$700,MATCH(DataNPI_BLU!$B44,DataPembayaran_BLU!$C$2:$C$700,0))=0,"",INDEX(DataPembayaran_BLU!$B$2:$B$700,MATCH(DataNPI_BLU!$B44,DataPembayaran_BLU!$C$2:$C$700,0))) -> #N/A | D44: NPI-BLU/APTP-2026/0043 | E44: =IF(INDEX(DataPembayaran_BLU!$B$2:$B$700,MATCH(DataNPI_BLU!$B44,DataPembayaran_BLU!$C$2:$C$700,0))=0,"",INDEX(DataPembayaran_BLU!$B$2:$B$700,MATCH(DataNPI_BLU!$B44,DataPembayaran_BLU!$C$2:$C$700,0))) -> #N/A | F44: =_xlfn.IFNA(INDEX(data_pembayaran_total_pembayaran,MATCH(DataNPI_BLU!$B44,DataPembayaran_BLU!$C$2:$C$700,0)),"")
A45: 44 | B45: =_xlfn.IFNA(INDEX(DataPembayaran_BLU!$C$2:$C$700,MATCH(DataNPI_BLU!$A45,DataPembayaran_BLU!$A$2:$A$700,0)),"") -> 0 | C45: =IF(INDEX(DataPembayaran_BLU!$B$2:$B$700,MATCH(DataNPI_BLU!$B45,DataPembayaran_BLU!$C$2:$C$700,0))=0,"",INDEX(DataPembayaran_BLU!$B$2:$B$700,MATCH(DataNPI_BLU!$B45,DataPembayaran_BLU!$C$2:$C$700,0))) -> #N/A | D45: NPI-BLU/APTP-2026/0044 | E45: =IF(INDEX(DataPembayaran_BLU!$B$2:$B$700,MATCH(DataNPI_BLU!$B45,DataPembayaran_BLU!$C$2:$C$700,0))=0,"",INDEX(DataPembayaran_BLU!$B$2:$B$700,MATCH(DataNPI_BLU!$B45,DataPembayaran_BLU!$C$2:$C$700,0))) -> #N/A | F45: =_xlfn.IFNA(INDEX(data_pembayaran_total_pembayaran,MATCH(DataNPI_BLU!$B45,DataPembayaran_BLU!$C$2:$C$700,0)),"")
A46: 45 | B46: =_xlfn.IFNA(INDEX(DataPembayaran_BLU!$C$2:$C$700,MATCH(DataNPI_BLU!$A46,DataPembayaran_BLU!$A$2:$A$700,0)),"") -> 0 | C46: =IF(INDEX(DataPembayaran_BLU!$B$2:$B$700,MATCH(DataNPI_BLU!$B46,DataPembayaran_BLU!$C$2:$C$700,0))=0,"",INDEX(DataPembayaran_BLU!$B$2:$B$700,MATCH(DataNPI_BLU!$B46,DataPembayaran_BLU!$C$2:$C$700,0))) -> #N/A | D46: NPI-BLU/APTP-2026/0045 | E46: =IF(INDEX(DataPembayaran_BLU!$B$2:$B$700,MATCH(DataNPI_BLU!$B46,DataPembayaran_BLU!$C$2:$C$700,0))=0,"",INDEX(DataPembayaran_BLU!$B$2:$B$700,MATCH(DataNPI_BLU!$B46,DataPembayaran_BLU!$C$2:$C$700,0))) -> #N/A | F46: =_xlfn.IFNA(INDEX(data_pembayaran_total_pembayaran,MATCH(DataNPI_BLU!$B46,DataPembayaran_BLU!$C$2:$C$700,0)),"")
A47: 46 | B47: =_xlfn.IFNA(INDEX(DataPembayaran_BLU!$C$2:$C$700,MATCH(DataNPI_BLU!$A47,DataPembayaran_BLU!$A$2:$A$700,0)),"") -> 0 | C47: =IF(INDEX(DataPembayaran_BLU!$B$2:$B$700,MATCH(DataNPI_BLU!$B47,DataPembayaran_BLU!$C$2:$C$700,0))=0,"",INDEX(DataPembayaran_BLU!$B$2:$B$700,MATCH(DataNPI_BLU!$B47,DataPembayaran_BLU!$C$2:$C$700,0))) -> #N/A | D47: NPI-BLU/APTP-2026/0046 | E47: =IF(INDEX(DataPembayaran_BLU!$B$2:$B$700,MATCH(DataNPI_BLU!$B47,DataPembayaran_BLU!$C$2:$C$700,0))=0,"",INDEX(DataPembayaran_BLU!$B$2:$B$700,MATCH(DataNPI_BLU!$B47,DataPembayaran_BLU!$C$2:$C$700,0))) -> #N/A | F47: =_xlfn.IFNA(INDEX(data_pembayaran_total_pembayaran,MATCH(DataNPI_BLU!$B47,DataPembayaran_BLU!$C$2:$C$700,0)),"")
A48: 47 | B48: =_xlfn.IFNA(INDEX(DataPembayaran_BLU!$C$2:$C$700,MATCH(DataNPI_BLU!$A48,DataPembayaran_BLU!$A$2:$A$700,0)),"") -> 0 | C48: =IF(INDEX(DataPembayaran_BLU!$B$2:$B$700,MATCH(DataNPI_BLU!$B48,DataPembayaran_BLU!$C$2:$C$700,0))=0,"",INDEX(DataPembayaran_BLU!$B$2:$B$700,MATCH(DataNPI_BLU!$B48,DataPembayaran_BLU!$C$2:$C$700,0))) -> #N/A | D48: NPI-BLU/APTP-2026/0047 | E48: =IF(INDEX(DataPembayaran_BLU!$B$2:$B$700,MATCH(DataNPI_BLU!$B48,DataPembayaran_BLU!$C$2:$C$700,0))=0,"",INDEX(DataPembayaran_BLU!$B$2:$B$700,MATCH(DataNPI_BLU!$B48,DataPembayaran_BLU!$C$2:$C$700,0))) -> #N/A | F48: =_xlfn.IFNA(INDEX(data_pembayaran_total_pembayaran,MATCH(DataNPI_BLU!$B48,DataPembayaran_BLU!$C$2:$C$700,0)),"")
A49: 48 | B49: =_xlfn.IFNA(INDEX(DataPembayaran_BLU!$C$2:$C$700,MATCH(DataNPI_BLU!$A49,DataPembayaran_BLU!$A$2:$A$700,0)),"") | C49: =IF(INDEX(DataPembayaran_BLU!$B$2:$B$700,MATCH(DataNPI_BLU!$B49,DataPembayaran_BLU!$C$2:$C$700,0))=0,"",INDEX(DataPembayaran_BLU!$B$2:$B$700,MATCH(DataNPI_BLU!$B49,DataPembayaran_BLU!$C$2:$C$700,0))) | D49: NPI-BLU/APTP-2026/0048 | E49: =IF(INDEX(DataPembayaran_BLU!$B$2:$B$700,MATCH(DataNPI_BLU!$B49,DataPembayaran_BLU!$C$2:$C$700,0))=0,"",INDEX(DataPembayaran_BLU!$B$2:$B$700,MATCH(DataNPI_BLU!$B49,DataPembayaran_BLU!$C$2:$C$700,0))) | F49: =_xlfn.IFNA(INDEX(data_pembayaran_total_pembayaran,MATCH(DataNPI_BLU!$B49,DataPembayaran_BLU!$C$2:$C$700,0)),"") -> 0
A50: 49 | B50: =_xlfn.IFNA(INDEX(DataPembayaran_BLU!$C$2:$C$700,MATCH(DataNPI_BLU!$A50,DataPembayaran_BLU!$A$2:$A$700,0)),"") | C50: =IF(INDEX(DataPembayaran_BLU!$B$2:$B$700,MATCH(DataNPI_BLU!$B50,DataPembayaran_BLU!$C$2:$C$700,0))=0,"",INDEX(DataPembayaran_BLU!$B$2:$B$700,MATCH(DataNPI_BLU!$B50,DataPembayaran_BLU!$C$2:$C$700,0))) | D50: NPI-BLU/APTP-2026/0049 | E50: =IF(INDEX(DataPembayaran_BLU!$B$2:$B$700,MATCH(DataNPI_BLU!$B50,DataPembayaran_BLU!$C$2:$C$700,0))=0,"",INDEX(DataPembayaran_BLU!$B$2:$B$700,MATCH(DataNPI_BLU!$B50,DataPembayaran_BLU!$C$2:$C$700,0))) | F50: =_xlfn.IFNA(INDEX(data_pembayaran_total_pembayaran,MATCH(DataNPI_BLU!$B50,DataPembayaran_BLU!$C$2:$C$700,0)),"") -> 0
... A56: 55 | B56: =_xlfn.IFNA(INDEX(DataPembayaran_BLU!$C$2:$C$700,MATCH(DataNPI_BLU!$A56,DataPembayaran_BLU!$A$2:$A$700,0)),"") | C56: =IF(INDEX(DataPembayaran_BLU!$B$2:$B$700,MATCH(DataNPI_BLU!$B56,DataPembayaran_BLU!$C$2:$C$700,0))=0,"",INDEX(DataPembayaran_BLU!$B$2:$B$700,MATCH(DataNPI_BLU!$B56,DataPembayaran_BLU!$C$2:$C$700,0))) | D56: NPI-BLU/APTP-2026/0055 | E56: =IF(INDEX(DataPembayaran_BLU!$B$2:$B$700,MATCH(DataNPI_BLU!$B56,DataPembayaran_BLU!$C$2:$C$700,0))=0,"",INDEX(DataPembayaran_BLU!$B$2:$B$700,MATCH(DataNPI_BLU!$B56,DataPembayaran_BLU!$C$2:$C$700,0))) | F56: =_xlfn.IFNA(INDEX(data_pembayaran_total_pembayaran,MATCH(DataNPI_BLU!$B56,DataPembayaran_BLU!$C$2:$C$700,0)),"") -> 0
A57: 56 | B57: =_xlfn.IFNA(INDEX(DataPembayaran_BLU!$C$2:$C$700,MATCH(DataNPI_BLU!$A57,DataPembayaran_BLU!$A$2:$A$700,0)),"") | C57: =IF(INDEX(DataPembayaran_BLU!$B$2:$B$700,MATCH(DataNPI_BLU!$B57,DataPembayaran_BLU!$C$2:$C$700,0))=0,"",INDEX(DataPembayaran_BLU!$B$2:$B$700,MATCH(DataNPI_BLU!$B57,DataPembayaran_BLU!$C$2:$C$700,0))) | D57: NPI-BLU/APTP-2026/0056 | F57: =_xlfn.IFNA(INDEX(data_pembayaran_total_pembayaran,MATCH(DataNPI_BLU!$B57,DataPembayaran_BLU!$C$2:$C$700,0)),"") -> 0
A58: 57 | B58: =_xlfn.IFNA(INDEX(DataPembayaran_BLU!$C$2:$C$700,MATCH(DataNPI_BLU!$A58,DataPembayaran_BLU!$A$2:$A$700,0)),"") | C58: =IF(INDEX(DataPembayaran_BLU!$B$2:$B$700,MATCH(DataNPI_BLU!$B58,DataPembayaran_BLU!$C$2:$C$700,0))=0,"",INDEX(DataPembayaran_BLU!$B$2:$B$700,MATCH(DataNPI_BLU!$B58,DataPembayaran_BLU!$C$2:$C$700,0))) | D58: NPI-BLU/APTP-2026/0057 | F58: =_xlfn.IFNA(INDEX(data_pembayaran_total_pembayaran,MATCH(DataNPI_BLU!$B58,DataPembayaran_BLU!$C$2:$C$700,0)),"") -> 0
A59: 58 | B59: =_xlfn.IFNA(INDEX(DataPembayaran_BLU!$C$2:$C$700,MATCH(DataNPI_BLU!$A59,DataPembayaran_BLU!$A$2:$A$700,0)),"") | C59: =IF(INDEX(DataPembayaran_BLU!$B$2:$B$700,MATCH(DataNPI_BLU!$B59,DataPembayaran_BLU!$C$2:$C$700,0))=0,"",INDEX(DataPembayaran_BLU!$B$2:$B$700,MATCH(DataNPI_BLU!$B59,DataPembayaran_BLU!$C$2:$C$700,0))) | D59: NPI-BLU/APTP-2026/0058 | F59: =_xlfn.IFNA(INDEX(data_pembayaran_total_pembayaran,MATCH(DataNPI_BLU!$B59,DataPembayaran_BLU!$C$2:$C$700,0)),"") -> 0
A60: 59 | B60: =_xlfn.IFNA(INDEX(DataPembayaran_BLU!$C$2:$C$700,MATCH(DataNPI_BLU!$A60,DataPembayaran_BLU!$A$2:$A$700,0)),"") | C60: =IF(INDEX(DataPembayaran_BLU!$B$2:$B$700,MATCH(DataNPI_BLU!$B60,DataPembayaran_BLU!$C$2:$C$700,0))=0,"",INDEX(DataPembayaran_BLU!$B$2:$B$700,MATCH(DataNPI_BLU!$B60,DataPembayaran_BLU!$C$2:$C$700,0))) | D60: NPI-BLU/APTP-2026/0059 | F60: =_xlfn.IFNA(INDEX(data_pembayaran_total_pembayaran,MATCH(DataNPI_BLU!$B60,DataPembayaran_BLU!$C$2:$C$700,0)),"") -> 0
A61: 60 | B61: =_xlfn.IFNA(INDEX(DataPembayaran_BLU!$C$2:$C$700,MATCH(DataNPI_BLU!$A61,DataPembayaran_BLU!$A$2:$A$700,0)),"") | C61: =IF(INDEX(DataPembayaran_BLU!$B$2:$B$700,MATCH(DataNPI_BLU!$B61,DataPembayaran_BLU!$C$2:$C$700,0))=0,"",INDEX(DataPembayaran_BLU!$B$2:$B$700,MATCH(DataNPI_BLU!$B61,DataPembayaran_BLU!$C$2:$C$700,0))) | D61: NPI-BLU/APTP-2026/0060 | F61: =_xlfn.IFNA(INDEX(data_pembayaran_total_pembayaran,MATCH(DataNPI_BLU!$B61,DataPembayaran_BLU!$C$2:$C$700,0)),"") -> 0
A62: 61 | B62: =_xlfn.IFNA(INDEX(DataPembayaran_BLU!$C$2:$C$700,MATCH(DataNPI_BLU!$A62,DataPembayaran_BLU!$A$2:$A$700,0)),"") | C62: =IF(INDEX(DataPembayaran_BLU!$B$2:$B$700,MATCH(DataNPI_BLU!$B62,DataPembayaran_BLU!$C$2:$C$700,0))=0,"",INDEX(DataPembayaran_BLU!$B$2:$B$700,MATCH(DataNPI_BLU!$B62,DataPembayaran_BLU!$C$2:$C$700,0))) | D62: NPI-BLU/APTP-2026/0061 | F62: =_xlfn.IFNA(INDEX(data_pembayaran_total_pembayaran,MATCH(DataNPI_BLU!$B62,DataPembayaran_BLU!$C$2:$C$700,0)),"") -> 0
A63: 62 | B63: =_xlfn.IFNA(INDEX(DataPembayaran_BLU!$C$2:$C$700,MATCH(DataNPI_BLU!$A63,DataPembayaran_BLU!$A$2:$A$700,0)),"") | C63: =IF(INDEX(DataPembayaran_BLU!$B$2:$B$700,MATCH(DataNPI_BLU!$B63,DataPembayaran_BLU!$C$2:$C$700,0))=0,"",INDEX(DataPembayaran_BLU!$B$2:$B$700,MATCH(DataNPI_BLU!$B63,DataPembayaran_BLU!$C$2:$C$700,0))) | D63: NPI-BLU/APTP-2026/0062 | F63: =_xlfn.IFNA(INDEX(data_pembayaran_total_pembayaran,MATCH(DataNPI_BLU!$B63,DataPembayaran_BLU!$C$2:$C$700,0)),"") -> 0
A64: 63 | B64: =_xlfn.IFNA(INDEX(DataPembayaran_BLU!$C$2:$C$700,MATCH(DataNPI_BLU!$A64,DataPembayaran_BLU!$A$2:$A$700,0)),"") | C64: =IF(INDEX(DataPembayaran_BLU!$B$2:$B$700,MATCH(DataNPI_BLU!$B64,DataPembayaran_BLU!$C$2:$C$700,0))=0,"",INDEX(DataPembayaran_BLU!$B$2:$B$700,MATCH(DataNPI_BLU!$B64,DataPembayaran_BLU!$C$2:$C$700,0))) | D64: NPI-BLU/APTP-2026/0063 | F64: =_xlfn.IFNA(INDEX(data_pembayaran_total_pembayaran,MATCH(DataNPI_BLU!$B64,DataPembayaran_BLU!$C$2:$C$700,0)),"") -> 0
A65: 64 | B65: =_xlfn.IFNA(INDEX(DataPembayaran_BLU!$C$2:$C$700,MATCH(DataNPI_BLU!$A65,DataPembayaran_BLU!$A$2:$A$700,0)),"") | C65: =IF(INDEX(DataPembayaran_BLU!$B$2:$B$700,MATCH(DataNPI_BLU!$B65,DataPembayaran_BLU!$C$2:$C$700,0))=0,"",INDEX(DataPembayaran_BLU!$B$2:$B$700,MATCH(DataNPI_BLU!$B65,DataPembayaran_BLU!$C$2:$C$700,0))) | D65: NPI-BLU/APTP-2026/0064 | F65: =_xlfn.IFNA(INDEX(data_pembayaran_total_pembayaran,MATCH(DataNPI_BLU!$B65,DataPembayaran_BLU!$C$2:$C$700,0)),"") -> 0
A66: 65 | B66: =_xlfn.IFNA(INDEX(DataPembayaran_BLU!$C$2:$C$700,MATCH(DataNPI_BLU!$A66,DataPembayaran_BLU!$A$2:$A$700,0)),"") | C66: =IF(INDEX(DataPembayaran_BLU!$B$2:$B$700,MATCH(DataNPI_BLU!$B66,DataPembayaran_BLU!$C$2:$C$700,0))=0,"",INDEX(DataPembayaran_BLU!$B$2:$B$700,MATCH(DataNPI_BLU!$B66,DataPembayaran_BLU!$C$2:$C$700,0))) | D66: NPI-BLU/APTP-2026/0065 | F66: =_xlfn.IFNA(INDEX(data_pembayaran_total_pembayaran,MATCH(DataNPI_BLU!$B66,DataPembayaran_BLU!$C$2:$C$700,0)),"") -> 0
A67: 66 | B67: =_xlfn.IFNA(INDEX(DataPembayaran_BLU!$C$2:$C$700,MATCH(DataNPI_BLU!$A67,DataPembayaran_BLU!$A$2:$A$700,0)),"") | C67: =IF(INDEX(DataPembayaran_BLU!$B$2:$B$700,MATCH(DataNPI_BLU!$B67,DataPembayaran_BLU!$C$2:$C$700,0))=0,"",INDEX(DataPembayaran_BLU!$B$2:$B$700,MATCH(DataNPI_BLU!$B67,DataPembayaran_BLU!$C$2:$C$700,0))) | D67: NPI-BLU/APTP-2026/0066 | F67: =_xlfn.IFNA(INDEX(data_pembayaran_total_pembayaran,MATCH(DataNPI_BLU!$B67,DataPembayaran_BLU!$C$2:$C$700,0)),"") -> 0
A68: 67 | B68: =_xlfn.IFNA(INDEX(DataPembayaran_BLU!$C$2:$C$700,MATCH(DataNPI_BLU!$A68,DataPembayaran_BLU!$A$2:$A$700,0)),"") | C68: =IF(INDEX(DataPembayaran_BLU!$B$2:$B$700,MATCH(DataNPI_BLU!$B68,DataPembayaran_BLU!$C$2:$C$700,0))=0,"",INDEX(DataPembayaran_BLU!$B$2:$B$700,MATCH(DataNPI_BLU!$B68,DataPembayaran_BLU!$C$2:$C$700,0))) | D68: NPI-BLU/APTP-2026/0067 | F68: =_xlfn.IFNA(INDEX(data_pembayaran_total_pembayaran,MATCH(DataNPI_BLU!$B68,DataPembayaran_BLU!$C$2:$C$700,0)),"") -> 0
... A71: 70 | B71: =_xlfn.IFNA(INDEX(DataPembayaran_BLU!$C$2:$C$700,MATCH(DataNPI_BLU!$A71,DataPembayaran_BLU!$A$2:$A$700,0)),"") | C71: =IF(INDEX(DataPembayaran_BLU!$B$2:$B$700,MATCH(DataNPI_BLU!$B71,DataPembayaran_BLU!$C$2:$C$700,0))=0,"",INDEX(DataPembayaran_BLU!$B$2:$B$700,MATCH(DataNPI_BLU!$B71,DataPembayaran_BLU!$C$2:$C$700,0))) | D71: NPI-BLU/APTP-2026/0070 | F71: =_xlfn.IFNA(INDEX(data_pembayaran_total_pembayaran,MATCH(DataNPI_BLU!$B71,DataPembayaran_BLU!$C$2:$C$700,0)),"") -> 0
A72: 71 | B72: =_xlfn.IFNA(INDEX(DataPembayaran_BLU!$C$2:$C$700,MATCH(DataNPI_BLU!$A72,DataPembayaran_BLU!$A$2:$A$700,0)),"") | C72: =IF(INDEX(DataPembayaran_BLU!$B$2:$B$700,MATCH(DataNPI_BLU!$B72,DataPembayaran_BLU!$C$2:$C$700,0))=0,"",INDEX(DataPembayaran_BLU!$B$2:$B$700,MATCH(DataNPI_BLU!$B72,DataPembayaran_BLU!$C$2:$C$700,0))) | D72: NPI-BLU/APTP-2026/0071 | E72: =IF(INDEX(DataPembayaran_BLU!$B$2:$B$700,MATCH(DataNPI_BLU!$B72,DataPembayaran_BLU!$C$2:$C$700,0))=0,"",INDEX(DataPembayaran_BLU!$B$2:$B$700,MATCH(DataNPI_BLU!$B72,DataPembayaran_BLU!$C$2:$C$700,0))) | F72: =_xlfn.IFNA(INDEX(data_pembayaran_total_pembayaran,MATCH(DataNPI_BLU!$B72,DataPembayaran_BLU!$C$2:$C$700,0)),"") -> 0
A73: 72 | B73: =_xlfn.IFNA(INDEX(DataPembayaran_BLU!$C$2:$C$700,MATCH(DataNPI_BLU!$A73,DataPembayaran_BLU!$A$2:$A$700,0)),"") | C73: =IF(INDEX(DataPembayaran_BLU!$B$2:$B$700,MATCH(DataNPI_BLU!$B73,DataPembayaran_BLU!$C$2:$C$700,0))=0,"",INDEX(DataPembayaran_BLU!$B$2:$B$700,MATCH(DataNPI_BLU!$B73,DataPembayaran_BLU!$C$2:$C$700,0))) | D73: NPI-BLU/APTP-2026/0072 | E73: =IF(INDEX(DataPembayaran_BLU!$B$2:$B$700,MATCH(DataNPI_BLU!$B73,DataPembayaran_BLU!$C$2:$C$700,0))=0,"",INDEX(DataPembayaran_BLU!$B$2:$B$700,MATCH(DataNPI_BLU!$B73,DataPembayaran_BLU!$C$2:$C$700,0))) | F73: =_xlfn.IFNA(INDEX(data_pembayaran_total_pembayaran,MATCH(DataNPI_BLU!$B73,DataPembayaran_BLU!$C$2:$C$700,0)),"") -> 0
A74: 73 | B74: =_xlfn.IFNA(INDEX(DataPembayaran_BLU!$C$2:$C$700,MATCH(DataNPI_BLU!$A74,DataPembayaran_BLU!$A$2:$A$700,0)),"") | C74: =IF(INDEX(DataPembayaran_BLU!$B$2:$B$700,MATCH(DataNPI_BLU!$B74,DataPembayaran_BLU!$C$2:$C$700,0))=0,"",INDEX(DataPembayaran_BLU!$B$2:$B$700,MATCH(DataNPI_BLU!$B74,DataPembayaran_BLU!$C$2:$C$700,0))) | D74: NPI-BLU/APTP-2026/0073 | E74: =IF(INDEX(DataPembayaran_BLU!$B$2:$B$700,MATCH(DataNPI_BLU!$B74,DataPembayaran_BLU!$C$2:$C$700,0))=0,"",INDEX(DataPembayaran_BLU!$B$2:$B$700,MATCH(DataNPI_BLU!$B74,DataPembayaran_BLU!$C$2:$C$700,0))) | F74: =_xlfn.IFNA(INDEX(data_pembayaran_total_pembayaran,MATCH(DataNPI_BLU!$B74,DataPembayaran_BLU!$C$2:$C$700,0)),"") -> 0
A75: 74 | B75: =_xlfn.IFNA(INDEX(DataPembayaran_BLU!$C$2:$C$700,MATCH(DataNPI_BLU!$A75,DataPembayaran_BLU!$A$2:$A$700,0)),"") | C75: =IF(INDEX(DataPembayaran_BLU!$B$2:$B$700,MATCH(DataNPI_BLU!$B75,DataPembayaran_BLU!$C$2:$C$700,0))=0,"",INDEX(DataPembayaran_BLU!$B$2:$B$700,MATCH(DataNPI_BLU!$B75,DataPembayaran_BLU!$C$2:$C$700,0))) | D75: NPI-BLU/APTP-2026/0074 | E75: =IF(INDEX(DataPembayaran_BLU!$B$2:$B$700,MATCH(DataNPI_BLU!$B75,DataPembayaran_BLU!$C$2:$C$700,0))=0,"",INDEX(DataPembayaran_BLU!$B$2:$B$700,MATCH(DataNPI_BLU!$B75,DataPembayaran_BLU!$C$2:$C$700,0))) | F75: =_xlfn.IFNA(INDEX(data_pembayaran_total_pembayaran,MATCH(DataNPI_BLU!$B75,DataPembayaran_BLU!$C$2:$C$700,0)),"") -> 0
A76: 75 | B76: =_xlfn.IFNA(INDEX(DataPembayaran_BLU!$C$2:$C$700,MATCH(DataNPI_BLU!$A76,DataPembayaran_BLU!$A$2:$A$700,0)),"") | C76: =IF(INDEX(DataPembayaran_BLU!$B$2:$B$700,MATCH(DataNPI_BLU!$B76,DataPembayaran_BLU!$C$2:$C$700,0))=0,"",INDEX(DataPembayaran_BLU!$B$2:$B$700,MATCH(DataNPI_BLU!$B76,DataPembayaran_BLU!$C$2:$C$700,0))) | D76: NPI-BLU/APTP-2026/0075 | E76: =IF(INDEX(DataPembayaran_BLU!$B$2:$B$700,MATCH(DataNPI_BLU!$B76,DataPembayaran_BLU!$C$2:$C$700,0))=0,"",INDEX(DataPembayaran_BLU!$B$2:$B$700,MATCH(DataNPI_BLU!$B76,DataPembayaran_BLU!$C$2:$C$700,0))) | F76: =_xlfn.IFNA(INDEX(data_pembayaran_total_pembayaran,MATCH(DataNPI_BLU!$B76,DataPembayaran_BLU!$C$2:$C$700,0)),"") -> 0
A77: 76 | B77: =_xlfn.IFNA(INDEX(DataPembayaran_BLU!$C$2:$C$700,MATCH(DataNPI_BLU!$A77,DataPembayaran_BLU!$A$2:$A$700,0)),"") | C77: =IF(INDEX(DataPembayaran_BLU!$B$2:$B$700,MATCH(DataNPI_BLU!$B77,DataPembayaran_BLU!$C$2:$C$700,0))=0,"",INDEX(DataPembayaran_BLU!$B$2:$B$700,MATCH(DataNPI_BLU!$B77,DataPembayaran_BLU!$C$2:$C$700,0))) | D77: NPI-BLU/APTP-2026/0076 | E77: =IF(INDEX(DataPembayaran_BLU!$B$2:$B$700,MATCH(DataNPI_BLU!$B77,DataPembayaran_BLU!$C$2:$C$700,0))=0,"",INDEX(DataPembayaran_BLU!$B$2:$B$700,MATCH(DataNPI_BLU!$B77,DataPembayaran_BLU!$C$2:$C$700,0))) | F77: =_xlfn.IFNA(INDEX(data_pembayaran_total_pembayaran,MATCH(DataNPI_BLU!$B77,DataPembayaran_BLU!$C$2:$C$700,0)),"") -> 0
A78: 77 | B78: =_xlfn.IFNA(INDEX(DataPembayaran_BLU!$C$2:$C$700,MATCH(DataNPI_BLU!$A78,DataPembayaran_BLU!$A$2:$A$700,0)),"") | C78: =IF(INDEX(DataPembayaran_BLU!$B$2:$B$700,MATCH(DataNPI_BLU!$B78,DataPembayaran_BLU!$C$2:$C$700,0))=0,"",INDEX(DataPembayaran_BLU!$B$2:$B$700,MATCH(DataNPI_BLU!$B78,DataPembayaran_BLU!$C$2:$C$700,0))) | D78: NPI-BLU/APTP-2026/0077 | E78: =IF(INDEX(DataPembayaran_BLU!$B$2:$B$700,MATCH(DataNPI_BLU!$B78,DataPembayaran_BLU!$C$2:$C$700,0))=0,"",INDEX(DataPembayaran_BLU!$B$2:$B$700,MATCH(DataNPI_BLU!$B78,DataPembayaran_BLU!$C$2:$C$700,0))) | F78: =_xlfn.IFNA(INDEX(data_pembayaran_total_pembayaran,MATCH(DataNPI_BLU!$B78,DataPembayaran_BLU!$C$2:$C$700,0)),"") -> 0
A79: 78 | B79: =_xlfn.IFNA(INDEX(DataPembayaran_BLU!$C$2:$C$700,MATCH(DataNPI_BLU!$A79,DataPembayaran_BLU!$A$2:$A$700,0)),"") | C79: =IF(INDEX(DataPembayaran_BLU!$B$2:$B$700,MATCH(DataNPI_BLU!$B79,DataPembayaran_BLU!$C$2:$C$700,0))=0,"",INDEX(DataPembayaran_BLU!$B$2:$B$700,MATCH(DataNPI_BLU!$B79,DataPembayaran_BLU!$C$2:$C$700,0))) | D79: NPI-BLU/APTP-2026/0078 | E79: =IF(INDEX(DataPembayaran_BLU!$B$2:$B$700,MATCH(DataNPI_BLU!$B79,DataPembayaran_BLU!$C$2:$C$700,0))=0,"",INDEX(DataPembayaran_BLU!$B$2:$B$700,MATCH(DataNPI_BLU!$B79,DataPembayaran_BLU!$C$2:$C$700,0))) | F79: =_xlfn.IFNA(INDEX(data_pembayaran_total_pembayaran,MATCH(DataNPI_BLU!$B79,DataPembayaran_BLU!$C$2:$C$700,0)),"") -> 0
A80: 79 | B80: =_xlfn.IFNA(INDEX(DataPembayaran_BLU!$C$2:$C$700,MATCH(DataNPI_BLU!$A80,DataPembayaran_BLU!$A$2:$A$700,0)),"") | C80: =IF(INDEX(DataPembayaran_BLU!$B$2:$B$700,MATCH(DataNPI_BLU!$B80,DataPembayaran_BLU!$C$2:$C$700,0))=0,"",INDEX(DataPembayaran_BLU!$B$2:$B$700,MATCH(DataNPI_BLU!$B80,DataPembayaran_BLU!$C$2:$C$700,0))) | D80: NPI-BLU/APTP-2026/0079 | E80: =IF(INDEX(DataPembayaran_BLU!$B$2:$B$700,MATCH(DataNPI_BLU!$B80,DataPembayaran_BLU!$C$2:$C$700,0))=0,"",INDEX(DataPembayaran_BLU!$B$2:$B$700,MATCH(DataNPI_BLU!$B80,DataPembayaran_BLU!$C$2:$C$700,0))) | F80: =_xlfn.IFNA(INDEX(data_pembayaran_total_pembayaran,MATCH(DataNPI_BLU!$B80,DataPembayaran_BLU!$C$2:$C$700,0)),"") -> 0
A81: 80 | B81: =_xlfn.IFNA(INDEX(DataPembayaran_BLU!$C$2:$C$700,MATCH(DataNPI_BLU!$A81,DataPembayaran_BLU!$A$2:$A$700,0)),"") | C81: =IF(INDEX(DataPembayaran_BLU!$B$2:$B$700,MATCH(DataNPI_BLU!$B81,DataPembayaran_BLU!$C$2:$C$700,0))=0,"",INDEX(DataPembayaran_BLU!$B$2:$B$700,MATCH(DataNPI_BLU!$B81,DataPembayaran_BLU!$C$2:$C$700,0))) | D81: NPI-BLU/APTP-2026/0080 | E81: =IF(INDEX(DataPembayaran_BLU!$B$2:$B$700,MATCH(DataNPI_BLU!$B81,DataPembayaran_BLU!$C$2:$C$700,0))=0,"",INDEX(DataPembayaran_BLU!$B$2:$B$700,MATCH(DataNPI_BLU!$B81,DataPembayaran_BLU!$C$2:$C$700,0))) | F81: =_xlfn.IFNA(INDEX(data_pembayaran_total_pembayaran,MATCH(DataNPI_BLU!$B81,DataPembayaran_BLU!$C$2:$C$700,0)),"") -> 0
A82: 81 | B82: =_xlfn.IFNA(INDEX(DataPembayaran_BLU!$C$2:$C$700,MATCH(DataNPI_BLU!$A82,DataPembayaran_BLU!$A$2:$A$700,0)),"") | C82: =IF(INDEX(DataPembayaran_BLU!$B$2:$B$700,MATCH(DataNPI_BLU!$B82,DataPembayaran_BLU!$C$2:$C$700,0))=0,"",INDEX(DataPembayaran_BLU!$B$2:$B$700,MATCH(DataNPI_BLU!$B82,DataPembayaran_BLU!$C$2:$C$700,0))) | D82: NPI-BLU/APTP-2026/0081 | E82: =IF(INDEX(DataPembayaran_BLU!$B$2:$B$700,MATCH(DataNPI_BLU!$B82,DataPembayaran_BLU!$C$2:$C$700,0))=0,"",INDEX(DataPembayaran_BLU!$B$2:$B$700,MATCH(DataNPI_BLU!$B82,DataPembayaran_BLU!$C$2:$C$700,0))) | F82: =_xlfn.IFNA(INDEX(data_pembayaran_total_pembayaran,MATCH(DataNPI_BLU!$B82,DataPembayaran_BLU!$C$2:$C$700,0)),"") -> 0
A83: 82 | B83: =_xlfn.IFNA(INDEX(DataPembayaran_BLU!$C$2:$C$700,MATCH(DataNPI_BLU!$A83,DataPembayaran_BLU!$A$2:$A$700,0)),"") | C83: =IF(INDEX(DataPembayaran_BLU!$B$2:$B$700,MATCH(DataNPI_BLU!$B83,DataPembayaran_BLU!$C$2:$C$700,0))=0,"",INDEX(DataPembayaran_BLU!$B$2:$B$700,MATCH(DataNPI_BLU!$B83,DataPembayaran_BLU!$C$2:$C$700,0))) | D83: NPI-BLU/APTP-2026/0082 | E83: =IF(INDEX(DataPembayaran_BLU!$B$2:$B$700,MATCH(DataNPI_BLU!$B83,DataPembayaran_BLU!$C$2:$C$700,0))=0,"",INDEX(DataPembayaran_BLU!$B$2:$B$700,MATCH(DataNPI_BLU!$B83,DataPembayaran_BLU!$C$2:$C$700,0))) | F83: =_xlfn.IFNA(INDEX(data_pembayaran_total_pembayaran,MATCH(DataNPI_BLU!$B83,DataPembayaran_BLU!$C$2:$C$700,0)),"") -> 0
... A107: 106 | B107: =_xlfn.IFNA(INDEX(DataPembayaran_BLU!$C$2:$C$700,MATCH(DataNPI_BLU!$A107,DataPembayaran_BLU!$A$2:$A$700,0)),"") | C107: =IF(INDEX(DataPembayaran_BLU!$B$2:$B$700,MATCH(DataNPI_BLU!$B107,DataPembayaran_BLU!$C$2:$C$700,0))=0,"",INDEX(DataPembayaran_BLU!$B$2:$B$700,MATCH(DataNPI_BLU!$B107,DataPembayaran_BLU!$C$2:$C$700,0))) | D107: NPI-BLU/APTP-2026/0106 | E107: =IF(INDEX(DataPembayaran_BLU!$B$2:$B$700,MATCH(DataNPI_BLU!$B107,DataPembayaran_BLU!$C$2:$C$700,0))=0,"",INDEX(DataPembayaran_BLU!$B$2:$B$700,MATCH(DataNPI_BLU!$B107,DataPembayaran_BLU!$C$2:$C$700,0))) | F107: =_xlfn.IFNA(INDEX(data_pembayaran_total_pembayaran,MATCH(DataNPI_BLU!$B107,DataPembayaran_BLU!$C$2:$C$700,0)),"") -> 0
A108: 107 | B108: =_xlfn.IFNA(INDEX(DataPembayaran_BLU!$C$2:$C$700,MATCH(DataNPI_BLU!$A108,DataPembayaran_BLU!$A$2:$A$700,0)),"") | C108: =IF(INDEX(DataPembayaran_BLU!$B$2:$B$700,MATCH(DataNPI_BLU!$B108,DataPembayaran_BLU!$C$2:$C$700,0))=0,"",INDEX(DataPembayaran_BLU!$B$2:$B$700,MATCH(DataNPI_BLU!$B108,DataPembayaran_BLU!$C$2:$C$700,0))) | D108: NPI-BLU/APTP-2026/0107 | F108: =_xlfn.IFNA(INDEX(data_pembayaran_total_pembayaran,MATCH(DataNPI_BLU!$B108,DataPembayaran_BLU!$C$2:$C$700,0)),"") -> 0
A109: 108 | B109: =_xlfn.IFNA(INDEX(DataPembayaran_BLU!$C$2:$C$700,MATCH(DataNPI_BLU!$A109,DataPembayaran_BLU!$A$2:$A$700,0)),"") | C109: =IF(INDEX(DataPembayaran_BLU!$B$2:$B$700,MATCH(DataNPI_BLU!$B109,DataPembayaran_BLU!$C$2:$C$700,0))=0,"",INDEX(DataPembayaran_BLU!$B$2:$B$700,MATCH(DataNPI_BLU!$B109,DataPembayaran_BLU!$C$2:$C$700,0))) | D109: NPI-BLU/APTP-2026/0108 | F109: =_xlfn.IFNA(INDEX(data_pembayaran_total_pembayaran,MATCH(DataNPI_BLU!$B109,DataPembayaran_BLU!$C$2:$C$700,0)),"") -> 0
A110: 109 | B110: =_xlfn.IFNA(INDEX(DataPembayaran_BLU!$C$2:$C$700,MATCH(DataNPI_BLU!$A110,DataPembayaran_BLU!$A$2:$A$700,0)),"") | C110: =IF(INDEX(DataPembayaran_BLU!$B$2:$B$700,MATCH(DataNPI_BLU!$B110,DataPembayaran_BLU!$C$2:$C$700,0))=0,"",INDEX(DataPembayaran_BLU!$B$2:$B$700,MATCH(DataNPI_BLU!$B110,DataPembayaran_BLU!$C$2:$C$700,0))) | D110: NPI-BLU/APTP-2026/0109 | F110: =_xlfn.IFNA(INDEX(data_pembayaran_total_pembayaran,MATCH(DataNPI_BLU!$B110,DataPembayaran_BLU!$C$2:$C$700,0)),"") -> 0
A111: 110 | B111: =_xlfn.IFNA(INDEX(DataPembayaran_BLU!$C$2:$C$700,MATCH(DataNPI_BLU!$A111,DataPembayaran_BLU!$A$2:$A$700,0)),"") | C111: =IF(INDEX(DataPembayaran_BLU!$B$2:$B$700,MATCH(DataNPI_BLU!$B111,DataPembayaran_BLU!$C$2:$C$700,0))=0,"",INDEX(DataPembayaran_BLU!$B$2:$B$700,MATCH(DataNPI_BLU!$B111,DataPembayaran_BLU!$C$2:$C$700,0))) | D111: NPI-BLU/APTP-2026/0110 | F111: =_xlfn.IFNA(INDEX(data_pembayaran_total_pembayaran,MATCH(DataNPI_BLU!$B111,DataPembayaran_BLU!$C$2:$C$700,0)),"") -> 0
A112: 111 | B112: =_xlfn.IFNA(INDEX(DataPembayaran_BLU!$C$2:$C$700,MATCH(DataNPI_BLU!$A112,DataPembayaran_BLU!$A$2:$A$700,0)),"") | C112: =IF(INDEX(DataPembayaran_BLU!$B$2:$B$700,MATCH(DataNPI_BLU!$B112,DataPembayaran_BLU!$C$2:$C$700,0))=0,"",INDEX(DataPembayaran_BLU!$B$2:$B$700,MATCH(DataNPI_BLU!$B112,DataPembayaran_BLU!$C$2:$C$700,0))) | D112: NPI-BLU/APTP-2026/0111 | F112: =_xlfn.IFNA(INDEX(data_pembayaran_total_pembayaran,MATCH(DataNPI_BLU!$B112,DataPembayaran_BLU!$C$2:$C$700,0)),"") -> 0
A113: 112 | B113: =_xlfn.IFNA(INDEX(DataPembayaran_BLU!$C$2:$C$700,MATCH(DataNPI_BLU!$A113,DataPembayaran_BLU!$A$2:$A$700,0)),"") | C113: =IF(INDEX(DataPembayaran_BLU!$B$2:$B$700,MATCH(DataNPI_BLU!$B113,DataPembayaran_BLU!$C$2:$C$700,0))=0,"",INDEX(DataPembayaran_BLU!$B$2:$B$700,MATCH(DataNPI_BLU!$B113,DataPembayaran_BLU!$C$2:$C$700,0))) | D113: NPI-BLU/APTP-2026/0112 | F113: =_xlfn.IFNA(INDEX(data_pembayaran_total_pembayaran,MATCH(DataNPI_BLU!$B113,DataPembayaran_BLU!$C$2:$C$700,0)),"") -> 0
A114: 113 | B114: =_xlfn.IFNA(INDEX(DataPembayaran_BLU!$C$2:$C$700,MATCH(DataNPI_BLU!$A114,DataPembayaran_BLU!$A$2:$A$700,0)),"") | C114: =IF(INDEX(DataPembayaran_BLU!$B$2:$B$700,MATCH(DataNPI_BLU!$B114,DataPembayaran_BLU!$C$2:$C$700,0))=0,"",INDEX(DataPembayaran_BLU!$B$2:$B$700,MATCH(DataNPI_BLU!$B114,DataPembayaran_BLU!$C$2:$C$700,0))) | D114: NPI-BLU/APTP-2026/0113 | F114: =_xlfn.IFNA(INDEX(data_pembayaran_total_pembayaran,MATCH(DataNPI_BLU!$B114,DataPembayaran_BLU!$C$2:$C$700,0)),"") -> 0
A115: 114 | B115: =_xlfn.IFNA(INDEX(DataPembayaran_BLU!$C$2:$C$700,MATCH(DataNPI_BLU!$A115,DataPembayaran_BLU!$A$2:$A$700,0)),"") | D115: NPI-BLU/APTP-2026/0114 | F115: =_xlfn.IFNA(INDEX(data_pembayaran_total_pembayaran,MATCH(DataNPI_BLU!$B115,DataPembayaran_BLU!$C$2:$C$700,0)),"") -> 0
A116: 115 | B116: =_xlfn.IFNA(INDEX(DataPembayaran_BLU!$C$2:$C$700,MATCH(DataNPI_BLU!$A116,DataPembayaran_BLU!$A$2:$A$700,0)),"") | D116: NPI-BLU/APTP-2026/0115 | F116: =_xlfn.IFNA(INDEX(data_pembayaran_total_pembayaran,MATCH(DataNPI_BLU!$B116,DataPembayaran_BLU!$C$2:$C$700,0)),"") -> 0
A117: 116 | B117: =_xlfn.IFNA(INDEX(DataPembayaran_BLU!$C$2:$C$700,MATCH(DataNPI_BLU!$A117,DataPembayaran_BLU!$A$2:$A$700,0)),"") | D117: NPI-BLU/APTP-2026/0116 | F117: =_xlfn.IFNA(INDEX(data_pembayaran_total_pembayaran,MATCH(DataNPI_BLU!$B117,DataPembayaran_BLU!$C$2:$C$700,0)),"") -> 0
A118: 117 | B118: =_xlfn.IFNA(INDEX(DataPembayaran_BLU!$C$2:$C$700,MATCH(DataNPI_BLU!$A118,DataPembayaran_BLU!$A$2:$A$700,0)),"") | D118: NPI-BLU/APTP-2026/0117 | F118: =_xlfn.IFNA(INDEX(data_pembayaran_total_pembayaran,MATCH(DataNPI_BLU!$B118,DataPembayaran_BLU!$C$2:$C$700,0)),"") -> 0
A119: 118 | B119: =_xlfn.IFNA(INDEX(DataPembayaran_BLU!$C$2:$C$700,MATCH(DataNPI_BLU!$A119,DataPembayaran_BLU!$A$2:$A$700,0)),"") | D119: NPI-BLU/APTP-2026/0118 | F119: =_xlfn.IFNA(INDEX(data_pembayaran_total_pembayaran,MATCH(DataNPI_BLU!$B119,DataPembayaran_BLU!$C$2:$C$700,0)),"") -> 0
A120: 119 | B120: =_xlfn.IFNA(INDEX(DataPembayaran_BLU!$C$2:$C$700,MATCH(DataNPI_BLU!$A120,DataPembayaran_BLU!$A$2:$A$700,0)),"") | D120: NPI-BLU/APTP-2026/0119 | F120: =_xlfn.IFNA(INDEX(data_pembayaran_total_pembayaran,MATCH(DataNPI_BLU!$B120,DataPembayaran_BLU!$C$2:$C$700,0)),"") -> 0
A121: 120 | B121: =_xlfn.IFNA(INDEX(DataPembayaran_BLU!$C$2:$C$700,MATCH(DataNPI_BLU!$A121,DataPembayaran_BLU!$A$2:$A$700,0)),"") | D121: NPI-BLU/APTP-2026/0120 | F121: =_xlfn.IFNA(INDEX(data_pembayaran_total_pembayaran,MATCH(DataNPI_BLU!$B121,DataPembayaran_BLU!$C$2:$C$700,0)),"") -> 0
A122: 121 | B122: =_xlfn.IFNA(INDEX(DataPembayaran_BLU!$C$2:$C$700,MATCH(DataNPI_BLU!$A122,DataPembayaran_BLU!$A$2:$A$700,0)),"") | D122: NPI-BLU/APTP-2026/0121 | F122: =_xlfn.IFNA(INDEX(data_pembayaran_total_pembayaran,MATCH(DataNPI_BLU!$B122,DataPembayaran_BLU!$C$2:$C$700,0)),"") -> 0
A123: 122 | B123: =_xlfn.IFNA(INDEX(DataPembayaran_BLU!$C$2:$C$700,MATCH(DataNPI_BLU!$A123,DataPembayaran_BLU!$A$2:$A$700,0)),"") | D123: NPI-BLU/APTP-2026/0122 | F123: =_xlfn.IFNA(INDEX(data_pembayaran_total_pembayaran,MATCH(DataNPI_BLU!$B123,DataPembayaran_BLU!$C$2:$C$700,0)),"") -> 0
A124: 123 | B124: =_xlfn.IFNA(INDEX(DataPembayaran_BLU!$C$2:$C$700,MATCH(DataNPI_BLU!$A124,DataPembayaran_BLU!$A$2:$A$700,0)),"") | D124: NPI-BLU/APTP-2026/0123 | F124: =_xlfn.IFNA(INDEX(data_pembayaran_total_pembayaran,MATCH(DataNPI_BLU!$B124,DataPembayaran_BLU!$C$2:$C$700,0)),"") -> 0
A125: 124 | B125: =_xlfn.IFNA(INDEX(DataPembayaran_BLU!$C$2:$C$700,MATCH(DataNPI_BLU!$A125,DataPembayaran_BLU!$A$2:$A$700,0)),"") | D125: NPI-BLU/APTP-2026/0124 | F125: =_xlfn.IFNA(INDEX(data_pembayaran_total_pembayaran,MATCH(DataNPI_BLU!$B125,DataPembayaran_BLU!$C$2:$C$700,0)),"") -> 0
A126: 125 | B126: =_xlfn.IFNA(INDEX(DataPembayaran_BLU!$C$2:$C$700,MATCH(DataNPI_BLU!$A126,DataPembayaran_BLU!$A$2:$A$700,0)),"") | D126: NPI-BLU/APTP-2026/0125 | F126: =_xlfn.IFNA(INDEX(data_pembayaran_total_pembayaran,MATCH(DataNPI_BLU!$B126,DataPembayaran_BLU!$C$2:$C$700,0)),"") -> 0
... A182: 181 | B182: =_xlfn.IFNA(INDEX(DataPembayaran_BLU!$C$2:$C$700,MATCH(DataNPI_BLU!$A182,DataPembayaran_BLU!$A$2:$A$700,0)),"") | D182: NPI-BLU/APTP-2026/0181 | F182: =_xlfn.IFNA(INDEX(data_pembayaran_total_pembayaran,MATCH(DataNPI_BLU!$B182,DataPembayaran_BLU!$C$2:$C$700,0)),"") -> 0
A183: 182 | B183: =_xlfn.IFNA(INDEX(DataPembayaran_BLU!$C$2:$C$700,MATCH(DataNPI_BLU!$A183,DataPembayaran_BLU!$A$2:$A$700,0)),"") | C183: =IF(INDEX(DataPembayaran_BLU!$B$2:$B$700,MATCH(DataNPI_BLU!$B183,DataPembayaran_BLU!$C$2:$C$700,0))=0,"",INDEX(DataPembayaran_BLU!$B$2:$B$700,MATCH(DataNPI_BLU!$B183,DataPembayaran_BLU!$C$2:$C$700,0))) | D183: NPI-BLU/APTP-2026/0182 | F183: =_xlfn.IFNA(INDEX(data_pembayaran_total_pembayaran,MATCH(DataNPI_BLU!$B183,DataPembayaran_BLU!$C$2:$C$700,0)),"") -> 0
A184: 183 | B184: =_xlfn.IFNA(INDEX(DataPembayaran_BLU!$C$2:$C$700,MATCH(DataNPI_BLU!$A184,DataPembayaran_BLU!$A$2:$A$700,0)),"") | C184: =IF(INDEX(DataPembayaran_BLU!$B$2:$B$700,MATCH(DataNPI_BLU!$B184,DataPembayaran_BLU!$C$2:$C$700,0))=0,"",INDEX(DataPembayaran_BLU!$B$2:$B$700,MATCH(DataNPI_BLU!$B184,DataPembayaran_BLU!$C$2:$C$700,0))) | D184: NPI-BLU/APTP-2026/0183 | F184: =_xlfn.IFNA(INDEX(data_pembayaran_total_pembayaran,MATCH(DataNPI_BLU!$B184,DataPembayaran_BLU!$C$2:$C$700,0)),"") -> 0
A185: 184 | B185: =_xlfn.IFNA(INDEX(DataPembayaran_BLU!$C$2:$C$700,MATCH(DataNPI_BLU!$A185,DataPembayaran_BLU!$A$2:$A$700,0)),"") | C185: =IF(INDEX(DataPembayaran_BLU!$B$2:$B$700,MATCH(DataNPI_BLU!$B185,DataPembayaran_BLU!$C$2:$C$700,0))=0,"",INDEX(DataPembayaran_BLU!$B$2:$B$700,MATCH(DataNPI_BLU!$B185,DataPembayaran_BLU!$C$2:$C$700,0))) | D185: NPI-BLU/APTP-2026/0184 | F185: =_xlfn.IFNA(INDEX(data_pembayaran_total_pembayaran,MATCH(DataNPI_BLU!$B185,DataPembayaran_BLU!$C$2:$C$700,0)),"") -> 0
...

Sheet ViewNPI_BLU
A1: KEMENTERIAN PERHUBUNGAN | F1: NOTA PEMINDAHBUKUAN INTERNAL | K1: 26
A2: DIREKTORAT JENDERAL PERHUBUNGAN UDARA
A3: BADAN LAYANAN UMUM
A4: KANTOR UPBU AJI PANGERAN TUMENGGUNG PRANOTO
F5: Dari | G5: : | H5: Bendahara Pengeluaran
A6: SPM No. | B6: : | C6: =INDEX(DataNPI_BLU!$B$2:$B$700,MATCH(ViewNPI_BLU!$K$1,DataNPI_BLU!$A$2:$A$700,0)) -> SPM-BLU/APTP-2026/0026 | F6: Tanggal | G6: : | H6: =INDEX(DataNPI_BLU!$E$2:$E$700,MATCH(ViewNPI_BLU!$K$1,DataNPI_BLU!$A$2:$A$700,0)) -> 46073
A7: Tanggal | B7: : | C7: =INDEX(DataNPI_BLU!$C$2:$C$700,MATCH(ViewNPI_BLU!$K$1,DataNPI_BLU!$A$2:$A$700,0)) -> 46073 | F7: Nomor | G7: : | H7: =INDEX(DataNPI_BLU!$D$2:$D$700,MATCH(ViewNPI_BLU!$K$1,DataNPI_BLU!$A$2:$A$700,0)) -> NPI-BLU/APTP-2026/0026
F8: Tahun Anggaran | G8: : | H8: 2026
B10: Bendahara Penerimaan Kantor UPBU Aji Pangeran Tumenggung Pranoto
B12: hendaklah memindahbukukan dari RPL 046 BLU UPBU APT PRANOTO UNTUK OPS Penerimaan
B13: ke RPL 046 BLU UPBU APT PRANOTO UTK OPS PENGELUARAN,
B14: PT Bank Tabungan Negara (Persero) Tbk Cabang Samarinda
B15: Rekening Nomor 2001302885742 sesuai dengan
B17: Jumlah Uang | F17: =VLOOKUP(K1,DataNPI_BLU!$A$2:$F$700,6,FALSE) -> 10500600 | G17: =VLOOKUP(O11,DataNPI_BLU!$A$2:$F$300,3,FALSE) -> #N/A | H17: =VLOOKUP(P11,DataNPI_BLU!$A$2:$F$300,3,FALSE) -> #N/A | I17: =VLOOKUP(Q11,DataNPI_BLU!$A$2:$F$300,3,FALSE) -> #N/A
B20: =UPPER("***"&terbilang(F17))&" "&"RUPIAH***" -> #NAME?
B22: untuk keperluan pembayaran SPM Nomor | F22: =C6 -> SPM-BLU/APTP-2026/0026
B23: ="SPM Tanggal "&TEXT(C7,"[$-021]dd mmmm yyyy") -> SPM Tanggal 20 Februari 2026
F25: ="Samarinda, "&TEXT(H6,"dd mmmm yyyy") -> Samarinda, 20 February 2026
B26: Bendahara Penerimaan | F26: Pejabat Pembuat Komitmen
B30: =INDEX(nama_pejabat,MATCH(B$26,DataPejabat!$D$2:$D$9,0)) -> SITI KHOLIFAH | F30: =DataPejabat!B3 -> GUNAWAN
B31: ="NIP "&IFERROR(INDEX(nip_pejabat,MATCH($B$30,nama_pejabat,0)),"") -> NIP 198709042009122007 | F31: ="NIP "&IFERROR(INDEX(nip_pejabat,MATCH($F$30,nama_pejabat,0)),"") -> NIP 198411052007121001
B33: Bendahara Pengeluaran
B35: =INDEX(nama_pejabat,MATCH(B$33,DataPejabat!$D$2:$D$9,0)) -> YENY PUJI ASTUTI
B36: ="NIP "&IFERROR(INDEX(nip_pejabat,MATCH($B$35,nama_pejabat,0)),"") -> NIP 199202202010122001

Sheet Supplier
A1: Id | B1: Nama_Supplier | C1: Tipe_Supplier | D1: Alamat | E1: NPWP | F1: Bank/Pos | G1: No_Rekening | H1: Nama_Rekening | I1: No_Telepon
A2: =IF(B2="","",ROW()-1) -> 1 | B2: KANTOR UPBU AJI PANGERAN TUMENGGUNG PRANOTO | C2: 01 Satker | D2: Jl. Poros Samarinda - Bontang, Kel. Sungai Siring, Samarinda-Kalimantan Timur | E2: 00.168.190.7-722.000 | F2: Bank Tabungan Negara | G2: 2001302885742 | H2: RPL 046 BLU APT PRANOTO UTK OPS Pengeluaran
A3: =IF(B3="","",ROW()-1) -> 2 | B3: PARA PEGAWAI KANTOR UPBU AJI PANGERAN TUMENGGUNG PRANOTO | C3: 03 Pegawai | D3: Jl. Poros Samarinda - Bontang, Kel. Sunga Siring, Samarinda-Kalimantan Timur | E3: Terlampir | F3: Terlampir | G3: Terlampir | H3: Terlampir
A4: =IF(B4="","",ROW()-1) -> 3 | B4: PARA PPNPN KANTOR UPBU AJI PANGERAN TUMENGGUNG PRANOTO | C4: 06 Penerusan Pinjaman | D4: Jl. Poros Samarinda - Bontang, Kel. Sungai Siring, Samarinda-Kalimantan Timur | E4: 00.168.190.7-722.000 | F4: Terlampir | G4: 2001302885742 | H4: Terlampir
A5: =IF(B5="","",ROW()-1) -> 4 | B5: PT. GARUDA TAWAKAL ABADI | C5: 02 Penyedia Barang Jasa | D5: Jl. Griyo Mapan Sentosa EA1 No.2B RT.042 RW.005 | E5: 03.008.751.4-617.000 | F5: Bank Tabungan Negara | G5: 0006201880003220 | H5: PT.GARUDA TAWAKAL ABADI
A6: 5 | B6: CV. MAHAKAM RAYA HARMONI | C6: 02 Penyedia Barang Jasa | D6: Jl. Gunung Lingai, Kec. Sungai Pinang, Kota Samarinda, Provinsi Kalimantan Timur, Kode Pos 75119 | E6: 00.807.8608.0-722.000 | F6: Bank Tabungan Negara | G6: 2001300006889 | H6: CV. MAHAKAM RAYA HARMONI
A7: 6 | B7: CV. GUNA AKHLAK SUKSES | C7: 02 Penyedia Barang Jasa | D7: Jl. Harun Nafsi, RT. 15 Kel. Rapak Dalam, Kec. Loa Jalan Ilir Kota Samarinda, Kalimantan Timur 75131 | E7: 53.129.349.6-741.000 | F7: Bank Tabungan Negara | G7: 2001300006805 | H7: CV. GUNA AKHLAK SUKSES
A8: 7 | B8: PT. JAYA KENCANA | C8: 02 Penyedia Barang Jasa | D8: Jl. Rungkut Industri No.9 Surabaya | E8: 01.307.296.2-073.000 | F8: Bank Central Asia | G8: 0103171358 | H8: PT. JAYA KENCANA
A9: 8 | B9: CV. ANUGERAH ZIKIR KELUARGA UTAMA | C9: 02 Penyedia Barang Jasa | D9: Perum. Sambutan Permai BJ No. 013 RT. 022 RW. 000 Kel. Sambutan, Kec. Sambutan Kota Samarinda. | E9: 92.621.414.9-722.000 | F9: Bank Mandiri | G9: 1480017380281 | H9: CV. ANUGERAH ZIKIR KELUARGA UTAMA
A10: 9 | B10: CV. LAMTAMA GEMILANG | C10: 02 Penyedia Barang Jasa | D10: Ruko Duren Sawit Center No. 8-S JL. Duren Sawit Raya Duren Sawit Jakarta Timur | E10: 02.723.245.3-005.000 | F10: Bank DKI | G10: 10808150798 | H10: CV. LAMTAMA GEMILANG
A11: 10 | B11: CV. TROJOYO | C11: 02 Penyedia Barang Jasa | D11: Taman Tiara Regency New Age Cluster D.2, Desa Pagerwojo, Kecamatan Buduran - Kabupaten Sidoarjo, Provinsi Jakarta Timur | E11: 21.233.719.0-643.000 | F11: Bank Mandiri | G11: 1410025567868 | H11: CV. TROJOYO
A12: 11 | B12: CV. GARUDA KARYA BERSAMA | C12: 02 Penyedia Barang Jasa | D12: Jl. Trisari, Kel. Sidodadi, Kec. Samarinda Ulu Kota Samarinda, Kalimantan Timur 75131 | E12: 0607734639741000 | F12: Bank Tabungan Negara | G12: 0002001880002240 | H12: CV. GARUDA KARYA BERSAMA
A13: 12 | B13: PT. EDIFLY SOLUSI INDONESIA | C13: 02 Penyedia Barang Jasa | D13: JL. Raya Pasar Kecapi No. 16 Jatirahayu, Bekasi 17414 | E13: 083.136.905.3-447.000 | F13: Bank Mandiri | G13: 1270007989898 | H13: PT. EDIFLY SOLUSI INDONESIA
A14: 13 | B14: PT. INTERCIPTA JASA INDONESIA | C14: 02 Penyedia Barang Jasa | D14: Jl. Tampak Siring Blok KJF No. 28-32, Kalideres, Jakarta Barat | E14: 03.171.643.4-085.000 | F14: Bank Ina Perdana | G14: 1001661023 | H14: PT. INTERCIPTA JASA INDONESIA
A15: 14 | B15: PARA ANGGOTA TNI POLRI | C15: 02 Penyedia Barang Jasa | D15: Jl. Poros Samarinda - Bontang, Kel. Sungai Siring, Samarinda-Kalimantan Timur | E15: Terlampir | F15: Terlampir | G15: Terlampir | H15: Terlampir
A16: 15 | B16: PT. ANGKASA JAYA SERVIS | C16: 02 Penyedia Barang Jasa | D16: Jl. Poros Samarinda - Bontang, Kel. Sungai Siring, Samarinda-Kalimantan Timur | E16: 0539247528722000 | F16: Bank Tabungan Negara | G16: 2001880001341 | H16: PT. ANGKASA JAYA SERVIS
A17: 16 | B17: KAP ZAIDAN JAUHARI | C17: 02 Penyedia Barang Jasa | D17: Jl. Wahid Hasyim 2, Ruko Green City Residence No.8, Kel. Sempaja Sel., Kec.Samarinda Utara, Kota Samarinda, Kaltim 75119 | E17: 62.314.855.8-722.000 | F17: Bank Mandiri | G17: 1480054029999 | H17: Kantor Akuntan Publik Zaidan Jauhari
... A33: 32 | B33: POLITEKNIK PENERBANGAN PALEMBANG | C33: 02 Penyedia Barang Jasa | D33: Politeknik Penerbangan Palembang | E33: - | F33: Bank Mandiri | G33: 1130011724238 | H33: RPL 014 BLU PPP UTK OPS DK
A34: =IF(B34="","",ROW()-1)
A35: =IF(B35="","",ROW()-1)
A36: =IF(B36="","",ROW()-1)
A37: =IF(B37="","",ROW()-1)
A38: =IF(B38="","",ROW()-1)
A39: =IF(B39="","",ROW()-1)
A40: =IF(B40="","",ROW()-1)
A41: =IF(B41="","",ROW()-1)
A42: =IF(B42="","",ROW()-1)
A43: =IF(B43="","",ROW()-1)
A44: =IF(B44="","",ROW()-1)
A45: =IF(B45="","",ROW()-1)
... A251: =IF(B251="","",ROW()-1)

Sheet DataSP2D_BLU
A1: Nomor | B1: Nomor_SPM | C1: Tanggal_SPM | D1: Nomor_SP2D | E1: Tanggal_SP2D | F1: Klasifikasi_Belanja | G1: Payment_Method | H1: Nominal | I1: Tujuan_Pembayaran | J1: Alamat | K1: NPWP | L1: Rekening_Tujuan | M1: Bank/Pos | N1: Keterangan
A2: 1 | B2: =_xlfn.IFNA(INDEX(DataPembayaran_BLU!$C$2:$C$700,MATCH(A2,DataPembayaran_BLU!$A$2:$A$700,0)),"") -> SPM-BLU/APTP-2026/0001 | C2: =IF(INDEX(DataPembayaran_BLU!$B$2:$B$700,MATCH(DataSP2D_BLU!B2,DataPembayaran_BLU!$C$2:$C$700,0))=0,"",INDEX(DataPembayaran_BLU!$B$2:$B$700,MATCH(DataSP2D_BLU!B2,DataPembayaran_BLU!$C$2:$C$700,0))) -> 46051 | D2: SP2D-BLU/APTP-2026/0001 | E2: 46051 | F2: =IF(E2="","",DataPembayaran_BLU!$U2) -> Belanja Barang | G2: =IF(E2="","",DataPembayaran_BLU!$E$2) -> SP2D BLU - TRF | H2: =IF(E2="","",DataPembayaran_BLU!$L$2-DataPembayaran_BLU!$N$2-DataPembayaran_BLU!$P$2) -> 173661169 | I2: =IF(E2="","",DataPembayaran_BLU!$F$2) -> CV. GARUDA KARYA BERSAMA | J2: =IFERROR(INDEX(supplier_alamat,MATCH(DataSP2D_BLU!I2,supplier,0)),"") -> Jl. Trisari, Kel. Sidodadi, Kec. Samarinda Ulu Kota Samarinda, Kalimantan Timur 75131 | K2: =IFERROR(INDEX(supplier_npwp,MATCH(I2,supplier,0)),"") -> 0607734639741000 | L2: =IFERROR(INDEX(supplier_rekening,MATCH(I2,supplier,0)),"") -> 0002001880002240 | M2: =IFERROR(INDEX(supplier_bank,MATCH(I2,supplier,0)),"") -> Bank Tabungan Negara | N2: =IF(E2="","",DataPembayaran_BLU!$G$2) -> Pembayaran Belanja Barang Pekerjaan Pemotongan Rumput Sisi Udara Tahap I : 1 (Satu) Paket
A3: 2 | B3: =_xlfn.IFNA(INDEX(DataPembayaran_BLU!$C$2:$C$700,MATCH(A3,DataPembayaran_BLU!$A$2:$A$700,0)),"") -> SPM-BLU/APTP-2026/0002 | C3: =IF(INDEX(DataPembayaran_BLU!$B$2:$B$700,MATCH(DataSP2D_BLU!B3,DataPembayaran_BLU!$C$2:$C$700,0))=0,"",INDEX(DataPembayaran_BLU!$B$2:$B$700,MATCH(DataSP2D_BLU!B3,DataPembayaran_BLU!$C$2:$C$700,0))) -> 46051 | D3: SP2D-BLU/APTP-2026/0002 | E3: 46051 | F3: =IF(E3="","",DataPembayaran_BLU!$U3) -> Belanja Barang | G3: =IF(E3="","",DataPembayaran_BLU!$E$3) -> SP2D BLU - TRF | H3: =IF(E3="","",DataPembayaran_BLU!$L$3-DataPembayaran_BLU!$N$3-DataPembayaran_BLU!$P$3) -> 172150230 | I3: =IF(E3="","",DataPembayaran_BLU!$F$3) -> CV. GUNA AKHLAK SUKSES | J3: =IFERROR(INDEX(supplier_alamat,MATCH(DataSP2D_BLU!I3,supplier,0)),"") -> Jl. Harun Nafsi, RT. 15 Kel. Rapak Dalam, Kec. Loa Jalan Ilir Kota Samarinda, Kalimantan Timur 75131 | K3: =IFERROR(INDEX(supplier_npwp,MATCH(I3,supplier,0)),"") -> 53.129.349.6-741.000 | L3: =IFERROR(INDEX(supplier_rekening,MATCH(I3,supplier,0)),"") -> 2001300006805 | M3: =IFERROR(INDEX(supplier_bank,MATCH(I3,supplier,0)),"") -> Bank Tabungan Negara | N3: =IF(E3="","",DataPembayaran_BLU!$G$3) -> Pembayaran Belanja Barang Pengadaan Obat Air
A4: 3 | B4: =_xlfn.IFNA(INDEX(DataPembayaran_BLU!$C$2:$C$700,MATCH(A4,DataPembayaran_BLU!$A$2:$A$700,0)),"") -> SPM-BLU/APTP-2026/0003 | C4: =IF(INDEX(DataPembayaran_BLU!$B$2:$B$700,MATCH(DataSP2D_BLU!B4,DataPembayaran_BLU!$C$2:$C$700,0))=0,"",INDEX(DataPembayaran_BLU!$B$2:$B$700,MATCH(DataSP2D_BLU!B4,DataPembayaran_BLU!$C$2:$C$700,0))) -> 46051 | D4: SP2D-BLU/APTP-2026/0003 | E4: 46051 | F4: =IF(E4="","",DataPembayaran_BLU!$U4) -> Belanja Barang | G4: =IF(E4="","",DataPembayaran_BLU!$E$4) -> SP2D BLU - TRF | H4: =IF(E4="","",DataPembayaran_BLU!$L$4-DataPembayaran_BLU!$N$4-DataPembayaran_BLU!$P$4) -> 31752000 | I4: =IF(E4="","",DataPembayaran_BLU!$F$4) -> PT. ANGKASA JAYA SERVIS | J4: =IFERROR(INDEX(supplier_alamat,MATCH(DataSP2D_BLU!I4,supplier,0)),"") -> Jl. Poros Samarinda - Bontang, Kel. Sungai Siring, Samarinda-Kalimantan Timur | K4: =IFERROR(INDEX(supplier_npwp,MATCH(I4,supplier,0)),"") -> 0539247528722000 | L4: =IFERROR(INDEX(supplier_rekening,MATCH(I4,supplier,0)),"") -> 2001880001341 | M4: =IFERROR(INDEX(supplier_bank,MATCH(I4,supplier,0)),"") -> Bank Tabungan Negara | N4: =IF(E4="","",DataPembayaran_BLU!$G$4) -> Pembayaran Belanja Barang Pemeliharaan Fasilitas Sisi udara
A5: 4 | B5: =_xlfn.IFNA(INDEX(DataPembayaran_BLU!$C$2:$C$700,MATCH(A5,DataPembayaran_BLU!$A$2:$A$700,0)),"") -> SPM-BLU/APTP-2026/0004 | C5: =IF(INDEX(DataPembayaran_BLU!$B$2:$B$700,MATCH(DataSP2D_BLU!B5,DataPembayaran_BLU!$C$2:$C$700,0))=0,"",INDEX(DataPembayaran_BLU!$B$2:$B$700,MATCH(DataSP2D_BLU!B5,DataPembayaran_BLU!$C$2:$C$700,0))) -> 46051 | D5: SP2D-BLU/APTP-2026/0004 | E5: 46051 | F5: =IF(E5="","",DataPembayaran_BLU!$U5) -> Belanja Barang | G5: =IF(E5="","",DataPembayaran_BLU!$E$5) -> SP2D BLU - TRF | H5: =IF(E5="","",DataPembayaran_BLU!$L$5-DataPembayaran_BLU!$N$5-DataPembayaran_BLU!$P$5) -> 23520000 | I5: =IF(E5="","",DataPembayaran_BLU!$F$6) -> CV. GUNA AKHLAK SUKSES | J5: =IFERROR(INDEX(supplier_alamat,MATCH(DataSP2D_BLU!I5,supplier,0)),"") -> Jl. Harun Nafsi, RT. 15 Kel. Rapak Dalam, Kec. Loa Jalan Ilir Kota Samarinda, Kalimantan Timur 75131 | K5: =IFERROR(INDEX(supplier_npwp,MATCH(I5,supplier,0)),"") -> 53.129.349.6-741.000 | L5: =IFERROR(INDEX(supplier_rekening,MATCH(I5,supplier,0)),"") -> 2001300006805 | M5: =IFERROR(INDEX(supplier_bank,MATCH(I5,supplier,0)),"") -> Bank Tabungan Negara | N5: =IF(E5="","",DataPembayaran_BLU!$G$5) -> Pembayaran Belanja Barang Pemeliharaan Sistem Tata Udara
A6: 5 | B6: =_xlfn.IFNA(INDEX(DataPembayaran_BLU!$C$2:$C$700,MATCH(A6,DataPembayaran_BLU!$A$2:$A$700,0)),"") -> SPM-BLU/APTP-2026/0005 | C6: =IF(INDEX(DataPembayaran_BLU!$B$2:$B$700,MATCH(DataSP2D_BLU!B6,DataPembayaran_BLU!$C$2:$C$700,0))=0,"",INDEX(DataPembayaran_BLU!$B$2:$B$700,MATCH(DataSP2D_BLU!B6,DataPembayaran_BLU!$C$2:$C$700,0))) -> 46051 | D6: SP2D-BLU/APTP-2026/0005 | E6: 46051 | F6: =IF(E6="","",DataPembayaran_BLU!$U6) -> Belanja Barang | G6: =IF(E6="","",DataPembayaran_BLU!$E$6) -> SP2D BLU - TRF | H6: =IF(E6="","",DataPembayaran_BLU!$L$6-DataPembayaran_BLU!$N$6-DataPembayaran_BLU!$P$6) -> 9702000 | I6: =IF(E6="","",DataPembayaran_BLU!$F$6) -> CV. GUNA AKHLAK SUKSES | J6: =IFERROR(INDEX(supplier_alamat,MATCH(DataSP2D_BLU!I6,supplier,0)),"") -> Jl. Harun Nafsi, RT. 15 Kel. Rapak Dalam, Kec. Loa Jalan Ilir Kota Samarinda, Kalimantan Timur 75131 | K6: =IFERROR(INDEX(supplier_npwp,MATCH(I6,supplier,0)),"") -> 53.129.349.6-741.000 | L6: =IFERROR(INDEX(supplier_rekening,MATCH(I6,supplier,0)),"") -> 2001300006805 | M6: =IFERROR(INDEX(supplier_bank,MATCH(I6,supplier,0)),"") -> Bank Tabungan Negara | N6: =IF(E6="","",DataPembayaran_BLU!$G$6) -> Pembayaran Belanja Barang Pemeliharaan Sistem Air Bersih
A7: 6 | B7: =_xlfn.IFNA(INDEX(DataPembayaran_BLU!$C$2:$C$700,MATCH(A7,DataPembayaran_BLU!$A$2:$A$700,0)),"") -> SPM-BLU/APTP-2026/0006 | C7: =IF(INDEX(DataPembayaran_BLU!$B$2:$B$700,MATCH(DataSP2D_BLU!B7,DataPembayaran_BLU!$C$2:$C$700,0))=0,"",INDEX(DataPembayaran_BLU!$B$2:$B$700,MATCH(DataSP2D_BLU!B7,DataPembayaran_BLU!$C$2:$C$700,0))) -> 46051 | D7: SP2D-BLU/APTP-2026/0006 | E7: 46051 | F7: =IF(E7="","",DataPembayaran_BLU!$U7) -> Belanja Barang | G7: =IF(E7="","",DataPembayaran_BLU!$E$7) -> SP2D BLU - TRF | H7: =IF(E7="","",DataPembayaran_BLU!$L$7-DataPembayaran_BLU!$N$7-DataPembayaran_BLU!$P$7) -> 19306000 | I7: =IF(E7="","",DataPembayaran_BLU!$F$7) -> PT. ANGKASA JAYA SERVIS | J7: =IFERROR(INDEX(supplier_alamat,MATCH(DataSP2D_BLU!I7,supplier,0)),"") -> Jl. Poros Samarinda - Bontang, Kel. Sungai Siring, Samarinda-Kalimantan Timur | K7: =IFERROR(INDEX(supplier_npwp,MATCH(I7,supplier,0)),"") -> 0539247528722000 | L7: =IFERROR(INDEX(supplier_rekening,MATCH(I7,supplier,0)),"") -> 2001880001341 | M7: =IFERROR(INDEX(supplier_bank,MATCH(I7,supplier,0)),"") -> Bank Tabungan Negara | N7: =IF(E7="","",DataPembayaran_BLU!$G$7) -> Pembayaran Belanja Barang Pengelolaan Sistem Limbah
A8: 7 | B8: =_xlfn.IFNA(INDEX(DataPembayaran_BLU!$C$2:$C$700,MATCH(A8,DataPembayaran_BLU!$A$2:$A$700,0)),"") -> SPM-BLU/APTP-2026/0007 | C8: =IF(INDEX(DataPembayaran_BLU!$B$2:$B$700,MATCH(DataSP2D_BLU!B8,DataPembayaran_BLU!$C$2:$C$700,0))=0,"",INDEX(DataPembayaran_BLU!$B$2:$B$700,MATCH(DataSP2D_BLU!B8,DataPembayaran_BLU!$C$2:$C$700,0))) -> 46051 | D8: SP2D-BLU/APTP-2026/0007 | E8: 46051 | F8: =IF(E8="","",DataPembayaran_BLU!$U8) -> Belanja Barang | G8: =IF(E8="","",DataPembayaran_BLU!$E$8) -> SP2D BLU - TRF | H8: =IF(E8="","",DataPembayaran_BLU!$L$8-DataPembayaran_BLU!$N$8-DataPembayaran_BLU!$P$8) -> 31360000 | I8: =IF(E8="","",DataPembayaran_BLU!$F$8) -> CV. GUNA AKHLAK SUKSES | J8: =IFERROR(INDEX(supplier_alamat,MATCH(DataSP2D_BLU!I8,supplier,0)),"") -> Jl. Harun Nafsi, RT. 15 Kel. Rapak Dalam, Kec. Loa Jalan Ilir Kota Samarinda, Kalimantan Timur 75131 | K8: =IFERROR(INDEX(supplier_npwp,MATCH(I8,supplier,0)),"") -> 53.129.349.6-741.000 | L8: =IFERROR(INDEX(supplier_rekening,MATCH(I8,supplier,0)),"") -> 2001300006805 | M8: =IFERROR(INDEX(supplier_bank,MATCH(I8,supplier,0)),"") -> Bank Tabungan Negara | N8: =IF(E8="","",DataPembayaran_BLU!$G$8) -> Pembayaran Belanja Barang Perbaikan Sofa Disabilitas
A9: 8 | B9: =_xlfn.IFNA(INDEX(DataPembayaran_BLU!$C$2:$C$700,MATCH(A9,DataPembayaran_BLU!$A$2:$A$700,0)),"") -> SPM-BLU/APTP-2026/0008 | C9: =IF(INDEX(DataPembayaran_BLU!$B$2:$B$700,MATCH(DataSP2D_BLU!B9,DataPembayaran_BLU!$C$2:$C$700,0))=0,"",INDEX(DataPembayaran_BLU!$B$2:$B$700,MATCH(DataSP2D_BLU!B9,DataPembayaran_BLU!$C$2:$C$700,0))) -> 46051 | D9: SP2D-BLU/APTP-2026/0008 | E9: 46051 | F9: =IF(E9="","",DataPembayaran_BLU!$U9) -> Belanja Barang | G9: =IF(E9="","",DataPembayaran_BLU!$E$9) -> SP2D BLU - TRF | H9: =IF(E9="","",DataPembayaran_BLU!$L$9-DataPembayaran_BLU!$N$9-DataPembayaran_BLU!$P$9) -> 3920000 | I9: =IF(E9="","",DataPembayaran_BLU!$F$8) -> CV. GUNA AKHLAK SUKSES | J9: =IFERROR(INDEX(supplier_alamat,MATCH(DataSP2D_BLU!I9,supplier,0)),"") -> Jl. Harun Nafsi, RT. 15 Kel. Rapak Dalam, Kec. Loa Jalan Ilir Kota Samarinda, Kalimantan Timur 75131 | K9: =IFERROR(INDEX(supplier_npwp,MATCH(I9,supplier,0)),"") -> 53.129.349.6-741.000 | L9: =IFERROR(INDEX(supplier_rekening,MATCH(I9,supplier,0)),"") -> 2001300006805 | M9: =IFERROR(INDEX(supplier_bank,MATCH(I9,supplier,0)),"") -> Bank Tabungan Negara | N9: =IF(E9="","",DataPembayaran_BLU!$G$9) -> Pembayaran Belanja Barang Perbaikan Conveyor Checkin
A10: 9 | B10: =_xlfn.IFNA(INDEX(DataPembayaran_BLU!$C$2:$C$700,MATCH(A10,DataPembayaran_BLU!$A$2:$A$700,0)),"") -> SPM-BLU/APTP-2026/0009 | C10: =IF(INDEX(DataPembayaran_BLU!$B$2:$B$700,MATCH(DataSP2D_BLU!B10,DataPembayaran_BLU!$C$2:$C$700,0))=0,"",INDEX(DataPembayaran_BLU!$B$2:$B$700,MATCH(DataSP2D_BLU!B10,DataPembayaran_BLU!$C$2:$C$700,0))) -> 46051 | D10: SP2D-BLU/APTP-2026/0009 | E10: 46051 | F10: =IF(E10="","",DataPembayaran_BLU!$U10) -> Belanja Barang | G10: =IF(E10="","",DataPembayaran_BLU!$E$10) -> SP2D BLU - TRF | H10: =IF(E10="","",DataPembayaran_BLU!$L$10-DataPembayaran_BLU!$N$10-DataPembayaran_BLU!$P$10) -> 25000000 | I10: =IF(E10="","",DataPembayaran_BLU!$F$8) -> CV. GUNA AKHLAK SUKSES | J10: =IFERROR(INDEX(supplier_alamat,MATCH(DataSP2D_BLU!I10,supplier,0)),"") -> Jl. Harun Nafsi, RT. 15 Kel. Rapak Dalam, Kec. Loa Jalan Ilir Kota Samarinda, Kalimantan Timur 75131 | K10: =IFERROR(INDEX(supplier_npwp,MATCH(I10,supplier,0)),"") -> 53.129.349.6-741.000 | L10: =IFERROR(INDEX(supplier_rekening,MATCH(I10,supplier,0)),"") -> 2001300006805 | M10: =IFERROR(INDEX(supplier_bank,MATCH(I10,supplier,0)),"") -> Bank Tabungan Negara | N10: =IF(E10="","",DataPembayaran_BLU!$G$10) -> Pembayaran Belanja Pelatihan Basic PK Angkatan XLVI
A11: 10 | B11: =_xlfn.IFNA(INDEX(DataPembayaran_BLU!$C$2:$C$700,MATCH(A11,DataPembayaran_BLU!$A$2:$A$700,0)),"") -> SPM-BLU/APTP-2026/0010 | C11: =IF(INDEX(DataPembayaran_BLU!$B$2:$B$700,MATCH(DataSP2D_BLU!B11,DataPembayaran_BLU!$C$2:$C$700,0))=0,"",INDEX(DataPembayaran_BLU!$B$2:$B$700,MATCH(DataSP2D_BLU!B11,DataPembayaran_BLU!$C$2:$C$700,0))) -> 46057 | D11: SP2D-BLU/APTP-2026/0010 | E11: 46057 | F11: =IF(E11="","",DataPembayaran_BLU!$U11) -> Belanja Barang | G11: =IF(E11="","",DataPembayaran_BLU!$E$11) -> SP2D BLU - TRF | H11: =IF(E11="","",DataPembayaran_BLU!$L$11-DataPembayaran_BLU!$N$11-DataPembayaran_BLU!$P$11) -> 421968099 | I11: =IF(E11="","",DataPembayaran_BLU!$F$8) -> CV. GUNA AKHLAK SUKSES | J11: =IFERROR(INDEX(supplier_alamat,MATCH(DataSP2D_BLU!I11,supplier,0)),"") -> Jl. Harun Nafsi, RT. 15 Kel. Rapak Dalam, Kec. Loa Jalan Ilir Kota Samarinda, Kalimantan Timur 75131 | K11: =IFERROR(INDEX(supplier_npwp,MATCH(I11,supplier,0)),"") -> 53.129.349.6-741.000 | L11: =IFERROR(INDEX(supplier_rekening,MATCH(I11,supplier,0)),"") -> 2001300006805 | M11: =IFERROR(INDEX(supplier_bank,MATCH(I11,supplier,0)),"") -> Bank Tabungan Negara | N11: =IF(E11="","",DataPembayaran_BLU!$G$11) -> Pembayaran Belanja Barang Pengadaan Jasa Kebersihan Terminal dan Pemeliharaan Landscape Bandar udara Paket 1 Periode 01-31 Januari 2026
A12: 11 | B12: =_xlfn.IFNA(INDEX(DataPembayaran_BLU!$C$2:$C$700,MATCH(A12,DataPembayaran_BLU!$A$2:$A$700,0)),"") -> SPM-BLU/APTP-2026/0011 | C12: =IF(INDEX(DataPembayaran_BLU!$B$2:$B$700,MATCH(DataSP2D_BLU!B12,DataPembayaran_BLU!$C$2:$C$700,0))=0,"",INDEX(DataPembayaran_BLU!$B$2:$B$700,MATCH(DataSP2D_BLU!B12,DataPembayaran_BLU!$C$2:$C$700,0))) -> 46057 | D12: SP2D-BLU/APTP-2026/0011 | E12: 46057 | F12: =IF(E12="","",DataPembayaran_BLU!$U12) -> Belanja Barang | G12: =IF(E12="","",DataPembayaran_BLU!$E$12) -> SP2D BLU - TRF | H12: =IF(E12="","",DataPembayaran_BLU!$L$12-DataPembayaran_BLU!$N$12-DataPembayaran_BLU!$P$12) -> 475404230 | I12: =IF(E12="","",DataPembayaran_BLU!$F$12) -> PT. GARUDA TAWAKAL ABADI | J12: =IFERROR(INDEX(supplier_alamat,MATCH(DataSP2D_BLU!I12,supplier,0)),"") -> Jl. Griyo Mapan Sentosa EA1 No.2B RT.042 RW.005 | K12: =IFERROR(INDEX(supplier_npwp,MATCH(I12,supplier,0)),"") -> 03.008.751.4-617.000 | L12: =IFERROR(INDEX(supplier_rekening,MATCH(I12,supplier,0)),"") -> 0006201880003220 | M12: =IFERROR(INDEX(supplier_bank,MATCH(I12,supplier,0)),"") -> Bank Tabungan Negara | N12: =IF(E12="","",DataPembayaran_BLU!$G$12) -> Pembayaran Belanja Barang Pengadaan Jasa Outsourcing Pengamanan Bandar Udara (Personil Avsec) 1 Paket Periode Januari
A13: 12 | B13: =_xlfn.IFNA(INDEX(DataPembayaran_BLU!$C$2:$C$700,MATCH(A13,DataPembayaran_BLU!$A$2:$A$700,0)),"") -> SPM-BLU/APTP-2026/0012 | C13: =IF(INDEX(DataPembayaran_BLU!$B$2:$B$700,MATCH(DataSP2D_BLU!B13,DataPembayaran_BLU!$C$2:$C$700,0))=0,"",INDEX(DataPembayaran_BLU!$B$2:$B$700,MATCH(DataSP2D_BLU!B13,DataPembayaran_BLU!$C$2:$C$700,0))) -> 46057 | D13: SP2D-BLU/APTP-2026/0012 | E13: 46057 | F13: =IF(E13="","",DataPembayaran_BLU!$U13) -> Belanja Barang | G13: =IF(E13="","",DataPembayaran_BLU!$E$12) -> SP2D BLU - TRF | H13: =IF(E13="","",DataPembayaran_BLU!$L$13-DataPembayaran_BLU!$N$13-DataPembayaran_BLU!$P$13) -> 14126126 | I13: =IF(E13="","",DataPembayaran_BLU!$F$13) -> PT. ANGKASA JAYA SERVIS | J13: =IFERROR(INDEX(supplier_alamat,MATCH(DataSP2D_BLU!I13,supplier,0)),"") -> Jl. Poros Samarinda - Bontang, Kel. Sungai Siring, Samarinda-Kalimantan Timur | K13: =IFERROR(INDEX(supplier_npwp,MATCH(I13,supplier,0)),"") -> 0539247528722000 | L13: =IFERROR(INDEX(supplier_rekening,MATCH(I13,supplier,0)),"") -> 2001880001341 | M13: =IFERROR(INDEX(supplier_bank,MATCH(I13,supplier,0)),"") -> Bank Tabungan Negara | N13: =IF(E13="","",DataPembayaran_BLU!$G$13) -> Pembayaran Belanja Barang Jasa Pengangkutan Sampah Periode Januari
A14: 13 | B14: =_xlfn.IFNA(INDEX(DataPembayaran_BLU!$C$2:$C$700,MATCH(A14,DataPembayaran_BLU!$A$2:$A$700,0)),"") -> SPM-BLU/APTP-2026/0013 | C14: =IF(INDEX(DataPembayaran_BLU!$B$2:$B$700,MATCH(DataSP2D_BLU!B14,DataPembayaran_BLU!$C$2:$C$700,0))=0,"",INDEX(DataPembayaran_BLU!$B$2:$B$700,MATCH(DataSP2D_BLU!B14,DataPembayaran_BLU!$C$2:$C$700,0))) -> 46057 | D14: SP2D-BLU/APTP-2026/0013 | E14: 46057 | F14: =IF(E14="","",DataPembayaran_BLU!$U14) -> Belanja Barang | G14: =IF(E14="","",DataPembayaran_BLU!$E$14) -> SP2D BLU - TRF | H14: =IF(E14="","",DataPembayaran_BLU!$L$14-DataPembayaran_BLU!$N$14-DataPembayaran_BLU!$P$14) -> 33578000 | I14: =IF(E14="","",DataPembayaran_BLU!$F$14) -> CV. GUNA AKHLAK SUKSES | J14: =IFERROR(INDEX(supplier_alamat,MATCH(DataSP2D_BLU!I14,supplier,0)),"") -> Jl. Harun Nafsi, RT. 15 Kel. Rapak Dalam, Kec. Loa Jalan Ilir Kota Samarinda, Kalimantan Timur 75131 | K14: =IFERROR(INDEX(supplier_npwp,MATCH(I14,supplier,0)),"") -> 53.129.349.6-741.000 | L14: =IFERROR(INDEX(supplier_rekening,MATCH(I14,supplier,0)),"") -> 2001300006805 | M14: =IFERROR(INDEX(supplier_bank,MATCH(I14,supplier,0)),"") -> Bank Tabungan Negara | N14: =IF(E14="","",DataPembayaran_BLU!$G$14) -> Pembayaran Belanja Barang Pemeliharaan Ducting Return dan AHU Return
A15: 14 | B15: =_xlfn.IFNA(INDEX(DataPembayaran_BLU!$C$2:$C$700,MATCH(A15,DataPembayaran_BLU!$A$2:$A$700,0)),"") -> SPM-BLU/APTP-2026/0014 | C15: =IF(INDEX(DataPembayaran_BLU!$B$2:$B$700,MATCH(DataSP2D_BLU!B15,DataPembayaran_BLU!$C$2:$C$700,0))=0,"",INDEX(DataPembayaran_BLU!$B$2:$B$700,MATCH(DataSP2D_BLU!B15,DataPembayaran_BLU!$C$2:$C$700,0))) -> 46057 | D15: SP2D-BLU/APTP-2026/0014 | E15: 46057 | F15: =IF(E15="","",DataPembayaran_BLU!$U15) -> Belanja Barang | G15: =IF(E15="","",DataPembayaran_BLU!$E$15) -> SP2D BLU - TRF | H15: =IF(E15="","",DataPembayaran_BLU!$L$15-DataPembayaran_BLU!$N$15-DataPembayaran_BLU!$P$15) -> 39311350 | I15: =IF(E15="","",DataPembayaran_BLU!$F$15) -> PT. ANGKASA JAYA SERVIS | J15: =IFERROR(INDEX(supplier_alamat,MATCH(DataSP2D_BLU!I15,supplier,0)),"") -> Jl. Poros Samarinda - Bontang, Kel. Sungai Siring, Samarinda-Kalimantan Timur | K15: =IFERROR(INDEX(supplier_npwp,MATCH(I15,supplier,0)),"") -> 0539247528722000 | L15: =IFERROR(INDEX(supplier_rekening,MATCH(I15,supplier,0)),"") -> 2001880001341 | M15: =IFERROR(INDEX(supplier_bank,MATCH(I15,supplier,0)),"") -> Bank Tabungan Negara | N15: =IF(E15="","",DataPembayaran_BLU!$G$15) -> Pembayaran Belanja Barang Suku Cadang Listrik Bandara
A16: 15 | B16: =_xlfn.IFNA(INDEX(DataPembayaran_BLU!$C$2:$C$700,MATCH(A16,DataPembayaran_BLU!$A$2:$A$700,0)),"") -> SPM-BLU/APTP-2026/0015 | C16: =IF(INDEX(DataPembayaran_BLU!$B$2:$B$700,MATCH(DataSP2D_BLU!B16,DataPembayaran_BLU!$C$2:$C$700,0))=0,"",INDEX(DataPembayaran_BLU!$B$2:$B$700,MATCH(DataSP2D_BLU!B16,DataPembayaran_BLU!$C$2:$C$700,0))) -> 46057 | D16: SP2D-BLU/APTP-2026/0015 | E16: 46057 | F16: =IF(E16="","",DataPembayaran_BLU!$U16) -> Belanja Barang | G16: =IF(E16="","",DataPembayaran_BLU!$E$16) -> SP2D BLU - TRF | H16: =IF(E16="","",DataPembayaran_BLU!$L$16-DataPembayaran_BLU!$N$16-DataPembayaran_BLU!$P$16) -> 44273287 | I16: =IF(E16="","",DataPembayaran_BLU!$F$16) -> PT. ANGKASA JAYA SERVIS | J16: =IFERROR(INDEX(supplier_alamat,MATCH(DataSP2D_BLU!I16,supplier,0)),"") -> Jl. Poros Samarinda - Bontang, Kel. Sungai Siring, Samarinda-Kalimantan Timur | K16: =IFERROR(INDEX(supplier_npwp,MATCH(I16,supplier,0)),"") -> 0539247528722000 | L16: =IFERROR(INDEX(supplier_rekening,MATCH(I16,supplier,0)),"") -> 2001880001341 | M16: =IFERROR(INDEX(supplier_bank,MATCH(I16,supplier,0)),"") -> Bank Tabungan Negara | N16: =IF(E16="","",DataPembayaran_BLU!$G$16) -> Pembayaran Belanja Barang Suku Cadang Listrik Bandara Tahap II
A17: 16 | B17: =_xlfn.IFNA(INDEX(DataPembayaran_BLU!$C$2:$C$700,MATCH(A17,DataPembayaran_BLU!$A$2:$A$700,0)),"") -> SPM-BLU/APTP-2026/0016 | C17: =IF(INDEX(DataPembayaran_BLU!$B$2:$B$700,MATCH(DataSP2D_BLU!B17,DataPembayaran_BLU!$C$2:$C$700,0))=0,"",INDEX(DataPembayaran_BLU!$B$2:$B$700,MATCH(DataSP2D_BLU!B17,DataPembayaran_BLU!$C$2:$C$700,0))) -> 46057 | D17: SP2D-BLU/APTP-2026/0016 | E17: 46057 | F17: =IF(E17="","",DataPembayaran_BLU!$U17) -> Belanja Barang | G17: =IF(E17="","",DataPembayaran_BLU!$E$17) -> SP2D BLU - TRF | H17: =IF(E17="","",DataPembayaran_BLU!$L$17-DataPembayaran_BLU!$N$17-DataPembayaran_BLU!$P$17) -> 41496080 | I17: =IF(E17="","",DataPembayaran_BLU!$F$17) -> PT. ANGKASA JAYA SERVIS | J17: =IFERROR(INDEX(supplier_alamat,MATCH(DataSP2D_BLU!I17,supplier,0)),"") -> Jl. Poros Samarinda - Bontang, Kel. Sungai Siring, Samarinda-Kalimantan Timur | K17: =IFERROR(INDEX(supplier_npwp,MATCH(I17,supplier,0)),"") -> 0539247528722000 | L17: =IFERROR(INDEX(supplier_rekening,MATCH(I17,supplier,0)),"") -> 2001880001341 | M17: =IFERROR(INDEX(supplier_bank,MATCH(I17,supplier,0)),"") -> Bank Tabungan Negara | N17: =IF(E17="","",DataPembayaran_BLU!$G$17) -> Pembayaran Belanja Barang Suku Cadang Peralatan Elektronika
A18: 17 | B18: =_xlfn.IFNA(INDEX(DataPembayaran_BLU!$C$2:$C$700,MATCH(A18,DataPembayaran_BLU!$A$2:$A$700,0)),"") -> SPM-BLU/APTP-2026/0017 | C18: =IF(INDEX(DataPembayaran_BLU!$B$2:$B$700,MATCH(DataSP2D_BLU!B18,DataPembayaran_BLU!$C$2:$C$700,0))=0,"",INDEX(DataPembayaran_BLU!$B$2:$B$700,MATCH(DataSP2D_BLU!B18,DataPembayaran_BLU!$C$2:$C$700,0))) -> 46063 | D18: SP2D-BLU/APTP-2026/0017 | E18: 46063 | F18: =IF(E18="","",DataPembayaran_BLU!$U18) -> Belanja Barang | G18: =IF(E18="","",DataPembayaran_BLU!$E$18) -> SP2D BLU - TRF | H18: =IF(E18="","",DataPembayaran_BLU!$L$18-DataPembayaran_BLU!$N$18-DataPembayaran_BLU!$P$18) -> 15396843 | I18: =IF(E18="","",DataPembayaran_BLU!$F$18) -> PARA PEGAWAI KANTOR UPBU AJI PANGERAN TUMENGGUNG PRANOTO | J18: =IFERROR(INDEX(supplier_alamat,MATCH(DataSP2D_BLU!I18,supplier,0)),"") -> Jl. Poros Samarinda - Bontang, Kel. Sunga Siring, Samarinda-Kalimantan Timur | K18: =IFERROR(INDEX(supplier_npwp,MATCH(I18,supplier,0)),"") -> Terlampir | L18: =IFERROR(INDEX(supplier_rekening,MATCH(I18,supplier,0)),"") -> Terlampir | M18: =IFERROR(INDEX(supplier_bank,MATCH(I18,supplier,0)),"") -> Terlampir | N18: =IF(E18="","",DataPembayaran_BLU!$G$18) -> Belanja Barang Perjalanan Dinas Pegawai - Tiket
A19: 18 | B19: =_xlfn.IFNA(INDEX(DataPembayaran_BLU!$C$2:$C$700,MATCH(A19,DataPembayaran_BLU!$A$2:$A$700,0)),"") -> SPM-BLU/APTP-2026/0018 | C19: =IF(INDEX(DataPembayaran_BLU!$B$2:$B$700,MATCH(DataSP2D_BLU!B19,DataPembayaran_BLU!$C$2:$C$700,0))=0,"",INDEX(DataPembayaran_BLU!$B$2:$B$700,MATCH(DataSP2D_BLU!B19,DataPembayaran_BLU!$C$2:$C$700,0))) -> 46063 | D19: SP2D-BLU/APTP-2026/0018 | E19: 46063 | F19: =IF(E19="","",DataPembayaran_BLU!$U19) -> Belanja Barang | G19: =IF(E19="","",DataPembayaran_BLU!$E$19) -> SP2D BLU - TRF | H19: =IF(E19="","",DataPembayaran_BLU!$L$19-DataPembayaran_BLU!$N$19-DataPembayaran_BLU!$P$19) -> 2674500 | I19: =IF(E19="","",DataPembayaran_BLU!$F$19) -> PARA PEGAWAI KANTOR UPBU AJI PANGERAN TUMENGGUNG PRANOTO | J19: =IFERROR(INDEX(supplier_alamat,MATCH(DataSP2D_BLU!I19,supplier,0)),"") -> Jl. Poros Samarinda - Bontang, Kel. Sunga Siring, Samarinda-Kalimantan Timur | K19: =IFERROR(INDEX(supplier_npwp,MATCH(I19,supplier,0)),"") -> Terlampir | L19: =IFERROR(INDEX(supplier_rekening,MATCH(I19,supplier,0)),"") -> Terlampir | M19: =IFERROR(INDEX(supplier_bank,MATCH(I19,supplier,0)),"") -> Terlampir | N19: =IF(E19="","",DataPembayaran_BLU!$G$19) -> Belanja Barang Perjalanan Dinas Pegawai - Taxi
A20: 19 | B20: =_xlfn.IFNA(INDEX(DataPembayaran_BLU!$C$2:$C$700,MATCH(A20,DataPembayaran_BLU!$A$2:$A$700,0)),"") -> SPM-BLU/APTP-2026/0019 | C20: =IF(INDEX(DataPembayaran_BLU!$B$2:$B$700,MATCH(DataSP2D_BLU!B20,DataPembayaran_BLU!$C$2:$C$700,0))=0,"",INDEX(DataPembayaran_BLU!$B$2:$B$700,MATCH(DataSP2D_BLU!B20,DataPembayaran_BLU!$C$2:$C$700,0))) -> 46063 | D20: SP2D-BLU/APTP-2026/0019 | E20: 46063 | F20: =IF(E20="","",DataPembayaran_BLU!$U20) -> Belanja Barang | G20: =IF(E20="","",DataPembayaran_BLU!$E$20) -> SP2D BLU - TRF | H20: =IF(E20="","",DataPembayaran_BLU!$L$20-DataPembayaran_BLU!$N$20-DataPembayaran_BLU!$P$20) -> 2695001 | I20: =IF(E20="","",DataPembayaran_BLU!$F$20) -> PARA PEGAWAI KANTOR UPBU AJI PANGERAN TUMENGGUNG PRANOTO | J20: =IFERROR(INDEX(supplier_alamat,MATCH(DataSP2D_BLU!I20,supplier,0)),"") -> Jl. Poros Samarinda - Bontang, Kel. Sunga Siring, Samarinda-Kalimantan Timur | K20: =IFERROR(INDEX(supplier_npwp,MATCH(I20,supplier,0)),"") -> Terlampir | L20: =IFERROR(INDEX(supplier_rekening,MATCH(I20,supplier,0)),"") -> Terlampir | M20: =IFERROR(INDEX(supplier_bank,MATCH(I20,supplier,0)),"") -> Terlampir | N20: =IF(E20="","",DataPembayaran_BLU!$G$20) -> Belanja Barang Perjalanan Dinas Pegawai - Hotel
A21: 20 | B21: =_xlfn.IFNA(INDEX(DataPembayaran_BLU!$C$2:$C$700,MATCH(A21,DataPembayaran_BLU!$A$2:$A$700,0)),"") -> SPM-BLU/APTP-2026/0020 | C21: =IF(INDEX(DataPembayaran_BLU!$B$2:$B$700,MATCH(DataSP2D_BLU!B21,DataPembayaran_BLU!$C$2:$C$700,0))=0,"",INDEX(DataPembayaran_BLU!$B$2:$B$700,MATCH(DataSP2D_BLU!B21,DataPembayaran_BLU!$C$2:$C$700,0))) -> 46063 | D21: SP2D-BLU/APTP-2026/0020 | E21: 46063 | F21: =IF(E21="","",DataPembayaran_BLU!$U21) -> Belanja Barang | G21: =IF(E21="","",DataPembayaran_BLU!$E$21) -> SP2D BLU - TRF | H21: =IF(E21="","",DataPembayaran_BLU!$L$21-DataPembayaran_BLU!$N$21-DataPembayaran_BLU!$P$21) -> 5860000 | I21: =IF(E21="","",DataPembayaran_BLU!$F$21) -> PARA PEGAWAI KANTOR UPBU AJI PANGERAN TUMENGGUNG PRANOTO | J21: =IFERROR(INDEX(supplier_alamat,MATCH(DataSP2D_BLU!I21,supplier,0)),"") -> Jl. Poros Samarinda - Bontang, Kel. Sunga Siring, Samarinda-Kalimantan Timur | K21: =IFERROR(INDEX(supplier_npwp,MATCH(I21,supplier,0)),"") -> Terlampir | L21: =IFERROR(INDEX(supplier_rekening,MATCH(I21,supplier,0)),"") -> Terlampir | M21: =IFERROR(INDEX(supplier_bank,MATCH(I21,supplier,0)),"") -> Terlampir | N21: =IF(E21="","",DataPembayaran_BLU!$G$21) -> Belanja Barang Perjalanan Dinas Pegawai - Uang Harian
A22: 21 | B22: =_xlfn.IFNA(INDEX(DataPembayaran_BLU!$C$2:$C$700,MATCH(A22,DataPembayaran_BLU!$A$2:$A$700,0)),"") -> SPM-BLU/APTP-2026/0021 | C22: =IF(INDEX(DataPembayaran_BLU!$B$2:$B$700,MATCH(DataSP2D_BLU!B22,DataPembayaran_BLU!$C$2:$C$700,0))=0,"",INDEX(DataPembayaran_BLU!$B$2:$B$700,MATCH(DataSP2D_BLU!B22,DataPembayaran_BLU!$C$2:$C$700,0))) -> 46066 | D22: SP2D-BLU/APTP-2026/0021 | E22: 46067 | F22: =IF(E22="","",DataPembayaran_BLU!$U22) -> Belanja Barang | G22: =IF(E22="","",DataPembayaran_BLU!$E$22) -> SP2D BLU - TRF | H22: =IF(E22="","",DataPembayaran_BLU!$L$22-DataPembayaran_BLU!$N$22-DataPembayaran_BLU!$P$22) -> 3475000 | I22: =IF(E22="","",DataPembayaran_BLU!$F$22) -> PARA ANGGOTA TNI POLRI | J22: =IFERROR(INDEX(supplier_alamat,MATCH(DataSP2D_BLU!I22,supplier,0)),"") -> Jl. Poros Samarinda - Bontang, Kel. Sungai Siring, Samarinda-Kalimantan Timur | K22: =IFERROR(INDEX(supplier_npwp,MATCH(I22,supplier,0)),"") -> Terlampir | L22: =IFERROR(INDEX(supplier_rekening,MATCH(I22,supplier,0)),"") -> Terlampir | M22: =IFERROR(INDEX(supplier_bank,MATCH(I22,supplier,0)),"") -> Terlampir | N22: =IF(E22="","",DataPembayaran_BLU!$G$22) -> Pembayaran Belanja Barang kegiatan honorarium pengamanan objek vital bandara Periode Januari 2026
A23: 22 | B23: =_xlfn.IFNA(INDEX(DataPembayaran_BLU!$C$2:$C$700,MATCH(A23,DataPembayaran_BLU!$A$2:$A$700,0)),"") -> SPM-BLU/APTP-2026/0022 | C23: =IF(INDEX(DataPembayaran_BLU!$B$2:$B$700,MATCH(DataSP2D_BLU!B23,DataPembayaran_BLU!$C$2:$C$700,0))=0,"",INDEX(DataPembayaran_BLU!$B$2:$B$700,MATCH(DataSP2D_BLU!B23,DataPembayaran_BLU!$C$2:$C$700,0))) -> 46066 | D23: SP2D-BLU/APTP-2026/0022 | E23: 46073 | F23: =IF(E23="","",DataPembayaran_BLU!$U23) -> Belanja Barang | G23: =IF(E23="","",DataPembayaran_BLU!$E$23) -> SP2D BLU - TRF | H23: =IF(E23="","",DataPembayaran_BLU!$L$23-DataPembayaran_BLU!$N$23-DataPembayaran_BLU!$P$23) -> 44124990 | I23: =IF(E23="","",DataPembayaran_BLU!$F$23) -> CV. RAZALINE BERSAUDARA | J23: =IFERROR(INDEX(supplier_alamat,MATCH(DataSP2D_BLU!I23,supplier,0)),"") -> Jalan Pelita 7 Perum Sambutan Indah Permai Blok E No. 135 RT.025 Kel. Sambutan, Kec. Sambutan, Samarinda-Kalimantan Timur | K23: =IFERROR(INDEX(supplier_npwp,MATCH(I23,supplier,0)),"") -> 95.770.573.4-722.00 | L23: =IFERROR(INDEX(supplier_rekening,MATCH(I23,supplier,0)),"") -> 0011588662 | M23: =IFERROR(INDEX(supplier_bank,MATCH(I23,supplier,0)),"") -> Bank Kaltimtara | N23: =IF(E23="","",DataPembayaran_BLU!$G$23) -> Pembayaran Belanja Barang Pemeliharaan Instalasi Air Bekas di Gedung Terminal
A24: 23 | B24: =_xlfn.IFNA(INDEX(DataPembayaran_BLU!$C$2:$C$700,MATCH(A24,DataPembayaran_BLU!$A$2:$A$700,0)),"") -> SPM-BLU/APTP-2026/0023 | C24: =IF(INDEX(DataPembayaran_BLU!$B$2:$B$700,MATCH(DataSP2D_BLU!B24,DataPembayaran_BLU!$C$2:$C$700,0))=0,"",INDEX(DataPembayaran_BLU!$B$2:$B$700,MATCH(DataSP2D_BLU!B24,DataPembayaran_BLU!$C$2:$C$700,0))) -> 46066 | D24: SP2D-BLU/APTP-2026/0023 | E24: 46066 | F24: =IF(E24="","",DataPembayaran_BLU!$U24) -> Belanja Barang | G24: =IF(E24="","",DataPembayaran_BLU!$E$24) -> SP2D BLU - TRF | H24: =IF(E24="","",DataPembayaran_BLU!$L$24-DataPembayaran_BLU!$N$24-DataPembayaran_BLU!$P$24) -> 44029500 | I24: =IF(E24="","",DataPembayaran_BLU!$F$24) -> PT. ANGKASA JAYA SERVIS | J24: =IFERROR(INDEX(supplier_alamat,MATCH(DataSP2D_BLU!I24,supplier,0)),"") -> Jl. Poros Samarinda - Bontang, Kel. Sungai Siring, Samarinda-Kalimantan Timur | K24: =IFERROR(INDEX(supplier_npwp,MATCH(I24,supplier,0)),"") -> 0539247528722000 | L24: =IFERROR(INDEX(supplier_rekening,MATCH(I24,supplier,0)),"") -> 2001880001341 | M24: =IFERROR(INDEX(supplier_bank,MATCH(I24,supplier,0)),"") -> Bank Tabungan Negara | N24: =IF(E24="","",DataPembayaran_BLU!$G$24) -> Pembayaran Belanja Barang Pengadaan Suku Cadang Listrik Tahap III
A25: 24 | B25: =_xlfn.IFNA(INDEX(DataPembayaran_BLU!$C$2:$C$700,MATCH(A25,DataPembayaran_BLU!$A$2:$A$700,0)),"") -> SPM-BLU/APTP-2026/0024 | C25: =IF(INDEX(DataPembayaran_BLU!$B$2:$B$700,MATCH(DataSP2D_BLU!B25,DataPembayaran_BLU!$C$2:$C$700,0))=0,"",INDEX(DataPembayaran_BLU!$B$2:$B$700,MATCH(DataSP2D_BLU!B25,DataPembayaran_BLU!$C$2:$C$700,0))) -> 46066 | D25: SP2D-BLU/APTP-2026/0024 | E25: 46066 | F25: =IF(E25="","",DataPembayaran_BLU!$U25) -> Belanja Barang | G25: =IF(E25="","",DataPembayaran_BLU!$E$25) -> SP2D BLU - TRF | H25: =IF(E25="","",DataPembayaran_BLU!$L$25-DataPembayaran_BLU!$N$25-DataPembayaran_BLU!$P$25) -> 40720300 | I25: =IF(E25="","",DataPembayaran_BLU!$F$25) -> PT. ANGKASA JAYA SERVIS | J25: =IFERROR(INDEX(supplier_alamat,MATCH(DataSP2D_BLU!I25,supplier,0)),"") -> Jl. Poros Samarinda - Bontang, Kel. Sungai Siring, Samarinda-Kalimantan Timur | K25: =IFERROR(INDEX(supplier_npwp,MATCH(I25,supplier,0)),"") -> 0539247528722000 | L25: =IFERROR(INDEX(supplier_rekening,MATCH(I25,supplier,0)),"") -> 2001880001341 | M25: =IFERROR(INDEX(supplier_bank,MATCH(I25,supplier,0)),"") -> Bank Tabungan Negara | N25: =IF(E25="","",DataPembayaran_BLU!$G$25) -> Pembayaran Belanja Barang Pengadaan Suku Cadang Listrik Tahap IV
A26: 25 | B26: =_xlfn.IFNA(INDEX(DataPembayaran_BLU!$C$2:$C$700,MATCH(A26,DataPembayaran_BLU!$A$2:$A$700,0)),"") -> SPM-BLU/APTP-2026/0025 | C26: =IF(INDEX(DataPembayaran_BLU!$B$2:$B$700,MATCH(DataSP2D_BLU!B26,DataPembayaran_BLU!$C$2:$C$700,0))=0,"",INDEX(DataPembayaran_BLU!$B$2:$B$700,MATCH(DataSP2D_BLU!B26,DataPembayaran_BLU!$C$2:$C$700,0))) -> 46066 | D26: SP2D-BLU/APTP-2026/0025 | E26: 46066 | F26: =IF(E26="","",DataPembayaran_BLU!$U26) -> Belanja Barang | G26: =IF(E26="","",DataPembayaran_BLU!$E$26) -> SP2D BLU - TRF | H26: =IF(E26="","",DataPembayaran_BLU!$L$26-DataPembayaran_BLU!$N$24-DataPembayaran_BLU!$P$26) -> 10343000 | I26: =IF(E26="","",DataPembayaran_BLU!$F$26) -> PT. ANGKASA JAYA SERVIS | J26: =IFERROR(INDEX(supplier_alamat,MATCH(DataSP2D_BLU!I26,supplier,0)),"") -> Jl. Poros Samarinda - Bontang, Kel. Sungai Siring, Samarinda-Kalimantan Timur | K26: =IFERROR(INDEX(supplier_npwp,MATCH(I26,supplier,0)),"") -> 0539247528722000 | L26: =IFERROR(INDEX(supplier_rekening,MATCH(I26,supplier,0)),"") -> 2001880001341 | M26: =IFERROR(INDEX(supplier_bank,MATCH(I26,supplier,0)),"") -> Bank Tabungan Negara | N26: =IF(E26="","",DataPembayaran_BLU!$G$26) -> Pembayaran Belanja Barang Kegiatan Kerohanian
A27: 26 | B27: =_xlfn.IFNA(INDEX(DataPembayaran_BLU!$C$2:$C$700,MATCH(A27,DataPembayaran_BLU!$A$2:$A$700,0)),"") -> SPM-BLU/APTP-2026/0026 | C27: =IF(INDEX(DataPembayaran_BLU!$B$2:$B$700,MATCH(DataSP2D_BLU!B27,DataPembayaran_BLU!$C$2:$C$700,0))=0,"",INDEX(DataPembayaran_BLU!$B$2:$B$700,MATCH(DataSP2D_BLU!B27,DataPembayaran_BLU!$C$2:$C$700,0))) -> 46073 | D27: SP2D-BLU/APTP-2026/0026 | E27: 46073 | F27: =IF(E27="","",DataPembayaran_BLU!$U27) -> Belanja Barang | G27: =IF(E27="","",DataPembayaran_BLU!$E$27) -> SP2D BLU - TRF | H27: =IF(E27="","",DataPembayaran_BLU!$L$27-DataPembayaran_BLU!$N$27-DataPembayaran_BLU!$P$27) -> 9209310 | I27: =IF(E27="","",DataPembayaran_BLU!$F$27) -> PT. JAYA KENCANA | J27: =IFERROR(INDEX(supplier_alamat,MATCH(DataSP2D_BLU!I27,supplier,0)),"") -> Jl. Rungkut Industri No.9 Surabaya | K27: =IFERROR(INDEX(supplier_npwp,MATCH(I27,supplier,0)),"") -> 01.307.296.2-073.000 | L27: =IFERROR(INDEX(supplier_rekening,MATCH(I27,supplier,0)),"") -> 0103171358 | M27: =IFERROR(INDEX(supplier_bank,MATCH(I27,supplier,0)),"") -> Bank Central Asia | N27: =IF(E27="","",DataPembayaran_BLU!$G$27) -> Pembayaran Belanja Barang (Perawatan berkala) Preventive Maintenance Elevator dan Escalator Periode Januari 2026
A28: 27 | B28: =_xlfn.IFNA(INDEX(DataPembayaran_BLU!$C$2:$C$700,MATCH(A28,DataPembayaran_BLU!$A$2:$A$700,0)),"") -> SPM-BLU/APTP-2026/0027 | C28: =IF(INDEX(DataPembayaran_BLU!$B$2:$B$700,MATCH(DataSP2D_BLU!B28,DataPembayaran_BLU!$C$2:$C$700,0))=0,"",INDEX(DataPembayaran_BLU!$B$2:$B$700,MATCH(DataSP2D_BLU!B28,DataPembayaran_BLU!$C$2:$C$700,0))) -> 46073 | D28: SP2D-BLU/APTP-2026/0027 | E28: 46073 | F28: =IF(E28="","",DataPembayaran_BLU!$U28) -> Belanja Barang | G28: =IF(E28="","",DataPembayaran_BLU!$E$28) -> SP2D BLU - TRF | H28: =IF(E28="","",DataPembayaran_BLU!$L$28-DataPembayaran_BLU!$N$28-DataPembayaran_BLU!$P$28) -> 35312250 | I28: =IF(E28="","",DataPembayaran_BLU!$F$28) -> PT. JAYA KENCANA | J28: =IFERROR(INDEX(supplier_alamat,MATCH(DataSP2D_BLU!I28,supplier,0)),"") -> Jl. Rungkut Industri No.9 Surabaya | K28: =IFERROR(INDEX(supplier_npwp,MATCH(I28,supplier,0)),"") -> 01.307.296.2-073.000 | L28: =IFERROR(INDEX(supplier_rekening,MATCH(I28,supplier,0)),"") -> 0103171358 | M28: =IFERROR(INDEX(supplier_bank,MATCH(I28,supplier,0)),"") -> Bank Central Asia | N28: =IF(E28="","",DataPembayaran_BLU!$G$28) -> Pembayaran Belanja Pengadaan Suku Cadang Peralatan Mekanikal
A29: 28 | B29: =_xlfn.IFNA(INDEX(DataPembayaran_BLU!$C$2:$C$700,MATCH(A29,DataPembayaran_BLU!$A$2:$A$700,0)),"") -> SPM-BLU/APTP-2026/0028 | C29: =IF(INDEX(DataPembayaran_BLU!$B$2:$B$700,MATCH(DataSP2D_BLU!B29,DataPembayaran_BLU!$C$2:$C$700,0))=0,"",INDEX(DataPembayaran_BLU!$B$2:$B$700,MATCH(DataSP2D_BLU!B29,DataPembayaran_BLU!$C$2:$C$700,0))) -> 46073 | D29: SP2D-BLU/APTP-2026/0028 | E29: 46073 | F29: =IF(E29="","",DataPembayaran_BLU!$U29) -> Belanja Barang | G29: =IF(E29="","",DataPembayaran_BLU!$E$29) -> SP2D BLU - TRF | H29: =IF(E29="","",DataPembayaran_BLU!$L$29-DataPembayaran_BLU!$N$29-DataPembayaran_BLU!$P$29) -> 12348000 | I29: =IF(E29="","",DataPembayaran_BLU!$F$29) -> PT. ANGKASA JAYA SERVIS | J29: =IFERROR(INDEX(supplier_alamat,MATCH(DataSP2D_BLU!I29,supplier,0)),"") -> Jl. Poros Samarinda - Bontang, Kel. Sungai Siring, Samarinda-Kalimantan Timur | K29: =IFERROR(INDEX(supplier_npwp,MATCH(I29,supplier,0)),"") -> 0539247528722000 | L29: =IFERROR(INDEX(supplier_rekening,MATCH(I29,supplier,0)),"") -> 2001880001341 | M29: =IFERROR(INDEX(supplier_bank,MATCH(I29,supplier,0)),"") -> Bank Tabungan Negara | N29: =IF(E29="","",DataPembayaran_BLU!$G$29) -> Pembayaran Belanja Barang Kegiatan Kerohanian
A30: 29 | B30: =_xlfn.IFNA(INDEX(DataPembayaran_BLU!$C$2:$C$700,MATCH(A30,DataPembayaran_BLU!$A$2:$A$700,0)),"") -> SPM-BLU/APTP-2026/0029 | C30: =IF(INDEX(DataPembayaran_BLU!$B$2:$B$700,MATCH(DataSP2D_BLU!B30,DataPembayaran_BLU!$C$2:$C$700,0))=0,"",INDEX(DataPembayaran_BLU!$B$2:$B$700,MATCH(DataSP2D_BLU!B30,DataPembayaran_BLU!$C$2:$C$700,0))) -> 46073 | D30: SP2D-BLU/APTP-2026/0029 | E30: 46073 | F30: =IF(E30="","",DataPembayaran_BLU!$U30) -> Belanja Barang | G30: =IF(E30="","",DataPembayaran_BLU!$E$30) -> SP2D BLU - TRF | H30: =IF(E30="","",DataPembayaran_BLU!$L$30-DataPembayaran_BLU!$N$30-DataPembayaran_BLU!$P$30) -> 16791441 | I30: =IF(E30="","",DataPembayaran_BLU!$F$30) -> PARA PEGAWAI KANTOR UPBU AJI PANGERAN TUMENGGUNG PRANOTO | J30: =IFERROR(INDEX(supplier_alamat,MATCH(DataSP2D_BLU!I30,supplier,0)),"") -> Jl. Poros Samarinda - Bontang, Kel. Sunga Siring, Samarinda-Kalimantan Timur | K30: =IFERROR(INDEX(supplier_npwp,MATCH(I30,supplier,0)),"") -> Terlampir | L30: =IFERROR(INDEX(supplier_rekening,MATCH(I30,supplier,0)),"") -> Terlampir | M30: =IFERROR(INDEX(supplier_bank,MATCH(I30,supplier,0)),"") -> Terlampir | N30: =IF(E30="","",DataPembayaran_BLU!$G$30) -> Belanja Barang Perjalanan Dinas Pegawai - Tiket
A31: 30 | B31: =_xlfn.IFNA(INDEX(DataPembayaran_BLU!$C$2:$C$700,MATCH(A31,DataPembayaran_BLU!$A$2:$A$700,0)),"") -> SPM-BLU/APTP-2026/0030 | C31: =IF(INDEX(DataPembayaran_BLU!$B$2:$B$700,MATCH(DataSP2D_BLU!B31,DataPembayaran_BLU!$C$2:$C$700,0))=0,"",INDEX(DataPembayaran_BLU!$B$2:$B$700,MATCH(DataSP2D_BLU!B31,DataPembayaran_BLU!$C$2:$C$700,0))) -> 46073 | D31: SP2D-BLU/APTP-2026/0030 | E31: 46073 | F31: =IF(E31="","",DataPembayaran_BLU!$U31) -> Belanja Barang | G31: =IF(E31="","",DataPembayaran_BLU!$E$31) -> SP2D BLU - TRF | H31: =IF(E31="","",DataPembayaran_BLU!$L$31-DataPembayaran_BLU!$N$31-DataPembayaran_BLU!$P$31) -> 14090000 | I31: =IF(E31="","",DataPembayaran_BLU!$F$31) -> PARA PEGAWAI KANTOR UPBU AJI PANGERAN TUMENGGUNG PRANOTO | J31: =IFERROR(INDEX(supplier_alamat,MATCH(DataSP2D_BLU!I31,supplier,0)),"") -> Jl. Poros Samarinda - Bontang, Kel. Sunga Siring, Samarinda-Kalimantan Timur | K31: =IFERROR(INDEX(supplier_npwp,MATCH(I31,supplier,0)),"") -> Terlampir | L31: =IFERROR(INDEX(supplier_rekening,MATCH(I31,supplier,0)),"") -> Terlampir | M31: =IFERROR(INDEX(supplier_bank,MATCH(I31,supplier,0)),"") -> Terlampir | N31: =IF(E31="","",DataPembayaran_BLU!$G$31) -> Belanja Barang Perjalanan Dinas Pegawai - Hotel
A32: 31 | B32: =_xlfn.IFNA(INDEX(DataPembayaran_BLU!$C$2:$C$700,MATCH(A32,DataPembayaran_BLU!$A$2:$A$700,0)),"") -> SPM-BLU/APTP-2026/0031 | C32: =IF(INDEX(DataPembayaran_BLU!$B$2:$B$700,MATCH(DataSP2D_BLU!B32,DataPembayaran_BLU!$C$2:$C$700,0))=0,"",INDEX(DataPembayaran_BLU!$B$2:$B$700,MATCH(DataSP2D_BLU!B32,DataPembayaran_BLU!$C$2:$C$700,0))) -> 46073 | D32: SP2D-BLU/APTP-2026/0031 | E32: 46073 | F32: =IF(E32="","",DataPembayaran_BLU!$U32) -> Belanja Barang | G32: =IF(E32="","",DataPembayaran_BLU!$E$32) -> SP2D BLU - TRF | H32: =IF(E32="","",DataPembayaran_BLU!$L$32-DataPembayaran_BLU!$N$32-DataPembayaran_BLU!$P$32) -> 11250000 | I32: =IF(E32="","",DataPembayaran_BLU!$F$32) -> PARA PEGAWAI KANTOR UPBU AJI PANGERAN TUMENGGUNG PRANOTO | J32: =IFERROR(INDEX(supplier_alamat,MATCH(DataSP2D_BLU!I32,supplier,0)),"") -> Jl. Poros Samarinda - Bontang, Kel. Sunga Siring, Samarinda-Kalimantan Timur | K32: =IFERROR(INDEX(supplier_npwp,MATCH(I32,supplier,0)),"") -> Terlampir | L32: =IFERROR(INDEX(supplier_rekening,MATCH(I32,supplier,0)),"") -> Terlampir | M32: =IFERROR(INDEX(supplier_bank,MATCH(I32,supplier,0)),"") -> Terlampir | N32: =IF(E32="","",DataPembayaran_BLU!$G$32) -> Belanja Barang Perjalanan Dinas Pegawai - Uang Harian
A33: 32 | B33: =_xlfn.IFNA(INDEX(DataPembayaran_BLU!$C$2:$C$700,MATCH(A33,DataPembayaran_BLU!$A$2:$A$700,0)),"") -> SPM-BLU/APTP-2026/0032 | C33: =IF(INDEX(DataPembayaran_BLU!$B$2:$B$700,MATCH(DataSP2D_BLU!B33,DataPembayaran_BLU!$C$2:$C$700,0))=0,"",INDEX(DataPembayaran_BLU!$B$2:$B$700,MATCH(DataSP2D_BLU!B33,DataPembayaran_BLU!$C$2:$C$700,0))) -> 46073 | D33: SP2D-BLU/APTP-2026/0032 | E33: 46073 | F33: =IF(E33="","",DataPembayaran_BLU!$U33) -> Belanja Barang | G33: =IF(E33="","",DataPembayaran_BLU!$E$33) -> SP2D BLU - TRF | H33: =IF(E33="","",DataPembayaran_BLU!$L$33-DataPembayaran_BLU!$N$33-DataPembayaran_BLU!$P$33) -> 22789345 | I33: =IF(E33="","",DataPembayaran_BLU!$F$33) -> PARA PEGAWAI KANTOR UPBU AJI PANGERAN TUMENGGUNG PRANOTO | J33: =IFERROR(INDEX(supplier_alamat,MATCH(DataSP2D_BLU!I33,supplier,0)),"") -> Jl. Poros Samarinda - Bontang, Kel. Sunga Siring, Samarinda-Kalimantan Timur | K33: =IFERROR(INDEX(supplier_npwp,MATCH(I33,supplier,0)),"") -> Terlampir | L33: =IFERROR(INDEX(supplier_rekening,MATCH(I33,supplier,0)),"") -> Terlampir | M33: =IFERROR(INDEX(supplier_bank,MATCH(I33,supplier,0)),"") -> Terlampir | N33: =IF(E33="","",DataPembayaran_BLU!$G$33) -> Belanja Barang Perjalanan Dinas Pegawai - Tiket
A34: 33 | B34: =_xlfn.IFNA(INDEX(DataPembayaran_BLU!$C$2:$C$700,MATCH(A34,DataPembayaran_BLU!$A$2:$A$700,0)),"") -> SPM-BLU/APTP-2026/0033 | C34: =IF(INDEX(DataPembayaran_BLU!$B$2:$B$700,MATCH(DataSP2D_BLU!B34,DataPembayaran_BLU!$C$2:$C$700,0))=0,"",INDEX(DataPembayaran_BLU!$B$2:$B$700,MATCH(DataSP2D_BLU!B34,DataPembayaran_BLU!$C$2:$C$700,0))) -> 46073 | D34: SP2D-BLU/APTP-2026/0033 | E34: 46073 | F34: =IF(E34="","",DataPembayaran_BLU!$U34) -> Belanja Barang | G34: =IF(E34="","",DataPembayaran_BLU!$E$34) -> SP2D BLU - TRF | H34: =IF(E34="","",DataPembayaran_BLU!$L$34-DataPembayaran_BLU!$N$34-DataPembayaran_BLU!$P$34) -> 1645160 | I34: =IF(E34="","",DataPembayaran_BLU!$F$34) -> PARA PEGAWAI KANTOR UPBU AJI PANGERAN TUMENGGUNG PRANOTO | J34: =IFERROR(INDEX(supplier_alamat,MATCH(DataSP2D_BLU!I34,supplier,0)),"") -> Jl. Poros Samarinda - Bontang, Kel. Sunga Siring, Samarinda-Kalimantan Timur | K34: =IFERROR(INDEX(supplier_npwp,MATCH(I34,supplier,0)),"") -> Terlampir | L34: =IFERROR(INDEX(supplier_rekening,MATCH(I34,supplier,0)),"") -> Terlampir | M34: =IFERROR(INDEX(supplier_bank,MATCH(I34,supplier,0)),"") -> Terlampir | N34: =IF(E34="","",DataPembayaran_BLU!$G$34) -> Belanja Barang Perjalanan Dinas Pegawai - Taxi
A35: 34 | B35: =_xlfn.IFNA(INDEX(DataPembayaran_BLU!$C$2:$C$700,MATCH(A35,DataPembayaran_BLU!$A$2:$A$700,0)),"") -> SPM-BLU/APTP-2026/0034 | C35: =IF(INDEX(DataPembayaran_BLU!$B$2:$B$700,MATCH(DataSP2D_BLU!B35,DataPembayaran_BLU!$C$2:$C$700,0))=0,"",INDEX(DataPembayaran_BLU!$B$2:$B$700,MATCH(DataSP2D_BLU!B35,DataPembayaran_BLU!$C$2:$C$700,0))) -> 46073 | D35: SP2D-BLU/APTP-2026/0034 | E35: 46073 | F35: =IF(E35="","",DataPembayaran_BLU!$U35) -> Belanja Barang | G35: =IF(E35="","",DataPembayaran_BLU!$E$35) -> SP2D BLU - TRF | H35: =IF(E35="","",DataPembayaran_BLU!$L$35-DataPembayaran_BLU!$N$35-DataPembayaran_BLU!$P$35) -> 16270000 | I35: =IF(E35="","",DataPembayaran_BLU!$F$35) -> PARA PEGAWAI KANTOR UPBU AJI PANGERAN TUMENGGUNG PRANOTO | J35: =IFERROR(INDEX(supplier_alamat,MATCH(DataSP2D_BLU!I35,supplier,0)),"") -> Jl. Poros Samarinda - Bontang, Kel. Sunga Siring, Samarinda-Kalimantan Timur | K35: =IFERROR(INDEX(supplier_npwp,MATCH(I35,supplier,0)),"") -> Terlampir | L35: =IFERROR(INDEX(supplier_rekening,MATCH(I35,supplier,0)),"") -> Terlampir | M35: =IFERROR(INDEX(supplier_bank,MATCH(I35,supplier,0)),"") -> Terlampir | N35: =IF(E35="","",DataPembayaran_BLU!$G$35) -> Belanja Barang Perjalanan Dinas Pegawai - Hotel
A36: 35 | B36: =_xlfn.IFNA(INDEX(DataPembayaran_BLU!$C$2:$C$700,MATCH(A36,DataPembayaran_BLU!$A$2:$A$700,0)),"") -> SPM-BLU/APTP-2026/0035 | C36: =IF(INDEX(DataPembayaran_BLU!$B$2:$B$700,MATCH(DataSP2D_BLU!B36,DataPembayaran_BLU!$C$2:$C$700,0))=0,"",INDEX(DataPembayaran_BLU!$B$2:$B$700,MATCH(DataSP2D_BLU!B36,DataPembayaran_BLU!$C$2:$C$700,0))) -> 46073 | D36: SP2D-BLU/APTP-2026/0035 | E36: 46073 | F36: =IF(E36="","",DataPembayaran_BLU!$U36) -> Belanja Barang | G36: =IF(E36="","",DataPembayaran_BLU!$E$36) -> SP2D BLU - TRF | H36: =IF(E36="","",DataPembayaran_BLU!$L$36-DataPembayaran_BLU!$N$36-DataPembayaran_BLU!$P$36) -> 12100000 | I36: =IF(E36="","",DataPembayaran_BLU!$F$36) -> PARA PEGAWAI KANTOR UPBU AJI PANGERAN TUMENGGUNG PRANOTO | J36: =IFERROR(INDEX(supplier_alamat,MATCH(DataSP2D_BLU!I36,supplier,0)),"") -> Jl. Poros Samarinda - Bontang, Kel. Sunga Siring, Samarinda-Kalimantan Timur | K36: =IFERROR(INDEX(supplier_npwp,MATCH(I36,supplier,0)),"") -> Terlampir | L36: =IFERROR(INDEX(supplier_rekening,MATCH(I36,supplier,0)),"") -> Terlampir | M36: =IFERROR(INDEX(supplier_bank,MATCH(I36,supplier,0)),"") -> Terlampir | N36: =IF(E36="","",DataPembayaran_BLU!$G$36) -> Belanja Barang Perjalanan Dinas Pegawai - Uang Harian
A37: 36 | B37: =_xlfn.IFNA(INDEX(DataPembayaran_BLU!$C$2:$C$700,MATCH(A37,DataPembayaran_BLU!$A$2:$A$700,0)),"") -> SPM-BLU/APTP-2026/0036 | C37: =IF(INDEX(DataPembayaran_BLU!$B$2:$B$700,MATCH(DataSP2D_BLU!B37,DataPembayaran_BLU!$C$2:$C$700,0))=0,"",INDEX(DataPembayaran_BLU!$B$2:$B$700,MATCH(DataSP2D_BLU!B37,DataPembayaran_BLU!$C$2:$C$700,0))) -> 46073 | D37: SP2D-BLU/APTP-2026/0036 | E37: 46073 | F37: =IF(E37="","",DataPembayaran_BLU!$U37) -> Belanja Barang | G37: =IF(E37="","",DataPembayaran_BLU!$E$37) -> SP2D BLU - TRF | H37: =IF(E37="","",DataPembayaran_BLU!$L$37-DataPembayaran_BLU!$N$37-DataPembayaran_BLU!$P$37) -> 15439000 | I37: =IF(E37="","",DataPembayaran_BLU!$F$37) -> PARA PEGAWAI KANTOR UPBU AJI PANGERAN TUMENGGUNG PRANOTO | J37: =IFERROR(INDEX(supplier_alamat,MATCH(DataSP2D_BLU!I37,supplier,0)),"") -> Jl. Poros Samarinda - Bontang, Kel. Sunga Siring, Samarinda-Kalimantan Timur | K37: =IFERROR(INDEX(supplier_npwp,MATCH(I37,supplier,0)),"") -> Terlampir | L37: =IFERROR(INDEX(supplier_rekening,MATCH(I37,supplier,0)),"") -> Terlampir | M37: =IFERROR(INDEX(supplier_bank,MATCH(I37,supplier,0)),"") -> Terlampir | N37: =IF(E37="","",DataPembayaran_BLU!$G$37) -> Belanja Barang Perjalanan Dinas Pegawai - Tiket
A38: 37 | B38: =_xlfn.IFNA(INDEX(DataPembayaran_BLU!$C$2:$C$700,MATCH(A38,DataPembayaran_BLU!$A$2:$A$700,0)),"") -> SPM-BLU/APTP-2026/0037 | C38: =IF(INDEX(DataPembayaran_BLU!$B$2:$B$700,MATCH(DataSP2D_BLU!B38,DataPembayaran_BLU!$C$2:$C$700,0))=0,"",INDEX(DataPembayaran_BLU!$B$2:$B$700,MATCH(DataSP2D_BLU!B38,DataPembayaran_BLU!$C$2:$C$700,0))) -> 46073 | D38: SP2D-BLU/APTP-2026/0037 | E38: 46073 | F38: =IF(E38="","",DataPembayaran_BLU!$U38) -> Belanja Barang | G38: =IF(E38="","",DataPembayaran_BLU!$E$38) -> SP2D BLU - TRF | H38: =IF(E38="","",DataPembayaran_BLU!$L$38-DataPembayaran_BLU!$N$38-DataPembayaran_BLU!$P$38) -> 1901010 | I38: =IF(E38="","",DataPembayaran_BLU!$F$38) -> PARA PEGAWAI KANTOR UPBU AJI PANGERAN TUMENGGUNG PRANOTO | J38: =IFERROR(INDEX(supplier_alamat,MATCH(DataSP2D_BLU!I38,supplier,0)),"") -> Jl. Poros Samarinda - Bontang, Kel. Sunga Siring, Samarinda-Kalimantan Timur | K38: =IFERROR(INDEX(supplier_npwp,MATCH(I38,supplier,0)),"") -> Terlampir | L38: =IFERROR(INDEX(supplier_rekening,MATCH(I38,supplier,0)),"") -> Terlampir | M38: =IFERROR(INDEX(supplier_bank,MATCH(I38,supplier,0)),"") -> Terlampir | N38: =IF(E38="","",DataPembayaran_BLU!$G$38) -> Belanja Barang Perjalanan Dinas Pegawai - Taxi
A39: 38 | B39: =_xlfn.IFNA(INDEX(DataPembayaran_BLU!$C$2:$C$700,MATCH(A39,DataPembayaran_BLU!$A$2:$A$700,0)),"") -> SPM-BLU/APTP-2026/0038 | C39: =IF(INDEX(DataPembayaran_BLU!$B$2:$B$700,MATCH(DataSP2D_BLU!B39,DataPembayaran_BLU!$C$2:$C$700,0))=0,"",INDEX(DataPembayaran_BLU!$B$2:$B$700,MATCH(DataSP2D_BLU!B39,DataPembayaran_BLU!$C$2:$C$700,0))) -> 46073 | D39: SP2D-BLU/APTP-2026/0038 | E39: 46073 | F39: =IF(E39="","",DataPembayaran_BLU!$U39) -> Belanja Barang | G39: =IF(E39="","",DataPembayaran_BLU!$E$39) -> SP2D BLU - TRF | H39: =IF(E39="","",DataPembayaran_BLU!$L$39-DataPembayaran_BLU!$N$38-DataPembayaran_BLU!$P$39) -> 5900000 | I39: =IF(E39="","",DataPembayaran_BLU!$F$39) -> PARA PEGAWAI KANTOR UPBU AJI PANGERAN TUMENGGUNG PRANOTO | J39: =IFERROR(INDEX(supplier_alamat,MATCH(DataSP2D_BLU!I39,supplier,0)),"") -> Jl. Poros Samarinda - Bontang, Kel. Sunga Siring, Samarinda-Kalimantan Timur | K39: =IFERROR(INDEX(supplier_npwp,MATCH(I39,supplier,0)),"") -> Terlampir | L39: =IFERROR(INDEX(supplier_rekening,MATCH(I39,supplier,0)),"") -> Terlampir | M39: =IFERROR(INDEX(supplier_bank,MATCH(I39,supplier,0)),"") -> Terlampir | N39: =IF(E39="","",DataPembayaran_BLU!$G$39) -> Belanja Barang Perjalanan Dinas Pegawai - Hotel
A40: 39 | B40: =_xlfn.IFNA(INDEX(DataPembayaran_BLU!$C$2:$C$700,MATCH(A40,DataPembayaran_BLU!$A$2:$A$700,0)),"") -> SPM-BLU/APTP-2026/0039 | C40: =IF(INDEX(DataPembayaran_BLU!$B$2:$B$700,MATCH(DataSP2D_BLU!B40,DataPembayaran_BLU!$C$2:$C$700,0))=0,"",INDEX(DataPembayaran_BLU!$B$2:$B$700,MATCH(DataSP2D_BLU!B40,DataPembayaran_BLU!$C$2:$C$700,0))) -> 46073 | D40: SP2D-BLU/APTP-2026/0039 | E40: 46073 | F40: =IF(E40="","",DataPembayaran_BLU!$U40) -> Belanja Barang | G40: =IF(E40="","",DataPembayaran_BLU!$E$40) -> SP2D BLU - TRF | H40: =IF(E40="","",DataPembayaran_BLU!$L$40-DataPembayaran_BLU!$N$38-DataPembayaran_BLU!$P$40) -> 5290000 | I40: =IF(E40="","",DataPembayaran_BLU!$F$40) -> PARA PEGAWAI KANTOR UPBU AJI PANGERAN TUMENGGUNG PRANOTO | J40: =IFERROR(INDEX(supplier_alamat,MATCH(DataSP2D_BLU!I40,supplier,0)),"") -> Jl. Poros Samarinda - Bontang, Kel. Sunga Siring, Samarinda-Kalimantan Timur | K40: =IFERROR(INDEX(supplier_npwp,MATCH(I40,supplier,0)),"") -> Terlampir | L40: =IFERROR(INDEX(supplier_rekening,MATCH(I40,supplier,0)),"") -> Terlampir | M40: =IFERROR(INDEX(supplier_bank,MATCH(I40,supplier,0)),"") -> Terlampir | N40: =IF(E40="","",DataPembayaran_BLU!$G$40) -> Belanja Barang Perjalanan Dinas Pegawai - Uang Harian
A41: 40 | B41: =_xlfn.IFNA(INDEX(DataPembayaran_BLU!$C$2:$C$700,MATCH(A41,DataPembayaran_BLU!$A$2:$A$700,0)),"") -> SPM-BLU/APTP-2026/0040 | C41: =IF(INDEX(DataPembayaran_BLU!$B$2:$B$700,MATCH(DataSP2D_BLU!B41,DataPembayaran_BLU!$C$2:$C$700,0))=0,"",INDEX(DataPembayaran_BLU!$B$2:$B$700,MATCH(DataSP2D_BLU!B41,DataPembayaran_BLU!$C$2:$C$700,0))) | D41: SP2D-BLU/APTP-2026/0040 | F41: =IF(E41="","",DataPembayaran_BLU!$U41) | G41: =IF(E41="","",DataPembayaran_BLU!$E$41) | H41: =IF(E41="","",DataPembayaran_BLU!$L$41-DataPembayaran_BLU!$N$41-DataPembayaran_BLU!$P$41) | I41: =IF(E41="","",DataPembayaran_BLU!$F$41) | J41: =IFERROR(INDEX(supplier_alamat,MATCH(DataSP2D_BLU!I41,supplier,0)),"") | K41: =IFERROR(INDEX(supplier_npwp,MATCH(I41,supplier,0)),"") | L41: =IFERROR(INDEX(supplier_rekening,MATCH(I41,supplier,0)),"") | M41: =IFERROR(INDEX(supplier_bank,MATCH(I41,supplier,0)),"") | N41: =IF(E41="","",DataPembayaran_BLU!$G$41)
A42: 41 | B42: =_xlfn.IFNA(INDEX(DataPembayaran_BLU!$C$2:$C$700,MATCH(A42,DataPembayaran_BLU!$A$2:$A$700,0)),"") -> SPM-BLU/APTP-2026/0041 | C42: =IF(INDEX(DataPembayaran_BLU!$B$2:$B$700,MATCH(DataSP2D_BLU!B42,DataPembayaran_BLU!$C$2:$C$700,0))=0,"",INDEX(DataPembayaran_BLU!$B$2:$B$700,MATCH(DataSP2D_BLU!B42,DataPembayaran_BLU!$C$2:$C$700,0))) | D42: SP2D-BLU/APTP-2026/0041 | F42: =IF(E42="","",DataPembayaran_BLU!$U42) | G42: =IF(E42="","",DataPembayaran_BLU!$E$42) | H42: =IF(E42="","",DataPembayaran_BLU!$L$42-DataPembayaran_BLU!$N$42-DataPembayaran_BLU!$P$42) | I42: =IF(E42="","",DataPembayaran_BLU!$F$42) | J42: =IFERROR(INDEX(supplier_alamat,MATCH(DataSP2D_BLU!I42,supplier,0)),"") | K42: =IFERROR(INDEX(supplier_npwp,MATCH(I42,supplier,0)),"") | L42: =IFERROR(INDEX(supplier_rekening,MATCH(I42,supplier,0)),"") | M42: =IFERROR(INDEX(supplier_bank,MATCH(I42,supplier,0)),"") | N42: =IF(E42="","",DataPembayaran_BLU!$G$42)
A43: 42 | B43: =_xlfn.IFNA(INDEX(DataPembayaran_BLU!$C$2:$C$700,MATCH(A43,DataPembayaran_BLU!$A$2:$A$700,0)),"") -> 0 | C43: =IF(INDEX(DataPembayaran_BLU!$B$2:$B$700,MATCH(DataSP2D_BLU!B43,DataPembayaran_BLU!$C$2:$C$700,0))=0,"",INDEX(DataPembayaran_BLU!$B$2:$B$700,MATCH(DataSP2D_BLU!B43,DataPembayaran_BLU!$C$2:$C$700,0))) -> #N/A | F43: =IF(E43="","",DataPembayaran_BLU!$U43) | G43: =IF(E43="","",DataPembayaran_BLU!$E$43) | H43: =IF(E43="","",DataPembayaran_BLU!$L$43-DataPembayaran_BLU!$N$43-DataPembayaran_BLU!$P$43) | I43: =IF(E43="","",DataPembayaran_BLU!$F$43) | J43: =IFERROR(INDEX(supplier_alamat,MATCH(DataSP2D_BLU!I43,supplier,0)),"") | K43: =IFERROR(INDEX(supplier_npwp,MATCH(I43,supplier,0)),"") | L43: =IFERROR(INDEX(supplier_rekening,MATCH(I43,supplier,0)),"") | M43: =IFERROR(INDEX(supplier_bank,MATCH(I43,supplier,0)),"") | N43: =IF(E43="","",DataPembayaran_BLU!$G$43)
A44: 43 | B44: =_xlfn.IFNA(INDEX(DataPembayaran_BLU!$C$2:$C$700,MATCH(A44,DataPembayaran_BLU!$A$2:$A$700,0)),"") -> 0 | C44: =IF(INDEX(DataPembayaran_BLU!$B$2:$B$700,MATCH(DataSP2D_BLU!B44,DataPembayaran_BLU!$C$2:$C$700,0))=0,"",INDEX(DataPembayaran_BLU!$B$2:$B$700,MATCH(DataSP2D_BLU!B44,DataPembayaran_BLU!$C$2:$C$700,0))) -> #N/A | F44: =IF(E44="","",DataPembayaran_BLU!$U44) | G44: =IF(E44="","",DataPembayaran_BLU!$E$44) | H44: =IF(E44="","",DataPembayaran_BLU!$L$44-DataPembayaran_BLU!$N$44-DataPembayaran_BLU!$P$44) | I44: =IF(E44="","",DataPembayaran_BLU!$F$44) | J44: =IFERROR(INDEX(supplier_alamat,MATCH(DataSP2D_BLU!I44,supplier,0)),"") | K44: =IFERROR(INDEX(supplier_npwp,MATCH(I44,supplier,0)),"") | L44: =IFERROR(INDEX(supplier_rekening,MATCH(I44,supplier,0)),"") | M44: =IFERROR(INDEX(supplier_bank,MATCH(I44,supplier,0)),"") | N44: =IF(E44="","",DataPembayaran_BLU!$G$44)
A45: 44 | B45: =_xlfn.IFNA(INDEX(DataPembayaran_BLU!$C$2:$C$700,MATCH(A45,DataPembayaran_BLU!$A$2:$A$700,0)),"") -> 0 | C45: =IF(INDEX(DataPembayaran_BLU!$B$2:$B$700,MATCH(DataSP2D_BLU!B45,DataPembayaran_BLU!$C$2:$C$700,0))=0,"",INDEX(DataPembayaran_BLU!$B$2:$B$700,MATCH(DataSP2D_BLU!B45,DataPembayaran_BLU!$C$2:$C$700,0))) -> #N/A | F45: =IF(E45="","",DataPembayaran_BLU!$U45) | G45: =IF(E45="","",DataPembayaran_BLU!$E$45) | H45: =IF(E45="","",DataPembayaran_BLU!$L$45-DataPembayaran_BLU!$N$45-DataPembayaran_BLU!$P$45) | I45: =IF(E45="","",DataPembayaran_BLU!$F$45) | J45: =IFERROR(INDEX(supplier_alamat,MATCH(DataSP2D_BLU!I45,supplier,0)),"") | K45: =IFERROR(INDEX(supplier_npwp,MATCH(I45,supplier,0)),"") | L45: =IFERROR(INDEX(supplier_rekening,MATCH(I45,supplier,0)),"") | M45: =IFERROR(INDEX(supplier_bank,MATCH(I45,supplier,0)),"") | N45: =IF(E45="","",DataPembayaran_BLU!$G$45)
A46: 45 | B46: =_xlfn.IFNA(INDEX(DataPembayaran_BLU!$C$2:$C$700,MATCH(A46,DataPembayaran_BLU!$A$2:$A$700,0)),"") -> 0 | C46: =IF(INDEX(DataPembayaran_BLU!$B$2:$B$700,MATCH(DataSP2D_BLU!B46,DataPembayaran_BLU!$C$2:$C$700,0))=0,"",INDEX(DataPembayaran_BLU!$B$2:$B$700,MATCH(DataSP2D_BLU!B46,DataPembayaran_BLU!$C$2:$C$700,0))) -> #N/A | F46: =IF(E46="","",DataPembayaran_BLU!$U46) | G46: =IF(E46="","",DataPembayaran_BLU!$E$46) | H46: =IF(E46="","",DataPembayaran_BLU!$L$46-DataPembayaran_BLU!$N$46-DataPembayaran_BLU!$P$46) | I46: =IF(E46="","",DataPembayaran_BLU!$F$46) | J46: =IFERROR(INDEX(supplier_alamat,MATCH(DataSP2D_BLU!I46,supplier,0)),"") | K46: =IFERROR(INDEX(supplier_npwp,MATCH(I46,supplier,0)),"") | L46: =IFERROR(INDEX(supplier_rekening,MATCH(I46,supplier,0)),"") | M46: =IFERROR(INDEX(supplier_bank,MATCH(I46,supplier,0)),"") | N46: =IF(E46="","",DataPembayaran_BLU!$G$46)
A47: 46 | B47: =_xlfn.IFNA(INDEX(DataPembayaran_BLU!$C$2:$C$700,MATCH(A47,DataPembayaran_BLU!$A$2:$A$700,0)),"") -> 0 | C47: =IF(INDEX(DataPembayaran_BLU!$B$2:$B$700,MATCH(DataSP2D_BLU!B47,DataPembayaran_BLU!$C$2:$C$700,0))=0,"",INDEX(DataPembayaran_BLU!$B$2:$B$700,MATCH(DataSP2D_BLU!B47,DataPembayaran_BLU!$C$2:$C$700,0))) -> #N/A | F47: =IF(E47="","",DataPembayaran_BLU!$U47) | G47: =IF(E47="","",DataPembayaran_BLU!$E$47) | H47: =IF(E47="","",DataPembayaran_BLU!$L$47-DataPembayaran_BLU!$N$47-DataPembayaran_BLU!$P$47) | I47: =IF(E47="","",DataPembayaran_BLU!$F$47) | J47: =IFERROR(INDEX(supplier_alamat,MATCH(DataSP2D_BLU!I47,supplier,0)),"") | K47: =IFERROR(INDEX(supplier_npwp,MATCH(I47,supplier,0)),"") | L47: =IFERROR(INDEX(supplier_rekening,MATCH(I47,supplier,0)),"") | M47: =IFERROR(INDEX(supplier_bank,MATCH(I47,supplier,0)),"") | N47: =IF(E47="","",DataPembayaran_BLU!$G$47)
A48: 47 | B48: =_xlfn.IFNA(INDEX(DataPembayaran_BLU!$C$2:$C$700,MATCH(A48,DataPembayaran_BLU!$A$2:$A$700,0)),"") -> 0 | C48: =IF(INDEX(DataPembayaran_BLU!$B$2:$B$700,MATCH(DataSP2D_BLU!B48,DataPembayaran_BLU!$C$2:$C$700,0))=0,"",INDEX(DataPembayaran_BLU!$B$2:$B$700,MATCH(DataSP2D_BLU!B48,DataPembayaran_BLU!$C$2:$C$700,0))) -> #N/A | F48: =IF(E48="","",DataPembayaran_BLU!$U48) | G48: =IF(E48="","",DataPembayaran_BLU!$E$48) | H48: =IF(E48="","",DataPembayaran_BLU!$L$48-DataPembayaran_BLU!$N$48-DataPembayaran_BLU!$P$48) | I48: =IF(E48="","",DataPembayaran_BLU!$F$48) | J48: =IFERROR(INDEX(supplier_alamat,MATCH(DataSP2D_BLU!I48,supplier,0)),"") | K48: =IFERROR(INDEX(supplier_npwp,MATCH(I48,supplier,0)),"") | L48: =IFERROR(INDEX(supplier_rekening,MATCH(I48,supplier,0)),"") | M48: =IFERROR(INDEX(supplier_bank,MATCH(I48,supplier,0)),"") | N48: =IF(E48="","",DataPembayaran_BLU!$G$48)
A49: 48 | B49: =_xlfn.IFNA(INDEX(DataPembayaran_BLU!$C$2:$C$700,MATCH(A49,DataPembayaran_BLU!$A$2:$A$700,0)),"") | C49: =IF(INDEX(DataPembayaran_BLU!$B$2:$B$700,MATCH(DataSP2D_BLU!B49,DataPembayaran_BLU!$C$2:$C$700,0))=0,"",INDEX(DataPembayaran_BLU!$B$2:$B$700,MATCH(DataSP2D_BLU!B49,DataPembayaran_BLU!$C$2:$C$700,0))) | F49: =IF(E49="","",DataPembayaran_BLU!$U49) | G49: =IF(E49="","",DataPembayaran_BLU!$E$49) | H49: =IF(E49="","",DataPembayaran_BLU!$L$49-DataPembayaran_BLU!$N$49-DataPembayaran_BLU!$P$49) | I49: =IF(E49="","",DataPembayaran_BLU!$F$49) | J49: =IFERROR(INDEX(supplier_alamat,MATCH(DataSP2D_BLU!I49,supplier,0)),"") | K49: =IFERROR(INDEX(supplier_npwp,MATCH(I49,supplier,0)),"") | L49: =IFERROR(INDEX(supplier_rekening,MATCH(I49,supplier,0)),"") | M49: =IFERROR(INDEX(supplier_bank,MATCH(I49,supplier,0)),"") | N49: =IF(E49="","",DataPembayaran_BLU!$G$49)
A50: 49 | B50: =_xlfn.IFNA(INDEX(DataPembayaran_BLU!$C$2:$C$700,MATCH(A50,DataPembayaran_BLU!$A$2:$A$700,0)),"") | C50: =IF(INDEX(DataPembayaran_BLU!$B$2:$B$700,MATCH(DataSP2D_BLU!B50,DataPembayaran_BLU!$C$2:$C$700,0))=0,"",INDEX(DataPembayaran_BLU!$B$2:$B$700,MATCH(DataSP2D_BLU!B50,DataPembayaran_BLU!$C$2:$C$700,0))) | F50: =IF(E50="","",DataPembayaran_BLU!$U50) | G50: =IF(E50="","",DataPembayaran_BLU!$E$50) | H50: =IF(E50="","",DataPembayaran_BLU!$L$50-DataPembayaran_BLU!$N$50-DataPembayaran_BLU!$P$50) | I50: =IF(E50="","",DataPembayaran_BLU!$F$50) | J50: =IFERROR(INDEX(supplier_alamat,MATCH(DataSP2D_BLU!I50,supplier,0)),"") | K50: =IFERROR(INDEX(supplier_npwp,MATCH(I50,supplier,0)),"") | L50: =IFERROR(INDEX(supplier_rekening,MATCH(I50,supplier,0)),"") | M50: =IFERROR(INDEX(supplier_bank,MATCH(I50,supplier,0)),"") | N50: =IF(E50="","",DataPembayaran_BLU!$G$50)
A51: 50 | B51: =_xlfn.IFNA(INDEX(DataPembayaran_BLU!$C$2:$C$700,MATCH(A51,DataPembayaran_BLU!$A$2:$A$700,0)),"") | C51: =IF(INDEX(DataPembayaran_BLU!$B$2:$B$700,MATCH(DataSP2D_BLU!B51,DataPembayaran_BLU!$C$2:$C$700,0))=0,"",INDEX(DataPembayaran_BLU!$B$2:$B$700,MATCH(DataSP2D_BLU!B51,DataPembayaran_BLU!$C$2:$C$700,0))) | F51: =IF(E51="","",DataPembayaran_BLU!$U51) | G51: =IF(E51="","",DataPembayaran_BLU!$E$51) | H51: =IF(E51="","",DataPembayaran_BLU!$L$51-DataPembayaran_BLU!$N$51-DataPembayaran_BLU!$P$51) | I51: =IF(E51="","",DataPembayaran_BLU!$F$51) | J51: =IFERROR(INDEX(supplier_alamat,MATCH(DataSP2D_BLU!I51,supplier,0)),"") | K51: =IFERROR(INDEX(supplier_npwp,MATCH(I51,supplier,0)),"") | L51: =IFERROR(INDEX(supplier_rekening,MATCH(I51,supplier,0)),"") | M51: =IFERROR(INDEX(supplier_bank,MATCH(I51,supplier,0)),"") | N51: =IF(E51="","",DataPembayaran_BLU!$G$51)
A52: 51 | B52: =_xlfn.IFNA(INDEX(DataPembayaran_BLU!$C$2:$C$700,MATCH(A52,DataPembayaran_BLU!$A$2:$A$700,0)),"") | C52: =IF(INDEX(DataPembayaran_BLU!$B$2:$B$700,MATCH(DataSP2D_BLU!B52,DataPembayaran_BLU!$C$2:$C$700,0))=0,"",INDEX(DataPembayaran_BLU!$B$2:$B$700,MATCH(DataSP2D_BLU!B52,DataPembayaran_BLU!$C$2:$C$700,0))) | F52: =IF(E52="","",DataPembayaran_BLU!$U52) | G52: =IF(E52="","",DataPembayaran_BLU!$E$52) | H52: =IF(E52="","",DataPembayaran_BLU!$L$52-DataPembayaran_BLU!$N$52-DataPembayaran_BLU!$P$52) | I52: =IF(E52="","",DataPembayaran_BLU!$F$52) | J52: =IFERROR(INDEX(supplier_alamat,MATCH(DataSP2D_BLU!I52,supplier,0)),"") | K52: =IFERROR(INDEX(supplier_npwp,MATCH(I52,supplier,0)),"") | L52: =IFERROR(INDEX(supplier_rekening,MATCH(I52,supplier,0)),"") | M52: =IFERROR(INDEX(supplier_bank,MATCH(I52,supplier,0)),"") | N52: =IF(E52="","",DataPembayaran_BLU!$G$52)
A53: 52 | B53: =_xlfn.IFNA(INDEX(DataPembayaran_BLU!$C$2:$C$700,MATCH(A53,DataPembayaran_BLU!$A$2:$A$700,0)),"") | C53: =IF(INDEX(DataPembayaran_BLU!$B$2:$B$700,MATCH(DataSP2D_BLU!B53,DataPembayaran_BLU!$C$2:$C$700,0))=0,"",INDEX(DataPembayaran_BLU!$B$2:$B$700,MATCH(DataSP2D_BLU!B53,DataPembayaran_BLU!$C$2:$C$700,0))) | F53: =IF(E53="","",DataPembayaran_BLU!$U53) | G53: =IF(E53="","",DataPembayaran_BLU!$E$53) | H53: =IF(E53="","",DataPembayaran_BLU!$L$53-DataPembayaran_BLU!$N$53-DataPembayaran_BLU!$P$53) | I53: =IF(E53="","",DataPembayaran_BLU!$F$53) | J53: =IFERROR(INDEX(supplier_alamat,MATCH(DataSP2D_BLU!I53,supplier,0)),"") | K53: =IFERROR(INDEX(supplier_npwp,MATCH(I53,supplier,0)),"") | L53: =IFERROR(INDEX(supplier_rekening,MATCH(I53,supplier,0)),"") | M53: =IFERROR(INDEX(supplier_bank,MATCH(I53,supplier,0)),"") | N53: =IF(E53="","",DataPembayaran_BLU!$G$53)
A54: 53 | B54: =_xlfn.IFNA(INDEX(DataPembayaran_BLU!$C$2:$C$700,MATCH(A54,DataPembayaran_BLU!$A$2:$A$700,0)),"") | C54: =IF(INDEX(DataPembayaran_BLU!$B$2:$B$700,MATCH(DataSP2D_BLU!B54,DataPembayaran_BLU!$C$2:$C$700,0))=0,"",INDEX(DataPembayaran_BLU!$B$2:$B$700,MATCH(DataSP2D_BLU!B54,DataPembayaran_BLU!$C$2:$C$700,0))) | F54: =IF(E54="","",DataPembayaran_BLU!$U54) | G54: =IF(E54="","",DataPembayaran_BLU!$E$54) | H54: =IF(E54="","",DataPembayaran_BLU!$L$54-DataPembayaran_BLU!$N$54-DataPembayaran_BLU!$P$54) | I54: =IF(E54="","",DataPembayaran_BLU!$F$54) | J54: =IFERROR(INDEX(supplier_alamat,MATCH(DataSP2D_BLU!I54,supplier,0)),"") | K54: =IFERROR(INDEX(supplier_npwp,MATCH(I54,supplier,0)),"") | L54: =IFERROR(INDEX(supplier_rekening,MATCH(I54,supplier,0)),"") | M54: =IFERROR(INDEX(supplier_bank,MATCH(I54,supplier,0)),"") | N54: =IF(E54="","",DataPembayaran_BLU!$G$54)
A55: 54 | B55: =_xlfn.IFNA(INDEX(DataPembayaran_BLU!$C$2:$C$700,MATCH(A55,DataPembayaran_BLU!$A$2:$A$700,0)),"") | C55: =IF(INDEX(DataPembayaran_BLU!$B$2:$B$700,MATCH(DataSP2D_BLU!B55,DataPembayaran_BLU!$C$2:$C$700,0))=0,"",INDEX(DataPembayaran_BLU!$B$2:$B$700,MATCH(DataSP2D_BLU!B55,DataPembayaran_BLU!$C$2:$C$700,0))) | F55: =IF(E55="","",DataPembayaran_BLU!$U55) | G55: =IF(E55="","",DataPembayaran_BLU!$E$55) | H55: =IF(E55="","",DataPembayaran_BLU!$L$55-DataPembayaran_BLU!$N$55-DataPembayaran_BLU!$P$55) | I55: =IF(E55="","",DataPembayaran_BLU!$F$55) | J55: =IFERROR(INDEX(supplier_alamat,MATCH(DataSP2D_BLU!I55,supplier,0)),"") | K55: =IFERROR(INDEX(supplier_npwp,MATCH(I55,supplier,0)),"") | L55: =IFERROR(INDEX(supplier_rekening,MATCH(I55,supplier,0)),"") | M55: =IFERROR(INDEX(supplier_bank,MATCH(I55,supplier,0)),"") | N55: =IF(E55="","",DataPembayaran_BLU!$G$55)
A56: 55 | B56: =_xlfn.IFNA(INDEX(DataPembayaran_BLU!$C$2:$C$700,MATCH(A56,DataPembayaran_BLU!$A$2:$A$700,0)),"") | C56: =IF(INDEX(DataPembayaran_BLU!$B$2:$B$700,MATCH(DataSP2D_BLU!B56,DataPembayaran_BLU!$C$2:$C$700,0))=0,"",INDEX(DataPembayaran_BLU!$B$2:$B$700,MATCH(DataSP2D_BLU!B56,DataPembayaran_BLU!$C$2:$C$700,0))) | F56: =IF(E56="","",DataPembayaran_BLU!$U56) | G56: =IF(E56="","",DataPembayaran_BLU!$E$56) | H56: =IF(E56="","",DataPembayaran_BLU!$L$56-DataPembayaran_BLU!$N$56-DataPembayaran_BLU!$P$56) | I56: =IF(E56="","",DataPembayaran_BLU!$F$56) | J56: =IFERROR(INDEX(supplier_alamat,MATCH(DataSP2D_BLU!I56,supplier,0)),"") | K56: =IFERROR(INDEX(supplier_npwp,MATCH(I56,supplier,0)),"") | L56: =IFERROR(INDEX(supplier_rekening,MATCH(I56,supplier,0)),"") | M56: =IFERROR(INDEX(supplier_bank,MATCH(I56,supplier,0)),"") | N56: =IF(E56="","",DataPembayaran_BLU!$G$56)
A57: 56 | B57: =_xlfn.IFNA(INDEX(DataPembayaran_BLU!$C$2:$C$700,MATCH(A57,DataPembayaran_BLU!$A$2:$A$700,0)),"") | C57: =IF(INDEX(DataPembayaran_BLU!$B$2:$B$700,MATCH(DataSP2D_BLU!B57,DataPembayaran_BLU!$C$2:$C$700,0))=0,"",INDEX(DataPembayaran_BLU!$B$2:$B$700,MATCH(DataSP2D_BLU!B57,DataPembayaran_BLU!$C$2:$C$700,0))) | F57: =IF(E57="","",DataPembayaran_BLU!$U57) | G57: =IF(E57="","",DataPembayaran_BLU!$E$57) | H57: =IF(E57="","",DataPembayaran_BLU!$L$57-DataPembayaran_BLU!$N$57-DataPembayaran_BLU!$P$57) | I57: =IF(E57="","",DataPembayaran_BLU!$F$57) | J57: =IFERROR(INDEX(supplier_alamat,MATCH(DataSP2D_BLU!I57,supplier,0)),"") | K57: =IFERROR(INDEX(supplier_npwp,MATCH(I57,supplier,0)),"") | L57: =IFERROR(INDEX(supplier_rekening,MATCH(I57,supplier,0)),"") | M57: =IFERROR(INDEX(supplier_bank,MATCH(I57,supplier,0)),"") | N57: =IF(E57="","",DataPembayaran_BLU!$G$57)
A58: 57 | B58: =_xlfn.IFNA(INDEX(DataPembayaran_BLU!$C$2:$C$700,MATCH(A58,DataPembayaran_BLU!$A$2:$A$700,0)),"") | C58: =IF(INDEX(DataPembayaran_BLU!$B$2:$B$700,MATCH(DataSP2D_BLU!B58,DataPembayaran_BLU!$C$2:$C$700,0))=0,"",INDEX(DataPembayaran_BLU!$B$2:$B$700,MATCH(DataSP2D_BLU!B58,DataPembayaran_BLU!$C$2:$C$700,0))) | F58: =IF(E58="","",DataPembayaran_BLU!$U58) | G58: =IF(E58="","",DataPembayaran_BLU!$E$58) | H58: =IF(E58="","",DataPembayaran_BLU!$L$58-DataPembayaran_BLU!$N$58-DataPembayaran_BLU!$P$58) | I58: =IF(E58="","",DataPembayaran_BLU!$F$58) | J58: =IFERROR(INDEX(supplier_alamat,MATCH(DataSP2D_BLU!I58,supplier,0)),"") | K58: =IFERROR(INDEX(supplier_npwp,MATCH(I58,supplier,0)),"") | L58: =IFERROR(INDEX(supplier_rekening,MATCH(I58,supplier,0)),"") | M58: =IFERROR(INDEX(supplier_bank,MATCH(I58,supplier,0)),"") | N58: =IF(E58="","",DataPembayaran_BLU!$G$58)
A59: 58 | B59: =_xlfn.IFNA(INDEX(DataPembayaran_BLU!$C$2:$C$700,MATCH(A59,DataPembayaran_BLU!$A$2:$A$700,0)),"") | C59: =IF(INDEX(DataPembayaran_BLU!$B$2:$B$700,MATCH(DataSP2D_BLU!B59,DataPembayaran_BLU!$C$2:$C$700,0))=0,"",INDEX(DataPembayaran_BLU!$B$2:$B$700,MATCH(DataSP2D_BLU!B59,DataPembayaran_BLU!$C$2:$C$700,0))) | F59: =IF(E59="","",DataPembayaran_BLU!$U59) | G59: =IF(E59="","",DataPembayaran_BLU!$E$58) | H59: =IF(E59="","",DataPembayaran_BLU!$L$58-DataPembayaran_BLU!$N$58-DataPembayaran_BLU!$P$58) | I59: =IF(E59="","",DataPembayaran_BLU!$F$58) | J59: =IFERROR(INDEX(supplier_alamat,MATCH(DataSP2D_BLU!I59,supplier,0)),"") | K59: =IFERROR(INDEX(supplier_npwp,MATCH(I59,supplier,0)),"") | L59: =IFERROR(INDEX(supplier_rekening,MATCH(I59,supplier,0)),"") | M59: =IFERROR(INDEX(supplier_bank,MATCH(I59,supplier,0)),"") | N59: =IF(E59="","",DataPembayaran_BLU!$G$58)
A60: 59 | B60: =_xlfn.IFNA(INDEX(DataPembayaran_BLU!$C$2:$C$700,MATCH(A60,DataPembayaran_BLU!$A$2:$A$700,0)),"") | C60: =IF(INDEX(DataPembayaran_BLU!$B$2:$B$700,MATCH(DataSP2D_BLU!B60,DataPembayaran_BLU!$C$2:$C$700,0))=0,"",INDEX(DataPembayaran_BLU!$B$2:$B$700,MATCH(DataSP2D_BLU!B60,DataPembayaran_BLU!$C$2:$C$700,0))) | F60: =IF(E60="","",DataPembayaran_BLU!$U60) | G60: =IF(E60="","",DataPembayaran_BLU!$E$60) | H60: =IF(E60="","",DataPembayaran_BLU!$L$60-DataPembayaran_BLU!$N$60-DataPembayaran_BLU!$P$60) | I60: =IF(E60="","",DataPembayaran_BLU!$F$60) | J60: =IFERROR(INDEX(supplier_alamat,MATCH(DataSP2D_BLU!I60,supplier,0)),"") | K60: =IFERROR(INDEX(supplier_npwp,MATCH(I60,supplier,0)),"") | L60: =IFERROR(INDEX(supplier_rekening,MATCH(I60,supplier,0)),"") | M60: =IFERROR(INDEX(supplier_bank,MATCH(I60,supplier,0)),"") | N60: =IF(E60="","",DataPembayaran_BLU!$G$60)
A61: 60 | B61: =_xlfn.IFNA(INDEX(DataPembayaran_BLU!$C$2:$C$700,MATCH(A61,DataPembayaran_BLU!$A$2:$A$700,0)),"") | C61: =IF(INDEX(DataPembayaran_BLU!$B$2:$B$700,MATCH(DataSP2D_BLU!B61,DataPembayaran_BLU!$C$2:$C$700,0))=0,"",INDEX(DataPembayaran_BLU!$B$2:$B$700,MATCH(DataSP2D_BLU!B61,DataPembayaran_BLU!$C$2:$C$700,0))) | F61: =IF(E61="","",DataPembayaran_BLU!$U61) | G61: =IF(E61="","",DataPembayaran_BLU!$E$61) | H61: =IF(E61="","",DataPembayaran_BLU!$L$61-DataPembayaran_BLU!$N$61-DataPembayaran_BLU!$P$61) | I61: =IF(E61="","",DataPembayaran_BLU!$F$61) | J61: =IFERROR(INDEX(supplier_alamat,MATCH(DataSP2D_BLU!I61,supplier,0)),"") | K61: =IFERROR(INDEX(supplier_npwp,MATCH(I61,supplier,0)),"") | L61: =IFERROR(INDEX(supplier_rekening,MATCH(I61,supplier,0)),"") | M61: =IFERROR(INDEX(supplier_bank,MATCH(I61,supplier,0)),"") | N61: =IF(E61="","",DataPembayaran_BLU!$G$61)
A62: 61 | B62: =_xlfn.IFNA(INDEX(DataPembayaran_BLU!$C$2:$C$700,MATCH(A62,DataPembayaran_BLU!$A$2:$A$700,0)),"") | C62: =IF(INDEX(DataPembayaran_BLU!$B$2:$B$700,MATCH(DataSP2D_BLU!B62,DataPembayaran_BLU!$C$2:$C$700,0))=0,"",INDEX(DataPembayaran_BLU!$B$2:$B$700,MATCH(DataSP2D_BLU!B62,DataPembayaran_BLU!$C$2:$C$700,0))) | F62: =IF(E62="","",DataPembayaran_BLU!$U62) | G62: =IF(E62="","",DataPembayaran_BLU!$E$62) | H62: =IF(E62="","",DataPembayaran_BLU!$L$62-DataPembayaran_BLU!$N$62-DataPembayaran_BLU!$P$62) | I62: =IF(E62="","",DataPembayaran_BLU!$F$62) | J62: =IFERROR(INDEX(supplier_alamat,MATCH(DataSP2D_BLU!I62,supplier,0)),"") | K62: =IFERROR(INDEX(supplier_npwp,MATCH(I62,supplier,0)),"") | L62: =IFERROR(INDEX(supplier_rekening,MATCH(I62,supplier,0)),"") | M62: =IFERROR(INDEX(supplier_bank,MATCH(I62,supplier,0)),"") | N62: =IF(E62="","",DataPembayaran_BLU!$G$62)
A63: 62 | B63: =_xlfn.IFNA(INDEX(DataPembayaran_BLU!$C$2:$C$700,MATCH(A63,DataPembayaran_BLU!$A$2:$A$700,0)),"") | C63: =IF(INDEX(DataPembayaran_BLU!$B$2:$B$700,MATCH(DataSP2D_BLU!B63,DataPembayaran_BLU!$C$2:$C$700,0))=0,"",INDEX(DataPembayaran_BLU!$B$2:$B$700,MATCH(DataSP2D_BLU!B63,DataPembayaran_BLU!$C$2:$C$700,0))) | F63: =IF(E63="","",DataPembayaran_BLU!$U63) | G63: =IF(E63="","",DataPembayaran_BLU!$E$63) | H63: =IF(E63="","",DataPembayaran_BLU!$L$63-DataPembayaran_BLU!$N$63-DataPembayaran_BLU!$P$63) | I63: =IF(E63="","",DataPembayaran_BLU!$F$63) | J63: =IFERROR(INDEX(supplier_alamat,MATCH(DataSP2D_BLU!I63,supplier,0)),"") | K63: =IFERROR(INDEX(supplier_npwp,MATCH(I63,supplier,0)),"") | L63: =IFERROR(INDEX(supplier_rekening,MATCH(I63,supplier,0)),"") | M63: =IFERROR(INDEX(supplier_bank,MATCH(I63,supplier,0)),"") | N63: =IF(E63="","",DataPembayaran_BLU!$G$63)
A64: 63 | B64: =_xlfn.IFNA(INDEX(DataPembayaran_BLU!$C$2:$C$700,MATCH(A64,DataPembayaran_BLU!$A$2:$A$700,0)),"") | C64: =IF(INDEX(DataPembayaran_BLU!$B$2:$B$700,MATCH(DataSP2D_BLU!B64,DataPembayaran_BLU!$C$2:$C$700,0))=0,"",INDEX(DataPembayaran_BLU!$B$2:$B$700,MATCH(DataSP2D_BLU!B64,DataPembayaran_BLU!$C$2:$C$700,0))) | F64: =IF(E64="","",DataPembayaran_BLU!$U64) | G64: =IF(E64="","",DataPembayaran_BLU!$E$64) | H64: =IF(E64="","",DataPembayaran_BLU!$L$64-DataPembayaran_BLU!$N$64-DataPembayaran_BLU!$P$64) | I64: =IF(E64="","",DataPembayaran_BLU!$F$64) | J64: =IFERROR(INDEX(supplier_alamat,MATCH(DataSP2D_BLU!I64,supplier,0)),"") | K64: =IFERROR(INDEX(supplier_npwp,MATCH(I64,supplier,0)),"") | L64: =IFERROR(INDEX(supplier_rekening,MATCH(I64,supplier,0)),"") | M64: =IFERROR(INDEX(supplier_bank,MATCH(I64,supplier,0)),"") | N64: =IF(E64="","",DataPembayaran_BLU!$G$64)
