Workbook
Name _1960.011.011.521219: WASJA!$D$13
Name Daftar_Rekanan: Referensi!#REF!
Name Daftar_Rekanan: SETUP!$V$6:$Y$10
Name JAKARTA: [1]SETUP!$V$6:$Y$10
Name Jenis_Pembayaran: Referensi!#REF!
Name Jenis_Pembayaran: Referensi!$O$16:$O$21
Name Keg_Output_Akun: SETUP!$N$12:$N$66
Name Keg_Output_Komp_Akun: Referensi!$L$6:$L$34
Name Keg_Output_Komp_Akun: SETUP!$L$12:$S$66
Name Klabel: Referensi!#REF!
Name Klabel: Referensi!$K$6:$K$15
Name Kode: Referensi!#REF!
Name Kode: Referensi!$G$6:$G$39
Name Nama_Buku: SETUP!$H$7:$I$18
Name Output_01: SETUP!$N$12:$N$66
Name Output_02: Referensi!$N$31
Name Output_03: Referensi!$N$32:$N$33
Name Output_04: Referensi!$N$34:$N$39
Name Output_06: Referensi!$N$40
Name Rekanan: Referensi!#REF!
Name Rekanan: SETUP!$V$6:$V$10
Name Sifat_Pembayaran: Referensi!#REF!
Name Sifat_Pembayaran: Referensi!$O$6:$O$11

Sheet MENU
C6: Klik Pilihan Anda | G6: Klik Pilihan Anda
C8: SETUP USER | I8: BP-UANG PERSEDIAAN
C10: REFERENSI | G10: BUKU KAS UMUM | I10: BP-LS BENDAHARA
C12: INPUT DATA TRANSAKSI | G12: BUKU PEMBANTU KAS | I12: BP-PAJAK
C14: SURAT PERMINTAAN PEMBAYARAN | G14: BUKU PEMBANTU BANK | I14: BUKU LAIN-LAIN
C16: S P T B | G16: BUKU PEMBANTU BPP | I16: BERITA ACARA PEMERIKSAAN KAS
C18: Sistem Pembukuan Bendahara | G18: BP-UANG MUKA PERJADIN | I18: LAPORAN PERTANGGUNGJAWABAN

Sheet SETUP
C1: Back to Menu
C3: SETUP USER | H3: SALDO AWAL BUKU | J3: 46023 | L3: PAGU DIPA & SALDO AWAL BULAN BERJALAN | U3: PIHAK YANG BERHAK MENERIMA
C5: ITEM | E5: URAIAN | F5: KODE | H5: KODE | I5: NAMA BUKU | J5: SALDO AWAL | L5: Kode | M5: Akun | N5: Keg/O/Akun | O5: PAGU DIPA | P5: SALDO AWAL | Q5: Akun | R5: Klabel | S5: Uraian Klasifikasi Belanja | U5: Kode | V5: Nama | W5: Alamat | X5: Bank | Y5: Norek
C6: KN/Lembaga | D6: : | E6: Perhubungan | F6: 022 | L6: 04.08 | N6: Lembaga Eksekutif & Legislatif, Keuangan & Fiskal, serta Urusan Luar Negeri | U6: 001 | V6: Bendahara Pengeluaran Balai Diklat Contoh Bandung | W6: Jl. Asia Afrika 100 Bandung | X6: Bank Jabar Bandung | Y6: 00.12345
C7: Unit Organisasi | D7: : | E7: Dirjen Perhubungan Udara | F7: 05 | H7: 1 | I7: BUKU KAS UMUM | J7: 66573.83 | L7: 022.05.09 | N7: Program Pendidikan dan Pelatihan Aparatur Kementerian Keuangan | U7: 002 | V7: CV Rahayu | W7: Jl. Pelanduk 12 Bandung | X7: Bank Mandiri Bandung | Y7: 123456789
C8: SatKer/SKS | D8: : | E8: BLU Kantor UPBU A.P.T. Pranoto Samarinda | F8: 288745 | H8: 2 | I8: BUKU PEMBANTU KAS TUNAI | J8: 0 | L8: 1960 | N8: Pelayanan Angkutan Udara Perintis | U8: 003
C9: Lokasi | D9: : | E9: Kalimantan Timur | F9: 1300 | H9: 3 | I9: BUKU PEMBANTU BANK | J9: 66573.83 | L9: 1961 | N9: Pembangunan, Rehabilitasi dan Pemeliharaan Prasarana Bandar Udara | U9: 004
C10: Tempat | D10: : | E10: Samarinda | F10: 1306 | H10: 4 | I10: BUKU PEMBANTU BPP | J10: 0 | L10: 1962 | N10: Pembangunan, Rehabilitasi dan Pemeliharaan Prasarana Keamanan Penerbangan | U10: 005
C11: Alamat | D11: : | E11: Jalan Poros Samarinda - Bontang | H11: 5 | I11: BUKU PEMBANTU UANG PERSEDIAAN | J11: 0 | L11: 1965 | N11: Dukungan Manajemen dan Dukungan Teknis Lainnya Ditjen Perhubungan Udara | U11: 006
C12: Fungsi/SubFungsi | D12: : | E12: Ekonomi, Transportasi | F12: 04.08 | H12: 6 | I12: BUKU PEMBANTU LS BENDAHARA | J12: 0 | L12: 1965.994.001. | M12: 511111 | N12: =L12&M12 -> 1965.994.001.511111 | O12: 1938305000 | P12: 1938305000 | Q12: =M12 -> 511111 | R12: =LEFT(Q12,4) -> 5111 | U12: 007
C13: Kegiatan | D13: : | H13: 7 | I13: BUKU PEMBANTU UANG MUKA PERJADIN | J13: 0 | L13: 1965.994.001. | M13: 511119 | N13: =L13&M13 -> 1965.994.001.511119 | O13: 38000 | P13: 38000 | Q13: =M13 -> 511119 | R13: =LEFT(Q13,4) -> 5111 | U13: 008
C14: Kewenangan | D14: : | E14: KD | H14: 8 | I14: BUKU PEMBANTU PAJAK UP | J14: 0 | L14: 1965.994.001. | M14: 511121 | N14: =L14&M14 -> 1965.994.001.511121 | O14: 141730000 | P14: 141730000 | Q14: =M14 -> 511121 | R14: =LEFT(Q14,4) -> 5111 | U14: 009
C15: Tanggal DIPA | D15: : | E15: 05 Desember 2013 | H15: 9 | I15: BUKU PEMBANTU BUNGA REKENING | J15: 66573.83 | L15: 1965.994.001. | M15: 511122 | N15: =L15&M15 -> 1965.994.001.511122 | O15: 41396000 | P15: 41396000 | Q15: =M15 -> 511122 | R15: =LEFT(Q15,4) -> 5111 | U15: 010
C16: Nomor DIPA | D16: : | E16: SP DIPA-022.05.2.413922/2014 | H16: 10 | I16: BUKU PEMBANTU PAJAK UP & LS | J16: 0 | L16: 1965.994.001. | M16: 511123 | N16: =L16&M16 -> 1965.994.001.511123 | O16: 16380000 | P16: 16380000 | Q16: =M16 -> 511123 | R16: =LEFT(Q16,4) -> 5111
C17: Tahun Anggaran | D17: : | E17: 2024 | H17: 11 | I17: BUKU PENGESAHAN BELANJA | J17: - | L17: 1965.994.001. | M17: 511124 | N17: =L17&M17 -> 1965.994.001.511124 | O17: 94900000 | P17: 94900000 | Q17: =M17 -> 511124 | R17: =LEFT(Q17,4) -> 5111
C18: KPPN Pembayar | D18: : | E18: Samarinda | F18: 094 | H18: 12 | I18: BUKU PENGEMBALIAN BELANJA | L18: 1965.994.001. | M18: 511125 | N18: =L18&M18 -> 1965.994.001.511125 | O18: 67594000 | P18: 67594000 | Q18: =M18 -> 511125 | R18: =LEFT(Q18,4) -> 5111
C19: Nama KPA | D19: : | E19: MAEKA RINDRA HARIYANTO, SE.,M.SI | L19: 1965.994.001. | M19: 511126 | N19: =L19&M19 -> 1965.994.001.511126 | O19: 150699000 | P19: 150699000 | Q19: =M19 -> 511126 | R19: =LEFT(Q19,4) -> 5111
C20: NIP KPA | D20: : | E20: 197705111997031002 | H20: SALDO AKHIR BUKU | J20: =MAX(Input_Transaksi!C11:C556) -> 46051 | L20: 1965.994.001. | M20: 511129 | N20: =L20&M20 -> 1965.994.001.511129 | O20: 409200000 | P20: 409200000 | Q20: =M20 -> 511129 | R20: =LEFT(Q20,4) -> 5111
C21: Nama Penguji SPP | D21: : | L21: 1965.994.001. | M21: 511151 | N21: =L21&M21 -> 1965.994.001.511151 | O21: 103643000 | P21: 103643000 | Q21: =M21 -> 511151 | R21: =LEFT(Q21,4) -> 5111
C22: NIP Penguji SPP | D22: : | H22: KODE | I22: NAMA BUKU | J22: SALDO AWAL | L22: 1960.011.011. | M22: 521219 | N22: =L22&"."&M22 -> 1960.011.011..521219 | O22: 10667571000 | P22: 10667571000 | Q22: =M22 -> 521219 | R22: =LEFT(Q22,4) -> 5212
C23: Nama Bendahara Pengeluaran | D23: : | L23: 1960.011.011. | M23: 521219 | N23: =L23&"."&M23 -> 1960.011.011..521219 | O23: 2200000000 | P23: 2200000000 | Q23: =M23 -> 521219 | R23: =LEFT(Q23,4) -> 5212
C24: NIP Bendahara Pengeluaran | D24: : | H24: 1 | I24: BUKU KAS UMUM | J24: =BKU!H300 -> 0 | L24: 1961.003.011. | M24: 522131 | N24: =L24&"."&M24 -> 1961.003.011..522131 | O24: 1550000000 | P24: 1550000000 | Q24: =M24 -> 522131 | R24: =LEFT(Q24,4) -> 5221
H25: 2 | I25: BUKU PEMBANTU KAS TUNAI | J25: =TUNAI!H558 -> 0 | L25: 1961.014.011. | M25: 521213 | N25: =L25&"."&M25 -> 1961.014.011..521213 | O25: 37500000 | P25: 37500000 | Q25: =M25 -> 521213 | R25: =LEFT(Q25,4) -> 5212
H26: 3 | I26: BUKU PEMBANTU BANK | J26: =BANK!H300 -> 0 | L26: 1961.014.011. | M26: 521219 | N26: =L26&"."&M26 -> 1961.014.011..521219 | O26: 40000000 | P26: 40000000 | Q26: =M26 -> 521219 | R26: =LEFT(Q26,4) -> 5212
H27: 4 | I27: BUKU PEMBANTU BPP | J27: 0 | L27: 1965.003.015. | M27: 521115 | N27: =L27&"."&M27 -> 1965.003.015..521115 | O27: 56400000 | P27: 56400000 | Q27: =M27 -> 521115 | R27: =LEFT(Q27,4) -> 5211
H28: 5 | I28: BUKU PEMBANTU UANG PERSEDIAAN | J28: 0 | L28: 1965.003.040. | M28: 521115 | N28: =L28&"."&M28 -> 1965.003.040..521115 | O28: 51840000 | P28: 51840000 | Q28: =M28 -> 521115 | R28: =LEFT(Q28,4) -> 5211
H29: 6 | I29: BUKU PEMBANTU LS BENDAHARA | J29: =LSB!H300 -> 0 | L29: 1965.003.040. | M29: 521119 | N29: =L29&"."&M29 -> 1965.003.040..521119 | O29: 160000000 | P29: 160000000 | Q29: =M29 -> 521119 | R29: =LEFT(Q29,4) -> 5211
H30: 7 | I30: BUKU PEMBANTU UANG MUKA PERJADIN | J30: =PERJADIN!H300 -> 0 | L30: 1965.003.012. | M30: 521211 | N30: =L30&"."&M30 -> 1965.003.012..521211 | O30: 28600000 | P30: 28600000 | Q30: =M30 -> 521211 | R30: =LEFT(Q30,4) -> 5212
H31: 8 | I31: BUKU PEMBANTU PAJAK UP | J31: 0 | L31: 1965.003.013. | M31: 521211 | N31: =L31&"."&M31 -> 1965.003.013..521211 | O31: 5000000 | P31: 5000000 | Q31: =M31 -> 521211 | R31: =LEFT(Q31,4) -> 5212
H32: 9 | I32: BUKU PEMBANTU BUNGA REKENING | J32: =BUNGA!H300 -> 0 | L32: 1965.003.040. | M32: 521213 | N32: =L32&"."&M32 -> 1965.003.040..521213 | O32: 655800000 | P32: 655800000 | Q32: =M32 -> 521213 | R32: =LEFT(Q32,4) -> 5212
H33: 10 | I33: BUKU PEMBANTU PAJAK UP & LS | J33: =PJK_LS!M558 -> 0 | L33: 1965.003.013. | M33: 524111 | N33: =L33&"."&M33 -> 1965.003.013..524111 | O33: 92664000 | P33: 92664000 | Q33: =M33 -> 524111 | R33: =LEFT(Q33,4) -> 5241
H34: 11 | I34: BUKU PENGESAHAN BELANJA | J34: 0 | L34: 1965.003.040. | M34: 524111 | N34: =L34&"."&M34 -> 1965.003.040..524111 | O34: 100185000 | P34: 100185000 | Q34: =M34 -> 524111 | R34: =LEFT(Q34,4) -> 5241
H35: 12 | I35: BUKU PENGEMBALIAN BELANJA | J35: 0 | L35: 1965.003.013. | M35: 524119 | N35: =L35&"."&M35 -> 1965.003.013..524119 | O35: 46980000 | P35: 46980000 | Q35: =M35 -> 524119 | R35: =LEFT(Q35,4) -> 5241
L36: 1965.007.016. | M36: 521119 | N36: =L36&"."&M36 -> 1965.007.016..521119 | O36: 15000000 | P36: 15000000 | Q36: =M36 -> 521119 | R36: =LEFT(Q36,4) -> 5211
L37: 1965.007.017. | M37: 521213 | N37: =L37&"."&M37 -> 1965.007.017..521213 | O37: 10800000 | P37: 10800000 | Q37: =M37 -> 521213 | R37: =LEFT(Q37,4) -> 5212
L38: 1965.007.015. | M38: 523121 | N38: =L38&"."&M38 -> 1965.007.015..523121 | O38: 71983000 | P38: 71983000 | Q38: =M38 -> 523121 | R38: =LEFT(Q38,4) -> 5231
L39: 1965.007.014. | M39: 523133 | N39: =L39&"."&M39 -> 1965.007.014..523133 | O39: 567375000 | P39: 567375000 | Q39: =M39 -> 523133 | R39: =LEFT(Q39,4) -> 5231
L40: 1965.007.017. | M40: 524119 | N40: =L40&"."&M40 -> 1965.007.017..524119 | O40: 2700000 | P40: 2700000 | Q40: =M40 -> 524119 | R40: =LEFT(Q40,4) -> 5241
L41: 1965.994.002. | M41: 521111 | N41: =L41&"."&M41 -> 1965.994.002..521111 | O41: 389928000 | P41: 389928000 | Q41: =M41 -> 521111 | R41: =LEFT(Q41,4) -> 5211
L42: 1965.994.002. | M42: 521114 | N42: =L42&"."&M42 -> 1965.994.002..521114 | O42: 6000000 | P42: 6000000 | Q42: =M42 -> 521114 | R42: =LEFT(Q42,4) -> 5211
L43: 1965.994.002. | M43: 521119 | N43: =L43&"."&M43 -> 1965.994.002..521119 | O43: 10800000 | P43: 10800000 | Q43: =M43 -> 521119 | R43: =LEFT(Q43,4) -> 5211
L44: 1965.994.002. | M44: 521119 | N44: =L44&"."&M44 -> 1965.994.002..521119 | O44: 9750000 | P44: 9750000 | Q44: =M44 -> 521119 | R44: =LEFT(Q44,4) -> 5211
L45: 1965.994.002. | M45: 521119 | N45: =L45&"."&M45 -> 1965.994.002..521119 | O45: 39500000 | P45: 39500000 | Q45: =M45 -> 521119 | R45: =LEFT(Q45,4) -> 5211
L46: 1965.994.002. | M46: 521119 | N46: =L46&"."&M46 -> 1965.994.002..521119 | O46: 35997000 | P46: 35997000 | Q46: =M46 -> 521119 | R46: =LEFT(Q46,4) -> 5211
L47: 1965.994.002. | M47: 522111 | N47: =L47&"."&M47 -> 1965.994.002..522111 | O47: 452664000 | P47: 452664000 | Q47: =M47 -> 522111 | R47: =LEFT(Q47,4) -> 5221
... L66: 1965.003.040. | M66: 532111 | N66: =L66&"."&M66 -> 1965.003.040..532111 | O66: 552998000 | P66: 552998000 | Q66: =M66 -> 532111 | R66: =LEFT(Q66,4) -> 5321
N67: JUMLAH | O67: =SUM(O12:O66) -> 70705680000 | P67: =SUM(P6:P66) -> 70705680000
M70: Saldo Awal Tahun Berjalan Ada Perubahan Disesuaikan dengan realisasi bulan Januari 2013

Sheet Referensi
C1: Back to Menu
C3: KODE TRANSAKSI | K3: KELOMPOK AKUN | N3: SIFAT PEMBAYARAN
C5: KODE | D5: URAIAN TRANSAKSI | K5: Kel. Akun | L5: Uraian Kelompok Akun | N5: Kode | O5: Sifat Pembayaran
C6: A | D6: Membukukan Pagu DIPA | G6: =C6&" "&D6 -> A Membukukan Pagu DIPA | K6: 5111 | L6: Belanja Gaji dan Tunjangan PNS | N6: 1 | O6: Pengeluaran Anggaran
G7: =C7&" "&D7 | K7: 5112 | L7: Belanja Gaji dan Tunjangan TNI/Polri | N7: 2 | O7: Pengembalian Uang Mata Anggaran
C8: C1 | D8: Terima Transfer Uang dari Rekening Bendahara Penerimaan (Bank) | G8: =C8&" "&D8 -> C1 Terima Transfer Uang dari Rekening Bendahara Penerimaan (Bank) | K8: 5113 | L8: Belanja Gaji dan Tunjangan Pejabat Negara | N8: 3 | O8: Perhitungan Fihak Ketiga
G9: =C9&" "&D9 | K9: 5114 | L9: Belanja Gaji Dokter PTT | N9: 4 | O9: Pengeluaran Transito
G10: =C10&" "&D10 | K10: 5115 | L10: Belanja Gaji dan Tunjangan Pegawai Non PNS | N10: 5 | O10: Perhitungan Reksus
G11: =C11&" "&D11 | K11: 5121 | L11: Belanja Honorarium | N11: 6 | O11: Pembetulan Pembukuan
G12: =C12&" "&D12 | K12: 5122 | L12: Belanja Lembur
G13: =C13&" "&D13 | K13: 5123 | L13: Belanja Vakasi | N13: JENIS PEMBAYARAN
C14: G1 | D14: Perpindahan dari Bank ke Tunai (Tarik Tunai) | G14: =C14&" "&D14 -> G1 Perpindahan dari Bank ke Tunai (Tarik Tunai) | K14: 5124 | L14: Belanja Tunjangan Khusus & Belanja Pgw Transito
C15: G2 | D15: Perpindahan dari Tunai ke Bank (Setor Tunai ke Rekening Bendahara Pengeluaran) | G15: =C15&" "&D15 -> G2 Perpindahan dari Tunai ke Bank (Setor Tunai ke Rekening Bendahara Pengeluaran) | K15: 5131 | L15: Belanja Pensiun dan Uang Tunggu | N15: Kode | O15: Jenis Pembayaran
G16: =C16&" "&D16 | K16: 5132 | L16: Belanja Asuransi Kesehatan | N16: 1 | O16: Dana Uang Persediaan (UP)
G17: =C17&" "&D17 | K17: 5133 | L17: Belanja Tunjangan Kesehatan Veteran | N17: 2 | O17: Tambahan Uang Persediaan (TU)
C18: I1 | D18: Belanja dengan cara LS - Tunai | G18: =C18&" "&D18 -> I1 Belanja dengan cara LS - Tunai | K18: 5134 | L18: Belanja Cadangan Perubahan Sharing | N18: 3 | O18: Penggantian Uang Persediaan (GU)
C19: I2 | D19: Belanja dengan cara LS - Bank | G19: =C19&" "&D19 -> I2 Belanja dengan cara LS - Bank | K19: 5211 | L19: Belanja Barang Operasional | N19: 4 | O19: Pembayaran Langsung (LS)
G20: =C20&" "&D20 | K20: 5212 | L20: Belanja Barang Non Operasional | N20: 5 | O20: Nihil
G21: =C21&" "&D21 | K21: 5221 | L21: Belanja Jasa | N21: 6 | O21: Pengesahan
G22: =C22&" "&D22 | K22: 5231 | L22: Belanja Biaya Pemeliharaan
G23: =C23&" "&D23 | K23: 5241 | L23: Belanja Perjalanan Dalam Negeri
C24: K1 | D24: Pemberian Uang Muka Perjadin (Tunai) | G24: =C24&" "&D24 -> K1 Pemberian Uang Muka Perjadin (Tunai) | K24: 5242 | L24: Belanja Perjalanan Luar Negeri
C25: K2 | D25: Pemberian Uang Muka Perjadin (Bank) | G25: =C25&" "&D25 -> K2 Pemberian Uang Muka Perjadin (Bank) | K25: 5251 | L25: Belanja Barang BLU
C26: K3 | D26: Perhitungan rampung Perjadin | G26: =C26&" "&D26 -> K3 Perhitungan rampung Perjadin | K26: 5311 | L26: Belanja Modal Tanah
C27: K4 | D27: Terima Sisa UM Perjadin (tunai) | G27: =C27&" "&D27 -> K4 Terima Sisa UM Perjadin (tunai) | K27: 5321 | L27: Belanja Modal Peralatan dan Mesin
C28: L1 | D28: Terima uang lain-lain - Bunga Rekening | G28: =C28&" "&D28 -> L1 Terima uang lain-lain - Bunga Rekening | K28: 5331 | L28: Belanja Modal Gedung dan Bangunan
G29: =C29&" "&D29 | K29: 5341 | L29: Belanja Modal Jalan, Irigasi, & Jaringan
C30: L3 | D30: Transfer Uang Bunga Rekening ke Rekening Bendahara Penerimaan | G30: =C30&" "&D30 -> L3 Transfer Uang Bunga Rekening ke Rekening Bendahara Penerimaan | K30: 5351 | L30: Belanja Pemeliharaan yang Dikapitalisasi
C31: M1 | D31: Pungut Pajak oleh Bendahara - Tunai | G31: =C31&" "&D31 -> M1 Pungut Pajak oleh Bendahara - Tunai | K31: 5361 | L31: Belanja Modal Fisik Lainnya
C32: M2 | D32: Setor Pajak oleh bendahara - Tunai | G32: =C32&" "&D32 -> M2 Setor Pajak oleh bendahara - Tunai | K32: 5371 | L32: Belanja Modal BLU
C33: M3 | D33: Penyetoran Pajak oleh Bendahara Pengeluaran Melalui Bank untuk Pajak Yang Belum disahkan | G33: =C33&" "&D33 -> M3 Penyetoran Pajak oleh Bendahara Pengeluaran Melalui Bank untuk Pajak Yang Belum disahkan | K33: 8251 | L33: Uang Persediaan
C34: L4 | D34: Terima uang lain-lain - Pengembalian Belanja | G34: =C34&" "&D34 -> L4 Terima uang lain-lain - Pengembalian Belanja
C35: L5 | D35: Transfer Uang Pengembalian Belanja pada Buku Pengembalian Belanja ke Rekening Bendahara Penerimaan | G35: =C35&" "&D35 -> L5 Transfer Uang Pengembalian Belanja pada Buku Pengembalian Belanja ke Rekening Bendahara Penerimaan
C36: L6 | D36: Transfer Uang Pengembalian Belanja pada Buku LS Bendahara ke Rekening Bendahara Penerimaan | G36: =C36&" "&D36 -> L6 Transfer Uang Pengembalian Belanja pada Buku LS Bendahara ke Rekening Bendahara Penerimaan
C37: L7 | D37: Terima Uang Retur | G37: =C37&" "&D37 -> L7 Terima Uang Retur
G38: =C38&" "&D38
G39: =C39&" "&D39
C40: M8 | D40: Pencatatan Pungut Pajak oleh Bendahara Pengeluaran | G40: =C40&" "&D40 -> M8 Pencatatan Pungut Pajak oleh Bendahara Pengeluaran
C41: M9 | D41: Pencatatan Penyetoran Pajak oleh Bendahara Pengeluaran (Bank) Yang sudah disahkan | G41: =C41&" "&D41 -> M9 Pencatatan Penyetoran Pajak oleh Bendahara Pengeluaran (Bank) Yang sudah disahkan
C42: R1 | D42: Transaksi Koreksi Non Belanja - Buku Pembantu Bunga Bank (D) dan Buku Pembantu LS Bendahara (K) | G42: =C42&" "&D42 -> R1 Transaksi Koreksi Non Belanja - Buku Pembantu Bunga Bank (D) dan Buku Pembantu LS Bendahara (K)
C43: R2 | D43: Terima Transfer Uang dari Rekening Bendahara Penerimaan berupa Uang Pengembalian Belanja yang diterima di Rekening Bendahara Penerimaan | G43: =C43&" "&D43 -> R2 Terima Transfer Uang dari Rekening Bendahara Penerimaan berupa Uang Pengembalian Belanja yang diterima di Rekening Bendahara Penerimaan

Sheet Input_Transaksi
C1: Back to Menu
C3: =SETUP!E8 -> BLU Kantor UPBU A.P.T. Pranoto Samarinda
C4: INPUT DATA TRANSAKSI
C5: PERIODE : 01 JANUARI S.D 31 JANUARI 2026
C7: DAFTAR KODE TRANSAKSI | F7: H1 Belanja dengan UP/TUP (tunai)
C9: Tanggal | D9: No. Bkt | E9: Kode Tran-saksi | F9: Uraian Transaksi | G9: , | H9: Penerima | I9: Keg/Output/ Akun | J9: CP (UP/LS/ GU) | K9: Pungut/Setor Pajak | L9: Jumlah Kotor | M9: Unsur Pajak dalam Belanja | P9: (1) BUKU KAS UMUM | AB9: (10) BUKU KAS | AL9: (2) BUKU KAS TUNAI | AR9: (3) BUKU KAS DI BANK | AZ9: (4) BUKU BPP | BF9: (5) BUKU PEMBANTU UP | BL9: (6) BUKU LS BENDAHARA | BR9: (7) BUKU UM PERJADIN | BX9: (8) BUKU PEMBANTU PAJAK | CD9: (9) BUKU PEMBANTU BUNGA REKENING | CJ9: (10) BUKU PEMBANTU PAJAK LS | CP9: Data SPTB | CQ9: Data PPN | CR9: Data PPh | CS9: (11) BUKU PEMBANTU PENGESAHAN | CY9: (12) BUKU PENGEMBALIAN Belanja
T10: TERIMA | AA10: KELUAR | AF10: TERIMA | AK10: KELUAR | AN10: TERIMA | AQ10: KELUAR | AT10: TERIMA | AY10: KELUAR | BB10: TERIMA | BE10: KELUAR | BH10: TERIMA | BK10: KELUAR | BL10: TERIMA | BM10: TERIMA | BN10: TERIMA | BQ10: KELUAR | BS10: TERIMA | BT10: TERIMA | BU10: 7 | BW10: KELUAR | BY10: TERIMA | BZ10: TERIMA | CC10: KELUAR | CF10: TERIMA | CI10: KELUAR | CK10: TERIMA | CL10: TERIMA | CO10: KELUAR | CS10: TERIMA | CT10: TERIMA | CU10: TERIMA | CX10: KELUAR | DA10: TERIMA | DD10: KELUAR
A11: 001 | C11: 46024 | D11: ="2026."&A11 -> 2026.001 | E11: L3 | F11: Transfer Uang Bunga Rekening RPL 046 BLU APT PRANOTO UTK OPS PENGELUARAN ke Rekening Bendahara Peneriman RPL 046 BLU APT PRANOTO UTK OPS | L11: 66573.83 | O11: =IF(E11="A",L11,IF(E11="B",L11,IF(E11="C1",L11,IF(E11="D1",L11,IF(E11="E",L11,IF(E11="F",L11,IF(E11="G1",L11,IF(E11="G2",L11,IF(E11="R1",L11,IF(E11="L4",L11,IF(E11="R2",L11,IF(E11="l7",L11,0)))))))))))) -> 0 | P11: =IF(E11="J1",L11,IF(E11="J2",L11,IF(E11="J4",L11,IF(E11="K1",L11,IF(E11="K2",L11,IF(E11="K4",L11,IF(E11="L1",L11,IF(E11="M1",L11,IF(E11="M6",L11,IF(E11="M6",L11,0)))))))))) -> 0 | Q11: =IF(E11="M4",L11,0) -> 0 | R11: 1 | S11: =IF(R11="","",VLOOKUP(R11,Nama_Buku,2)) -> BUKU KAS UMUM | T11: =AVERAGE(O11+P11+Q11) -> 0 | U11: =IF(E11="A",L11,IF(E11="C2",L11,IF(E11="D2",L11,IF(E11="E",L11,IF(E11="F",L11,IF(E11="G1",L11,IF(E11="G2",L11,IF(E11="H1",L11,IF(E11="R1",L11,0))))))))) -> 0 | V11: =IF(E11="H2",L11,IF(E11="I1",L11,IF(E11="I2",L11,IF(E11="J1",L11,IF(E11="J2",L11,IF(E11="J3",L11,IF(E11="J4",L11,IF(E11="K1",L11,0)))))))) -> 0 | W11: =IF(E11="K2",L11,IF(E11="K3",L11,IF(E11="K4",L11,IF(E11="L2",L11,IF(E11="L3",L11,IF(E11="M2",L11,IF(E11="M3",L11,IF(E11="M7",L11,IF(E11="L5",L11,IF(E11="L6",L11,0)))))))))) -> 66573.83 | X11: =IF(E11="N1",L11,IF(E11="N2",L11,0)) -> 0 | Y11: =R11 -> 1 | Z11: =IF(Y11="","",VLOOKUP(Y11,Nama_Buku,2)) -> BUKU KAS UMUM | AA11: =AVERAGE(U11+V11+W11+X11) -> 66573.83 | AB11: 10 | AC11: =IF(AB11="","",VLOOKUP(AB11,Nama_Buku,2)) -> BUKU PEMBANTU PAJAK UP & LS | AD11: =IF(E11="B",L11,IF(E11="C1",L11,IF(E11="D1",L11,IF(E11="J1",-L11,IF(E11="J2",-L11,IF(E11="L1",L11,IF(E11="M1",L11,IF(E11="M4",L11,IF(E11="M8",L11,IF(E11="R2",L11,0)))))))))) -> 0 | AE11: =IF(E11="K1",-L11,IF(E11="K2",-L11,)) -> 0 | AF11: =AVERAGE(AD11+AE11) -> 0 | AG11: =IF(E11="C2",L11,IF(E11="D2",L11,IF(E11="H1",L11,IF(E11="H2",L11,IF(E11="I1",L11,IF(E11="I2",L11,IF(E11="J4",-L11,IF(E11="K4",-L11,0)))))))) -> 0 | AH11: =IF(E11="L2",L11,IF(E11="L3",L11,IF(E11="M2",L11,IF(E11="M3",L11,IF(E11="M5",L11,IF(E11="N1",L11,IF(E11="N2",L11,0))))))) -> 66573.83 | AI11: =AB11 -> 10 | AJ11: =IF(AI11="","",VLOOKUP(AI11,Nama_Buku,2)) -> BUKU PEMBANTU PAJAK UP & LS | AK11: =AVERAGE(AG11+AH11) -> 66573.83 | AL11: 2 | AM11: =IF(AL11="","",VLOOKUP(AL11,Nama_Buku,2)) -> BUKU PEMBANTU KAS TUNAI | AN11: =IF(E11="G1",L11,IF(E11="J4",L11,IF(E11="K4",L11,IF(E11="M1",L11,0)))) -> 0 | AO11: =AL11 -> 2 | AP11: =IF(AO11="","",VLOOKUP(AO11,Nama_Buku,2)) -> BUKU PEMBANTU KAS TUNAI | AQ11: =IF(E11="G2",L11,IF(E11="H1",L11,IF(E11="I1",L11,IF(E11="J1",L11,IF(E11="K1",L11,IF(E11="L2",L11,IF(E11="M2",L11,IF(E11="N1",L11,0)))))))) -> 0 | AR11: 3 | AS11: =IF(AR11="","",VLOOKUP(AR11,Nama_Buku,2)) -> BUKU PEMBANTU BANK | AT11: =IF(E11="B",L11,IF(E11="C1",L11,IF(E11="D1",L11,IF(E11="G2",L11,IF(E11="L1",L11,IF(E11="L4",L11,IF(E11="R2",L11,IF(E11="L7",L11,0)))))))) -> 0 | AU11: =IF(E11="C2",L11,IF(E11="D2",L11,IF(E11="G1",L11,IF(E11="H2",L11,IF(E11="I2",L11,IF(E11="J2",L11,IF(E11="K2",L11,IF(E11="L3",L11,IF(E11="L5",L11,IF(E11="L6",L11,0)))))))))) -> 66573.83 | AV11: =IF(E11="M3",L11,IF(E11="N2",L11,IF(E11="M9",L11,0))) -> 0 | AW11: =AR11 -> 3 | AX11: =IF(AW11="","",VLOOKUP(AW11,Nama_Buku,2)) -> BUKU PEMBANTU BANK | AY11: =AVERAGE(AU11+AV11) -> 66573.83 | AZ11: 4 | BA11: =IF(AZ11="","",VLOOKUP(AZ11,Nama_Buku,2)) -> BUKU PEMBANTU BPP | BB11: =IF(E11="J1",L11,IF(E11="J2",L11,IF(E11="M4",L11,0))) -> 0 | BC11: =AZ11 -> 4 | BD11: =IF(BC11="","",VLOOKUP(BC11,Nama_Buku,2)) -> BUKU PEMBANTU BPP | BE11: =IF(E11="J3",L11,IF(E11="J4",L11,IF(E11="M5",L11,0))) -> 0 | BF11: 5 | BG11: =IF(BF11="","",VLOOKUP(BF11,Nama_Buku,2)) -> BUKU PEMBANTU UANG PERSEDIAAN | BH11: =IF(E11="B",L11,IF(E11="D1",L11,0)) -> 0 | BI11: =BF11 -> 5 | BJ11: =IF(BI11="","",VLOOKUP(BI11,Nama_Buku,2)) -> BUKU PEMBANTU UANG PERSEDIAAN | BK11: =IF(E11="D2",L11,IF(E11="H1",L11,IF(E11="H2",L11,IF(E11="J3",L11,IF(E11="K3",L11,IF(E11="N1",L11,IF(E11="N2",L11,0))))))) -> 0 | BL11: 6 | BM11: =IF(BL11="","",VLOOKUP(BL11,Nama_Buku,2)) -> BUKU PEMBANTU LS BENDAHARA | BN11: =IF(E11="C1",L11,IF(E11="C1",L11,IF(E11="R2",L11,IF(E11="L7",L11,0)))) -> 0 | BO11: =BL11 -> 6 | BP11: =IF(BO11="","",VLOOKUP(BO11,Nama_Buku,2)) -> BUKU PEMBANTU LS BENDAHARA | BQ11: =IF(E11="C2",L11,IF(E11="I1",L11,IF(E11="I2",L11,IF(E11="M9",L11,IF(E11="M3",L11,IF(E11="K3",L11,IF(E11="R1",L11,IF(E11="L6",L11,0)))))))) -> 0 | BR11: 7 | BS11: =IF(BR11="","",VLOOKUP(BR11,Nama_Buku,2)) -> BUKU PEMBANTU UANG MUKA PERJADIN | BT11: =IF(E11="K1",L11,IF(E11="K2",L11,0)) -> 0 | BU11: =BR11 -> 7 | BV11: =IF(BU11="","",VLOOKUP(BU11,Nama_Buku,2)) -> BUKU PEMBANTU UANG MUKA PERJADIN | BW11: =IF(E11="K3",L11,IF(E11="K4",L11,0)) -> 0 | BX11: 8 | BY11: =IF(BX11="","",VLOOKUP(BX11,Nama_Buku,2)) -> BUKU PEMBANTU PAJAK UP | BZ11: =IF(E11="M1",L11,IF(E11="M4",L11,IF(E11="M8",L11,0))) -> 0 | CA11: =BX11 -> 8 | CB11: =IF(CA11="","",VLOOKUP(CA11,Nama_Buku,2)) -> BUKU PEMBANTU PAJAK UP | CC11: =IF(E11="M2",L11,IF(E11="M3",L11,IF(E11="M5",L11,0))) -> 0 | CD11: 9 | CE11: =IF(CD11="","",VLOOKUP(CD11,Nama_Buku,2)) -> BUKU PEMBANTU BUNGA REKENING | CF11: =IF(E11="L1",L11,IF(E11="R1",L11,0)) -> 0 | CG11: =CD11 -> 9 | CH11: =IF(CG11="","",VLOOKUP(CG11,Nama_Buku,2)) -> BUKU PEMBANTU BUNGA REKENING | CI11: =IF(E11="L2",L11,IF(E11="L3",L11,0)) -> 66573.83 | CJ11: 10 | CK11: =IF(CJ11="","",VLOOKUP(CJ11,Nama_Buku,2)) -> BUKU PEMBANTU PAJAK UP & LS | CL11: =IF(E11="M1",L11,IF(E11="M4",L11,IF(E11="M6",L11,IF(E11="M8",L11,0)))) -> 0 | CM11: =CJ11 -> 10 | CN11: =IF(CM11="","",VLOOKUP(CM11,Nama_Buku,2)) -> BUKU PEMBANTU PAJAK UP & LS | CO11: =IF(E11="M2",L11,IF(E11="M3",L11,IF(E11="M5",L11,IF(E11="M7",L11,IF(E11="M9",L11,0))))) -> 0 | CP11: =IF(E11="H1",L11,IF(E11="H2",L11,IF(E11="J3",L11,IF(E11="K3",L11,0)))) -> 0 | CQ11: =IF(E11="H1",M11,IF(E11="H2",M11,IF(E11="J3",M11,0))) -> 0 | CR11: =IF(E11="H1",N11,IF(E11="H2",N11,IF(E11="J3",N11,0))) -> 0 | CS11: 11 | CT11: =IF(CS11="","",VLOOKUP(CS11,Nama_Buku,2)) -> BUKU PENGESAHAN BELANJA | CU11: =IF(E11="C2",L11,IF(E11="I1",L11,IF(E11="I2",L11,IF(E11="K3",L11,IF(E11="M3",L11,IF(E11="M9",L11,0)))))) -> 0 | CV11: =CS11 -> 11 | CW11: =IF(CV11="","",VLOOKUP(CV11,Nama_Buku,2)) -> BUKU PENGESAHAN BELANJA | CX11: =IF(E11="C3",L11,0) -> 0 | CY11: 12 | CZ11: =IF(CY11="","",VLOOKUP(CY11,Nama_Buku,2)) -> BUKU PENGEMBALIAN BELANJA | DA11: =IF(E11="L4",L11,IF(E11="R2",L11,0)) -> 0 | DB11: =CY11 -> 12 | DC11: =IF(DB11="","",VLOOKUP(DB11,Nama_Buku,2)) -> BUKU PENGEMBALIAN BELANJA | DD11: =IF(E11="L5",L11,IF(E11="L5",L11,0)) -> 0
A12: 002 | C12: 46051 | D12: ="2026."&A12 -> 2026.002 | E12: C1 | F12: Menerima transfer dana sesuai Surat Perintah Transfer Dana Tanggal 29 Januari 2026 sebesar Rp. 25.000.000 ke Rekening 2001302885742 RPL 046 BLU APT PRANOTO UTK OPS PENGELUARAN | L12: 25000000 | O12: =IF(E12="A",L12,IF(E12="B",L12,IF(E12="C1",L12,IF(E12="D1",L12,IF(E12="E",L12,IF(E12="F",L12,IF(E12="G1",L12,IF(E12="G2",L12,IF(E12="R1",L12,IF(E12="L4",L12,IF(E12="R2",L12,IF(E12="l7",L12,0)))))))))))) -> 25000000 | P12: =IF(E12="J1",L12,IF(E12="J2",L12,IF(E12="J4",L12,IF(E12="K1",L12,IF(E12="K2",L12,IF(E12="K4",L12,IF(E12="L1",L12,IF(E12="M1",L12,IF(E12="M6",L12,IF(E12="M6",L12,0)))))))))) -> 0 | Q12: =IF(E12="M4",L12,0) -> 0 | R12: 1 | S12: =IF(R12="","",VLOOKUP(R12,Nama_Buku,2)) -> BUKU KAS UMUM | T12: =AVERAGE(O12+P12+Q12) -> 25000000 | U12: =IF(E12="A",L12,IF(E12="C2",L12,IF(E12="D2",L12,IF(E12="E",L12,IF(E12="F",L12,IF(E12="G1",L12,IF(E12="G2",L12,IF(E12="H1",L12,IF(E12="R1",L12,0))))))))) -> 0 | V12: =IF(E12="H2",L12,IF(E12="I1",L12,IF(E12="I2",L12,IF(E12="J1",L12,IF(E12="J2",L12,IF(E12="J3",L12,IF(E12="J4",L12,IF(E12="K1",L12,0)))))))) -> 0 | W12: =IF(E12="K2",L12,IF(E12="K3",L12,IF(E12="K4",L12,IF(E12="L2",L12,IF(E12="L3",L12,IF(E12="M2",L12,IF(E12="M3",L12,IF(E12="M7",L12,IF(E12="L5",L12,IF(E12="L6",L12,0)))))))))) -> 0 | X12: =IF(E12="N1",L12,IF(E12="N2",L12,0)) -> 0 | Y12: =R12 -> 1 | Z12: =IF(Y12="","",VLOOKUP(Y12,Nama_Buku,2)) -> BUKU KAS UMUM | AA12: =AVERAGE(U12+V12+W12+X12) -> 0 | AB12: 10 | AC12: =IF(AB12="","",VLOOKUP(AB12,Nama_Buku,2)) -> BUKU PEMBANTU PAJAK UP & LS | AD12: =IF(E12="B",L12,IF(E12="C1",L12,IF(E12="D1",L12,IF(E12="J1",-L12,IF(E12="J2",-L12,IF(E12="L1",L12,IF(E12="M1",L12,IF(E12="M4",L12,IF(E12="M8",L12,IF(E12="R2",L12,0)))))))))) -> 25000000 | AE12: =IF(E12="K1",-L12,IF(E12="K2",-L12,)) -> 0 | AF12: =AVERAGE(AD12+AE12) -> 25000000 | AG12: =IF(E12="C2",L12,IF(E12="D2",L12,IF(E12="H1",L12,IF(E12="H2",L12,IF(E12="I1",L12,IF(E12="I2",L12,IF(E12="J4",-L12,IF(E12="K4",-L12,0)))))))) -> 0 | AH12: =IF(E12="L2",L12,IF(E12="L3",L12,IF(E12="M2",L12,IF(E12="M3",L12,IF(E12="M5",L12,IF(E12="N1",L12,IF(E12="N2",L12,0))))))) -> 0 | AI12: =AB12 -> 10 | AJ12: =IF(AI12="","",VLOOKUP(AI12,Nama_Buku,2)) -> BUKU PEMBANTU PAJAK UP & LS | AK12: =AVERAGE(AG12+AH12) -> 0 | AL12: 2 | AM12: =IF(AL12="","",VLOOKUP(AL12,Nama_Buku,2)) -> BUKU PEMBANTU KAS TUNAI | AN12: =IF(E12="G1",L12,IF(E12="J4",L12,IF(E12="K4",L12,IF(E12="M1",L12,0)))) -> 0 | AO12: =AL12 -> 2 | AP12: =IF(AO12="","",VLOOKUP(AO12,Nama_Buku,2)) -> BUKU PEMBANTU KAS TUNAI | AQ12: =IF(E12="G2",L12,IF(E12="H1",L12,IF(E12="I1",L12,IF(E12="J1",L12,IF(E12="K1",L12,IF(E12="L2",L12,IF(E12="M2",L12,IF(E12="N1",L12,0)))))))) -> 0 | AR12: 3 | AS12: =IF(AR12="","",VLOOKUP(AR12,Nama_Buku,2)) -> BUKU PEMBANTU BANK | AT12: =IF(E12="B",L12,IF(E12="C1",L12,IF(E12="D1",L12,IF(E12="G2",L12,IF(E12="L1",L12,IF(E12="L4",L12,IF(E12="R2",L12,IF(E12="L7",L12,0)))))))) -> 25000000 | AU12: =IF(E12="C2",L12,IF(E12="D2",L12,IF(E12="G1",L12,IF(E12="H2",L12,IF(E12="I2",L12,IF(E12="J2",L12,IF(E12="K2",L12,IF(E12="L3",L12,IF(E12="L5",L12,IF(E12="L6",L12,0)))))))))) -> 0 | AV12: =IF(E12="M3",L12,IF(E12="N2",L12,IF(E12="M9",L12,0))) -> 0 | AW12: =AR12 -> 3 | AX12: =IF(AW12="","",VLOOKUP(AW12,Nama_Buku,2)) -> BUKU PEMBANTU BANK | AY12: =AVERAGE(AU12+AV12) -> 0 | AZ12: 4 | BA12: =IF(AZ12="","",VLOOKUP(AZ12,Nama_Buku,2)) -> BUKU PEMBANTU BPP | BB12: =IF(E12="J1",L12,IF(E12="J2",L12,IF(E12="M4",L12,0))) -> 0 | BC12: =AZ12 -> 4 | BD12: =IF(BC12="","",VLOOKUP(BC12,Nama_Buku,2)) -> BUKU PEMBANTU BPP | BE12: =IF(E12="J3",L12,IF(E12="J4",L12,IF(E12="M5",L12,0))) -> 0 | BF12: 5 | BG12: =IF(BF12="","",VLOOKUP(BF12,Nama_Buku,2)) -> BUKU PEMBANTU UANG PERSEDIAAN | BH12: =IF(E12="B",L12,IF(E12="D1",L12,0)) -> 0 | BI12: =BF12 -> 5 | BJ12: =IF(BI12="","",VLOOKUP(BI12,Nama_Buku,2)) -> BUKU PEMBANTU UANG PERSEDIAAN | BK12: =IF(E12="D2",L12,IF(E12="H1",L12,IF(E12="H2",L12,IF(E12="J3",L12,IF(E12="K3",L12,IF(E12="N1",L12,IF(E12="N2",L12,0))))))) -> 0 | BL12: 6 | BM12: =IF(BL12="","",VLOOKUP(BL12,Nama_Buku,2)) -> BUKU PEMBANTU LS BENDAHARA | BN12: =IF(E12="C1",L12,IF(E12="C1",L12,IF(E12="R2",L12,IF(E12="L7",L12,0)))) -> 25000000 | BO12: =BL12 -> 6 | BP12: =IF(BO12="","",VLOOKUP(BO12,Nama_Buku,2)) -> BUKU PEMBANTU LS BENDAHARA | BQ12: =IF(E12="C2",L12,IF(E12="I1",L12,IF(E12="I2",L12,IF(E12="M9",L12,IF(E12="M3",L12,IF(E12="K3",L12,IF(E12="R1",L12,IF(E12="L6",L12,0)))))))) -> 0 | BR12: 7 | BS12: =IF(BR12="","",VLOOKUP(BR12,Nama_Buku,2)) -> BUKU PEMBANTU UANG MUKA PERJADIN | BT12: =IF(E12="K1",L12,IF(E12="K2",L12,0)) -> 0 | BU12: =BR12 -> 7 | BV12: =IF(BU12="","",VLOOKUP(BU12,Nama_Buku,2)) -> BUKU PEMBANTU UANG MUKA PERJADIN | BW12: =IF(E12="K3",L12,IF(E12="K4",L12,0)) -> 0 | BX12: 8 | BY12: =IF(BX12="","",VLOOKUP(BX12,Nama_Buku,2)) -> BUKU PEMBANTU PAJAK UP | BZ12: =IF(E12="M1",L12,IF(E12="M4",L12,IF(E12="M8",L12,0))) -> 0 | CA12: =BX12 -> 8 | CB12: =IF(CA12="","",VLOOKUP(CA12,Nama_Buku,2)) -> BUKU PEMBANTU PAJAK UP | CC12: =IF(E12="M2",L12,IF(E12="M3",L12,IF(E12="M5",L12,0))) -> 0 | CD12: 9 | CE12: =IF(CD12="","",VLOOKUP(CD12,Nama_Buku,2)) -> BUKU PEMBANTU BUNGA REKENING | CF12: =IF(E12="L1",L12,IF(E12="R1",L12,0)) -> 0 | CG12: =CD12 -> 9 | CH12: =IF(CG12="","",VLOOKUP(CG12,Nama_Buku,2)) -> BUKU PEMBANTU BUNGA REKENING | CI12: =IF(E12="L2",L12,IF(E12="L3",L12,0)) -> 0 | CJ12: 10 | CK12: =IF(CJ12="","",VLOOKUP(CJ12,Nama_Buku,2)) -> BUKU PEMBANTU PAJAK UP & LS | CL12: =IF(E12="M1",L12,IF(E12="M4",L12,IF(E12="M6",L12,IF(E12="M8",L12,0)))) -> 0 | CM12: =CJ12 -> 10 | CN12: =IF(CM12="","",VLOOKUP(CM12,Nama_Buku,2)) -> BUKU PEMBANTU PAJAK UP & LS | CO12: =IF(E12="M2",L12,IF(E12="M3",L12,IF(E12="M5",L12,IF(E12="M7",L12,IF(E12="M9",L12,0))))) -> 0 | CP12: =IF(E12="H1",L12,IF(E12="H2",L12,IF(E12="J3",L12,IF(E12="K3",L12,0)))) -> 0 | CQ12: =IF(E12="H1",M12,IF(E12="H2",M12,IF(E12="J3",M12,0))) -> 0 | CR12: =IF(E12="H1",N12,IF(E12="H2",N12,IF(E12="J3",N12,0))) -> 0 | CS12: 11 | CT12: =IF(CS12="","",VLOOKUP(CS12,Nama_Buku,2)) -> BUKU PENGESAHAN BELANJA | CU12: =IF(E12="C2",L12,IF(E12="I1",L12,IF(E12="I2",L12,IF(E12="K3",L12,IF(E12="M3",L12,IF(E12="M9",L12,0)))))) -> 0 | CV12: =CS12 -> 11 | CW12: =IF(CV12="","",VLOOKUP(CV12,Nama_Buku,2)) -> BUKU PENGESAHAN BELANJA | CX12: =IF(E12="C3",L12,0) -> 0 | CY12: 12 | CZ12: =IF(CY12="","",VLOOKUP(CY12,Nama_Buku,2)) -> BUKU PENGEMBALIAN BELANJA | DA12: =IF(E12="L4",L12,IF(E12="R2",L12,0)) -> 0 | DB12: =CY12 -> 12 | DC12: =IF(DB12="","",VLOOKUP(DB12,Nama_Buku,2)) -> BUKU PENGEMBALIAN BELANJA | DD12: =IF(E12="L5",L12,IF(E12="L5",L12,0)) -> 0
A13: 003 | C13: 46051 | D13: ="2026."&A13 -> 2026.003 | E13: C1 | F13: Menerima transfer dana sesuai Surat Perintah Transfer Dana Tanggal 29 Januari 2026 sebesar Rp. 35.964.000 ke Rekening 2001302885742 RPL 046 BLU APT PRANOTO UTK OPS PENGELUARAN | L13: 35964000 | O13: =IF(E13="A",L13,IF(E13="B",L13,IF(E13="C1",L13,IF(E13="D1",L13,IF(E13="E",L13,IF(E13="F",L13,IF(E13="G1",L13,IF(E13="G2",L13,IF(E13="R1",L13,IF(E13="L4",L13,IF(E13="R2",L13,IF(E13="l7",L13,0)))))))))))) -> 35964000 | P13: =IF(E13="J1",L13,IF(E13="J2",L13,IF(E13="J4",L13,IF(E13="K1",L13,IF(E13="K2",L13,IF(E13="K4",L13,IF(E13="L1",L13,IF(E13="M1",L13,IF(E13="M6",L13,IF(E13="M6",L13,0)))))))))) -> 0 | Q13: =IF(E13="M4",L13,0) -> 0 | R13: 1 | S13: =IF(R13="","",VLOOKUP(R13,Nama_Buku,2)) -> BUKU KAS UMUM | T13: =AVERAGE(O13+P13+Q13) -> 35964000 | U13: =IF(E13="A",L13,IF(E13="C2",L13,IF(E13="D2",L13,IF(E13="E",L13,IF(E13="F",L13,IF(E13="G1",L13,IF(E13="G2",L13,IF(E13="H1",L13,IF(E13="R1",L13,0))))))))) -> 0 | V13: =IF(E13="H2",L13,IF(E13="I1",L13,IF(E13="I2",L13,IF(E13="J1",L13,IF(E13="J2",L13,IF(E13="J3",L13,IF(E13="J4",L13,IF(E13="K1",L13,0)))))))) -> 0 | W13: =IF(E13="K2",L13,IF(E13="K3",L13,IF(E13="K4",L13,IF(E13="L2",L13,IF(E13="L3",L13,IF(E13="M2",L13,IF(E13="M3",L13,IF(E13="M7",L13,IF(E13="L5",L13,IF(E13="L6",L13,0)))))))))) -> 0 | X13: =IF(E13="N1",L13,IF(E13="N2",L13,0)) -> 0 | Y13: =R13 -> 1 | Z13: =IF(Y13="","",VLOOKUP(Y13,Nama_Buku,2)) -> BUKU KAS UMUM | AA13: =AVERAGE(U13+V13+W13+X13) -> 0 | AB13: 10 | AC13: =IF(AB13="","",VLOOKUP(AB13,Nama_Buku,2)) -> BUKU PEMBANTU PAJAK UP & LS | AD13: =IF(E13="B",L13,IF(E13="C1",L13,IF(E13="D1",L13,IF(E13="J1",-L13,IF(E13="J2",-L13,IF(E13="L1",L13,IF(E13="M1",L13,IF(E13="M4",L13,IF(E13="M8",L13,IF(E13="R2",L13,0)))))))))) -> 35964000 | AE13: =IF(E13="K1",-L13,IF(E13="K2",-L13,)) -> 0 | AF13: =AVERAGE(AD13+AE13) -> 35964000 | AG13: =IF(E13="C2",L13,IF(E13="D2",L13,IF(E13="H1",L13,IF(E13="H2",L13,IF(E13="I1",L13,IF(E13="I2",L13,IF(E13="J4",-L13,IF(E13="K4",-L13,0)))))))) -> 0 | AH13: =IF(E13="L2",L13,IF(E13="L3",L13,IF(E13="M2",L13,IF(E13="M3",L13,IF(E13="M5",L13,IF(E13="N1",L13,IF(E13="N2",L13,0))))))) -> 0 | AI13: =AB13 -> 10 | AJ13: =IF(AI13="","",VLOOKUP(AI13,Nama_Buku,2)) -> BUKU PEMBANTU PAJAK UP & LS | AK13: =AVERAGE(AG13+AH13) -> 0 | AL13: 2 | AM13: =IF(AL13="","",VLOOKUP(AL13,Nama_Buku,2)) -> BUKU PEMBANTU KAS TUNAI | AN13: =IF(E13="G1",L13,IF(E13="J4",L13,IF(E13="K4",L13,IF(E13="M1",L13,0)))) -> 0 | AO13: =AL13 -> 2 | AP13: =IF(AO13="","",VLOOKUP(AO13,Nama_Buku,2)) -> BUKU PEMBANTU KAS TUNAI | AQ13: =IF(E13="G2",L13,IF(E13="H1",L13,IF(E13="I1",L13,IF(E13="J1",L13,IF(E13="K1",L13,IF(E13="L2",L13,IF(E13="M2",L13,IF(E13="N1",L13,0)))))))) -> 0 | AR13: 3 | AS13: =IF(AR13="","",VLOOKUP(AR13,Nama_Buku,2)) -> BUKU PEMBANTU BANK | AT13: =IF(E13="B",L13,IF(E13="C1",L13,IF(E13="D1",L13,IF(E13="G2",L13,IF(E13="L1",L13,IF(E13="L4",L13,IF(E13="R2",L13,IF(E13="L7",L13,0)))))))) -> 35964000 | AU13: =IF(E13="C2",L13,IF(E13="D2",L13,IF(E13="G1",L13,IF(E13="H2",L13,IF(E13="I2",L13,IF(E13="J2",L13,IF(E13="K2",L13,IF(E13="L3",L13,IF(E13="L5",L13,IF(E13="L6",L13,0)))))))))) -> 0 | AV13: =IF(E13="M3",L13,IF(E13="N2",L13,IF(E13="M9",L13,0))) -> 0 | AW13: =AR13 -> 3 | AX13: =IF(AW13="","",VLOOKUP(AW13,Nama_Buku,2)) -> BUKU PEMBANTU BANK | AY13: =AVERAGE(AU13+AV13) -> 0 | AZ13: 4 | BA13: =IF(AZ13="","",VLOOKUP(AZ13,Nama_Buku,2)) -> BUKU PEMBANTU BPP | BB13: =IF(E13="J1",L13,IF(E13="J2",L13,IF(E13="M4",L13,0))) -> 0 | BC13: =AZ13 -> 4 | BD13: =IF(BC13="","",VLOOKUP(BC13,Nama_Buku,2)) -> BUKU PEMBANTU BPP | BE13: =IF(E13="J3",L13,IF(E13="J4",L13,IF(E13="M5",L13,0))) -> 0 | BF13: 5 | BG13: =IF(BF13="","",VLOOKUP(BF13,Nama_Buku,2)) -> BUKU PEMBANTU UANG PERSEDIAAN | BH13: =IF(E13="B",L13,IF(E13="D1",L13,0)) -> 0 | BI13: =BF13 -> 5 | BJ13: =IF(BI13="","",VLOOKUP(BI13,Nama_Buku,2)) -> BUKU PEMBANTU UANG PERSEDIAAN | BK13: =IF(E13="D2",L13,IF(E13="H1",L13,IF(E13="H2",L13,IF(E13="J3",L13,IF(E13="K3",L13,IF(E13="N1",L13,IF(E13="N2",L13,0))))))) -> 0 | BL13: 6 | BM13: =IF(BL13="","",VLOOKUP(BL13,Nama_Buku,2)) -> BUKU PEMBANTU LS BENDAHARA | BN13: =IF(E13="C1",L13,IF(E13="C1",L13,IF(E13="R2",L13,IF(E13="L7",L13,0)))) -> 35964000 | BO13: =BL13 -> 6 | BP13: =IF(BO13="","",VLOOKUP(BO13,Nama_Buku,2)) -> BUKU PEMBANTU LS BENDAHARA | BQ13: =IF(E13="C2",L13,IF(E13="I1",L13,IF(E13="I2",L13,IF(E13="M9",L13,IF(E13="M3",L13,IF(E13="K3",L13,IF(E13="R1",L13,IF(E13="L6",L13,0)))))))) -> 0 | BR13: 7 | BS13: =IF(BR13="","",VLOOKUP(BR13,Nama_Buku,2)) -> BUKU PEMBANTU UANG MUKA PERJADIN | BT13: =IF(E13="K1",L13,IF(E13="K2",L13,0)) -> 0 | BU13: =BR13 -> 7 | BV13: =IF(BU13="","",VLOOKUP(BU13,Nama_Buku,2)) -> BUKU PEMBANTU UANG MUKA PERJADIN | BW13: =IF(E13="K3",L13,IF(E13="K4",L13,0)) -> 0 | BX13: 8 | BY13: =IF(BX13="","",VLOOKUP(BX13,Nama_Buku,2)) -> BUKU PEMBANTU PAJAK UP | BZ13: =IF(E13="M1",L13,IF(E13="M4",L13,IF(E13="M8",L13,0))) -> 0 | CA13: =BX13 -> 8 | CB13: =IF(CA13="","",VLOOKUP(CA13,Nama_Buku,2)) -> BUKU PEMBANTU PAJAK UP | CC13: =IF(E13="M2",L13,IF(E13="M3",L13,IF(E13="M5",L13,0))) -> 0 | CD13: 9 | CE13: =IF(CD13="","",VLOOKUP(CD13,Nama_Buku,2)) -> BUKU PEMBANTU BUNGA REKENING | CF13: =IF(E13="L1",L13,IF(E13="R1",L13,0)) -> 0 | CG13: =CD13 -> 9 | CH13: =IF(CG13="","",VLOOKUP(CG13,Nama_Buku,2)) -> BUKU PEMBANTU BUNGA REKENING | CI13: =IF(E13="L2",L13,IF(E13="L3",L13,0)) -> 0 | CJ13: 10 | CK13: =IF(CJ13="","",VLOOKUP(CJ13,Nama_Buku,2)) -> BUKU PEMBANTU PAJAK UP & LS | CL13: =IF(E13="M1",L13,IF(E13="M4",L13,IF(E13="M6",L13,IF(E13="M8",L13,0)))) -> 0 | CM13: =CJ13 -> 10 | CN13: =IF(CM13="","",VLOOKUP(CM13,Nama_Buku,2)) -> BUKU PEMBANTU PAJAK UP & LS | CO13: =IF(E13="M2",L13,IF(E13="M3",L13,IF(E13="M5",L13,IF(E13="M7",L13,IF(E13="M9",L13,0))))) -> 0 | CP13: =IF(E13="H1",L13,IF(E13="H2",L13,IF(E13="J3",L13,IF(E13="K3",L13,0)))) -> 0 | CQ13: =IF(E13="H1",M13,IF(E13="H2",M13,IF(E13="J3",M13,0))) -> 0 | CR13: =IF(E13="H1",N13,IF(E13="H2",N13,IF(E13="J3",N13,0))) -> 0 | CS13: 11 | CT13: =IF(CS13="","",VLOOKUP(CS13,Nama_Buku,2)) -> BUKU PENGESAHAN BELANJA | CU13: =IF(E13="C2",L13,IF(E13="I1",L13,IF(E13="I2",L13,IF(E13="K3",L13,IF(E13="M3",L13,IF(E13="M9",L13,0)))))) -> 0 | CV13: =CS13 -> 11 | CW13: =IF(CV13="","",VLOOKUP(CV13,Nama_Buku,2)) -> BUKU PENGESAHAN BELANJA | CX13: =IF(E13="C3",L13,0) -> 0 | CY13: 12 | CZ13: =IF(CY13="","",VLOOKUP(CY13,Nama_Buku,2)) -> BUKU PENGEMBALIAN BELANJA | DA13: =IF(E13="L4",L13,IF(E13="R2",L13,0)) -> 0 | DB13: =CY13 -> 12 | DC13: =IF(DB13="","",VLOOKUP(DB13,Nama_Buku,2)) -> BUKU PENGEMBALIAN BELANJA | DD13: =IF(E13="L5",L13,IF(E13="L5",L13,0)) -> 0
A14: 004 | C14: 46051 | D14: ="2026."&A14 -> 2026.004 | E14: C1 | F14: Menerima transfer dana sesuai Surat Perintah Transfer Dana Tanggal 29 Januari 2026 sebesar Rp. 26.640.000 ke Rekening 2001302885742 RPL 046 BLU APT PRANOTO UTK OPS PENGELUARAN | L14: 26640000 | O14: =IF(E14="A",L14,IF(E14="B",L14,IF(E14="C1",L14,IF(E14="D1",L14,IF(E14="E",L14,IF(E14="F",L14,IF(E14="G1",L14,IF(E14="G2",L14,IF(E14="R1",L14,IF(E14="L4",L14,IF(E14="R2",L14,IF(E14="l7",L14,0)))))))))))) -> 26640000 | P14: =IF(E14="J1",L14,IF(E14="J2",L14,IF(E14="J4",L14,IF(E14="K1",L14,IF(E14="K2",L14,IF(E14="K4",L14,IF(E14="L1",L14,IF(E14="M1",L14,IF(E14="M6",L14,IF(E14="M6",L14,0)))))))))) -> 0 | Q14: =IF(E14="M4",L14,0) -> 0 | R14: 1 | S14: =IF(R14="","",VLOOKUP(R14,Nama_Buku,2)) -> BUKU KAS UMUM | T14: =AVERAGE(O14+P14+Q14) -> 26640000 | U14: =IF(E14="A",L14,IF(E14="C2",L14,IF(E14="D2",L14,IF(E14="E",L14,IF(E14="F",L14,IF(E14="G1",L14,IF(E14="G2",L14,IF(E14="H1",L14,IF(E14="R1",L14,0))))))))) -> 0 | V14: =IF(E14="H2",L14,IF(E14="I1",L14,IF(E14="I2",L14,IF(E14="J1",L14,IF(E14="J2",L14,IF(E14="J3",L14,IF(E14="J4",L14,IF(E14="K1",L14,0)))))))) -> 0 | W14: =IF(E14="K2",L14,IF(E14="K3",L14,IF(E14="K4",L14,IF(E14="L2",L14,IF(E14="L3",L14,IF(E14="M2",L14,IF(E14="M3",L14,IF(E14="M7",L14,IF(E14="L5",L14,IF(E14="L6",L14,0)))))))))) -> 0 | X14: =IF(E14="N1",L14,IF(E14="N2",L14,0)) -> 0 | Y14: =R14 -> 1 | Z14: =IF(Y14="","",VLOOKUP(Y14,Nama_Buku,2)) -> BUKU KAS UMUM | AA14: =AVERAGE(U14+V14+W14+X14) -> 0 | AB14: 10 | AC14: =IF(AB14="","",VLOOKUP(AB14,Nama_Buku,2)) -> BUKU PEMBANTU PAJAK UP & LS | AD14: =IF(E14="B",L14,IF(E14="C1",L14,IF(E14="D1",L14,IF(E14="J1",-L14,IF(E14="J2",-L14,IF(E14="L1",L14,IF(E14="M1",L14,IF(E14="M4",L14,IF(E14="M8",L14,IF(E14="R2",L14,0)))))))))) -> 26640000 | AE14: =IF(E14="K1",-L14,IF(E14="K2",-L14,)) -> 0 | AF14: =AVERAGE(AD14+AE14) -> 26640000 | AG14: =IF(E14="C2",L14,IF(E14="D2",L14,IF(E14="H1",L14,IF(E14="H2",L14,IF(E14="I1",L14,IF(E14="I2",L14,IF(E14="J4",-L14,IF(E14="K4",-L14,0)))))))) -> 0 | AH14: =IF(E14="L2",L14,IF(E14="L3",L14,IF(E14="M2",L14,IF(E14="M3",L14,IF(E14="M5",L14,IF(E14="N1",L14,IF(E14="N2",L14,0))))))) -> 0 | AI14: =AB14 -> 10 | AJ14: =IF(AI14="","",VLOOKUP(AI14,Nama_Buku,2)) -> BUKU PEMBANTU PAJAK UP & LS | AK14: =AVERAGE(AG14+AH14) -> 0 | AL14: 2 | AM14: =IF(AL14="","",VLOOKUP(AL14,Nama_Buku,2)) -> BUKU PEMBANTU KAS TUNAI | AN14: =IF(E14="G1",L14,IF(E14="J4",L14,IF(E14="K4",L14,IF(E14="M1",L14,0)))) -> 0 | AO14: =AL14 -> 2 | AP14: =IF(AO14="","",VLOOKUP(AO14,Nama_Buku,2)) -> BUKU PEMBANTU KAS TUNAI | AQ14: =IF(E14="G2",L14,IF(E14="H1",L14,IF(E14="I1",L14,IF(E14="J1",L14,IF(E14="K1",L14,IF(E14="L2",L14,IF(E14="M2",L14,IF(E14="N1",L14,0)))))))) -> 0 | AR14: 3 | AS14: =IF(AR14="","",VLOOKUP(AR14,Nama_Buku,2)) -> BUKU PEMBANTU BANK | AT14: =IF(E14="B",L14,IF(E14="C1",L14,IF(E14="D1",L14,IF(E14="G2",L14,IF(E14="L1",L14,IF(E14="L4",L14,IF(E14="R2",L14,IF(E14="L7",L14,0)))))))) -> 26640000 | AU14: =IF(E14="C2",L14,IF(E14="D2",L14,IF(E14="G1",L14,IF(E14="H2",L14,IF(E14="I2",L14,IF(E14="J2",L14,IF(E14="K2",L14,IF(E14="L3",L14,IF(E14="L5",L14,IF(E14="L6",L14,0)))))))))) -> 0 | AV14: =IF(E14="M3",L14,IF(E14="N2",L14,IF(E14="M9",L14,0))) -> 0 | AW14: =AR14 -> 3 | AX14: =IF(AW14="","",VLOOKUP(AW14,Nama_Buku,2)) -> BUKU PEMBANTU BANK | AY14: =AVERAGE(AU14+AV14) -> 0 | AZ14: 4 | BA14: =IF(AZ14="","",VLOOKUP(AZ14,Nama_Buku,2)) -> BUKU PEMBANTU BPP | BB14: =IF(E14="J1",L14,IF(E14="J2",L14,IF(E14="M4",L14,0))) -> 0 | BC14: =AZ14 -> 4 | BD14: =IF(BC14="","",VLOOKUP(BC14,Nama_Buku,2)) -> BUKU PEMBANTU BPP | BE14: =IF(E14="J3",L14,IF(E14="J4",L14,IF(E14="M5",L14,0))) -> 0 | BF14: 5 | BG14: =IF(BF14="","",VLOOKUP(BF14,Nama_Buku,2)) -> BUKU PEMBANTU UANG PERSEDIAAN | BH14: =IF(E14="B",L14,IF(E14="D1",L14,0)) -> 0 | BI14: =BF14 -> 5 | BJ14: =IF(BI14="","",VLOOKUP(BI14,Nama_Buku,2)) -> BUKU PEMBANTU UANG PERSEDIAAN | BK14: =IF(E14="D2",L14,IF(E14="H1",L14,IF(E14="H2",L14,IF(E14="J3",L14,IF(E14="K3",L14,IF(E14="N1",L14,IF(E14="N2",L14,0))))))) -> 0 | BL14: 6 | BM14: =IF(BL14="","",VLOOKUP(BL14,Nama_Buku,2)) -> BUKU PEMBANTU LS BENDAHARA | BN14: =IF(E14="C1",L14,IF(E14="C1",L14,IF(E14="R2",L14,IF(E14="L7",L14,0)))) -> 26640000 | BO14: =BL14 -> 6 | BP14: =IF(BO14="","",VLOOKUP(BO14,Nama_Buku,2)) -> BUKU PEMBANTU LS BENDAHARA | BQ14: =IF(E14="C2",L14,IF(E14="I1",L14,IF(E14="I2",L14,IF(E14="M9",L14,IF(E14="M3",L14,IF(E14="K3",L14,IF(E14="R1",L14,IF(E14="L6",L14,0)))))))) -> 0 | BR14: 7 | BS14: =IF(BR14="","",VLOOKUP(BR14,Nama_Buku,2)) -> BUKU PEMBANTU UANG MUKA PERJADIN | BT14: =IF(E14="K1",L14,IF(E14="K2",L14,0)) -> 0 | BU14: =BR14 -> 7 | BV14: =IF(BU14="","",VLOOKUP(BU14,Nama_Buku,2)) -> BUKU PEMBANTU UANG MUKA PERJADIN | BW14: =IF(E14="K3",L14,IF(E14="K4",L14,0)) -> 0 | BX14: 8 | BY14: =IF(BX14="","",VLOOKUP(BX14,Nama_Buku,2)) -> BUKU PEMBANTU PAJAK UP | BZ14: =IF(E14="M1",L14,IF(E14="M4",L14,IF(E14="M8",L14,0))) -> 0 | CA14: =BX14 -> 8 | CB14: =IF(CA14="","",VLOOKUP(CA14,Nama_Buku,2)) -> BUKU PEMBANTU PAJAK UP | CC14: =IF(E14="M2",L14,IF(E14="M3",L14,IF(E14="M5",L14,0))) -> 0 | CD14: 9 | CE14: =IF(CD14="","",VLOOKUP(CD14,Nama_Buku,2)) -> BUKU PEMBANTU BUNGA REKENING | CF14: =IF(E14="L1",L14,IF(E14="R1",L14,0)) -> 0 | CG14: =CD14 -> 9 | CH14: =IF(CG14="","",VLOOKUP(CG14,Nama_Buku,2)) -> BUKU PEMBANTU BUNGA REKENING | CI14: =IF(E14="L2",L14,IF(E14="L3",L14,0)) -> 0 | CJ14: 10 | CK14: =IF(CJ14="","",VLOOKUP(CJ14,Nama_Buku,2)) -> BUKU PEMBANTU PAJAK UP & LS | CL14: =IF(E14="M1",L14,IF(E14="M4",L14,IF(E14="M6",L14,IF(E14="M8",L14,0)))) -> 0 | CM14: =CJ14 -> 10 | CN14: =IF(CM14="","",VLOOKUP(CM14,Nama_Buku,2)) -> BUKU PEMBANTU PAJAK UP & LS | CO14: =IF(E14="M2",L14,IF(E14="M3",L14,IF(E14="M5",L14,IF(E14="M7",L14,IF(E14="M9",L14,0))))) -> 0 | CP14: =IF(E14="H1",L14,IF(E14="H2",L14,IF(E14="J3",L14,IF(E14="K3",L14,0)))) -> 0 | CQ14: =IF(E14="H1",M14,IF(E14="H2",M14,IF(E14="J3",M14,0))) -> 0 | CR14: =IF(E14="H1",N14,IF(E14="H2",N14,IF(E14="J3",N14,0))) -> 0 | CS14: 11 | CT14: =IF(CS14="","",VLOOKUP(CS14,Nama_Buku,2)) -> BUKU PENGESAHAN BELANJA | CU14: =IF(E14="C2",L14,IF(E14="I1",L14,IF(E14="I2",L14,IF(E14="K3",L14,IF(E14="M3",L14,IF(E14="M9",L14,0)))))) -> 0 | CV14: =CS14 -> 11 | CW14: =IF(CV14="","",VLOOKUP(CV14,Nama_Buku,2)) -> BUKU PENGESAHAN BELANJA | CX14: =IF(E14="C3",L14,0) -> 0 | CY14: 12 | CZ14: =IF(CY14="","",VLOOKUP(CY14,Nama_Buku,2)) -> BUKU PENGEMBALIAN BELANJA | DA14: =IF(E14="L4",L14,IF(E14="R2",L14,0)) -> 0 | DB14: =CY14 -> 12 | DC14: =IF(DB14="","",VLOOKUP(DB14,Nama_Buku,2)) -> BUKU PENGEMBALIAN BELANJA | DD14: =IF(E14="L5",L14,IF(E14="L5",L14,0)) -> 0
A15: 005 | C15: 46051 | D15: ="2026."&A15 -> 2026.005 | E15: C1 | F15: Menerima transfer dana sesuai Surat Perintah Transfer Dana Tanggal 29 Januari 2026 sebesar Rp. 10.989.000 ke Rekening 2001302885742 RPL 046 BLU APT PRANOTO UTK OPS PENGELUARAN | L15: 10989000 | O15: =IF(E15="A",L15,IF(E15="B",L15,IF(E15="C1",L15,IF(E15="D1",L15,IF(E15="E",L15,IF(E15="F",L15,IF(E15="G1",L15,IF(E15="G2",L15,IF(E15="R1",L15,IF(E15="L4",L15,IF(E15="R2",L15,IF(E15="l7",L15,0)))))))))))) -> 10989000 | P15: =IF(E15="J1",L15,IF(E15="J2",L15,IF(E15="J4",L15,IF(E15="K1",L15,IF(E15="K2",L15,IF(E15="K4",L15,IF(E15="L1",L15,IF(E15="M1",L15,IF(E15="M6",L15,IF(E15="M6",L15,0)))))))))) -> 0 | Q15: =IF(E15="M4",L15,0) -> 0 | R15: 1 | S15: =IF(R15="","",VLOOKUP(R15,Nama_Buku,2)) -> BUKU KAS UMUM | T15: =AVERAGE(O15+P15+Q15) -> 10989000 | U15: =IF(E15="A",L15,IF(E15="C2",L15,IF(E15="D2",L15,IF(E15="E",L15,IF(E15="F",L15,IF(E15="G1",L15,IF(E15="G2",L15,IF(E15="H1",L15,IF(E15="R1",L15,0))))))))) -> 0 | V15: =IF(E15="H2",L15,IF(E15="I1",L15,IF(E15="I2",L15,IF(E15="J1",L15,IF(E15="J2",L15,IF(E15="J3",L15,IF(E15="J4",L15,IF(E15="K1",L15,0)))))))) -> 0 | W15: =IF(E15="K2",L15,IF(E15="K3",L15,IF(E15="K4",L15,IF(E15="L2",L15,IF(E15="L3",L15,IF(E15="M2",L15,IF(E15="M3",L15,IF(E15="M7",L15,IF(E15="L5",L15,IF(E15="L6",L15,0)))))))))) -> 0 | X15: =IF(E15="N1",L15,IF(E15="N2",L15,0)) -> 0 | Y15: =R15 -> 1 | Z15: =IF(Y15="","",VLOOKUP(Y15,Nama_Buku,2)) -> BUKU KAS UMUM | AA15: =AVERAGE(U15+V15+W15+X15) -> 0 | AB15: 10 | AC15: =IF(AB15="","",VLOOKUP(AB15,Nama_Buku,2)) -> BUKU PEMBANTU PAJAK UP & LS | AD15: =IF(E15="B",L15,IF(E15="C1",L15,IF(E15="D1",L15,IF(E15="J1",-L15,IF(E15="J2",-L15,IF(E15="L1",L15,IF(E15="M1",L15,IF(E15="M4",L15,IF(E15="M8",L15,IF(E15="R2",L15,0)))))))))) -> 10989000 | AE15: =IF(E15="K1",-L15,IF(E15="K2",-L15,)) -> 0 | AF15: =AVERAGE(AD15+AE15) -> 10989000 | AG15: =IF(E15="C2",L15,IF(E15="D2",L15,IF(E15="H1",L15,IF(E15="H2",L15,IF(E15="I1",L15,IF(E15="I2",L15,IF(E15="J4",-L15,IF(E15="K4",-L15,0)))))))) -> 0 | AH15: =IF(E15="L2",L15,IF(E15="L3",L15,IF(E15="M2",L15,IF(E15="M3",L15,IF(E15="M5",L15,IF(E15="N1",L15,IF(E15="N2",L15,0))))))) -> 0 | AI15: =AB15 -> 10 | AJ15: =IF(AI15="","",VLOOKUP(AI15,Nama_Buku,2)) -> BUKU PEMBANTU PAJAK UP & LS | AK15: =AVERAGE(AG15+AH15) -> 0 | AL15: 2 | AM15: =IF(AL15="","",VLOOKUP(AL15,Nama_Buku,2)) -> BUKU PEMBANTU KAS TUNAI | AN15: =IF(E15="G1",L15,IF(E15="J4",L15,IF(E15="K4",L15,IF(E15="M1",L15,0)))) -> 0 | AO15: =AL15 -> 2 | AP15: =IF(AO15="","",VLOOKUP(AO15,Nama_Buku,2)) -> BUKU PEMBANTU KAS TUNAI | AQ15: =IF(E15="G2",L15,IF(E15="H1",L15,IF(E15="I1",L15,IF(E15="J1",L15,IF(E15="K1",L15,IF(E15="L2",L15,IF(E15="M2",L15,IF(E15="N1",L15,0)))))))) -> 0 | AR15: 3 | AS15: =IF(AR15="","",VLOOKUP(AR15,Nama_Buku,2)) -> BUKU PEMBANTU BANK | AT15: =IF(E15="B",L15,IF(E15="C1",L15,IF(E15="D1",L15,IF(E15="G2",L15,IF(E15="L1",L15,IF(E15="L4",L15,IF(E15="R2",L15,IF(E15="L7",L15,0)))))))) -> 10989000 | AU15: =IF(E15="C2",L15,IF(E15="D2",L15,IF(E15="G1",L15,IF(E15="H2",L15,IF(E15="I2",L15,IF(E15="J2",L15,IF(E15="K2",L15,IF(E15="L3",L15,IF(E15="L5",L15,IF(E15="L6",L15,0)))))))))) -> 0 | AV15: =IF(E15="M3",L15,IF(E15="N2",L15,IF(E15="M9",L15,0))) -> 0 | AW15: =AR15 -> 3 | AX15: =IF(AW15="","",VLOOKUP(AW15,Nama_Buku,2)) -> BUKU PEMBANTU BANK | AY15: =AVERAGE(AU15+AV15) -> 0 | AZ15: 4 | BA15: =IF(AZ15="","",VLOOKUP(AZ15,Nama_Buku,2)) -> BUKU PEMBANTU BPP | BB15: =IF(E15="J1",L15,IF(E15="J2",L15,IF(E15="M4",L15,0))) -> 0 | BC15: =AZ15 -> 4 | BD15: =IF(BC15="","",VLOOKUP(BC15,Nama_Buku,2)) -> BUKU PEMBANTU BPP | BE15: =IF(E15="J3",L15,IF(E15="J4",L15,IF(E15="M5",L15,0))) -> 0 | BF15: 5 | BG15: =IF(BF15="","",VLOOKUP(BF15,Nama_Buku,2)) -> BUKU PEMBANTU UANG PERSEDIAAN | BH15: =IF(E15="B",L15,IF(E15="D1",L15,0)) -> 0 | BI15: =BF15 -> 5 | BJ15: =IF(BI15="","",VLOOKUP(BI15,Nama_Buku,2)) -> BUKU PEMBANTU UANG PERSEDIAAN | BK15: =IF(E15="D2",L15,IF(E15="H1",L15,IF(E15="H2",L15,IF(E15="J3",L15,IF(E15="K3",L15,IF(E15="N1",L15,IF(E15="N2",L15,0))))))) -> 0 | BL15: 6 | BM15: =IF(BL15="","",VLOOKUP(BL15,Nama_Buku,2)) -> BUKU PEMBANTU LS BENDAHARA | BN15: =IF(E15="C1",L15,IF(E15="C1",L15,IF(E15="R2",L15,IF(E15="L7",L15,0)))) -> 10989000 | BO15: =BL15 -> 6 | BP15: =IF(BO15="","",VLOOKUP(BO15,Nama_Buku,2)) -> BUKU PEMBANTU LS BENDAHARA | BQ15: =IF(E15="C2",L15,IF(E15="I1",L15,IF(E15="I2",L15,IF(E15="M9",L15,IF(E15="M3",L15,IF(E15="K3",L15,IF(E15="R1",L15,IF(E15="L6",L15,0)))))))) -> 0 | BR15: 7 | BS15: =IF(BR15="","",VLOOKUP(BR15,Nama_Buku,2)) -> BUKU PEMBANTU UANG MUKA PERJADIN | BT15: =IF(E15="K1",L15,IF(E15="K2",L15,0)) -> 0 | BU15: =BR15 -> 7 | BV15: =IF(BU15="","",VLOOKUP(BU15,Nama_Buku,2)) -> BUKU PEMBANTU UANG MUKA PERJADIN | BW15: =IF(E15="K3",L15,IF(E15="K4",L15,0)) -> 0 | BX15: 8 | BY15: =IF(BX15="","",VLOOKUP(BX15,Nama_Buku,2)) -> BUKU PEMBANTU PAJAK UP | BZ15: =IF(E15="M1",L15,IF(E15="M4",L15,IF(E15="M8",L15,0))) -> 0 | CA15: =BX15 -> 8 | CB15: =IF(CA15="","",VLOOKUP(CA15,Nama_Buku,2)) -> BUKU PEMBANTU PAJAK UP | CC15: =IF(E15="M2",L15,IF(E15="M3",L15,IF(E15="M5",L15,0))) -> 0 | CD15: 9 | CE15: =IF(CD15="","",VLOOKUP(CD15,Nama_Buku,2)) -> BUKU PEMBANTU BUNGA REKENING | CF15: =IF(E15="L1",L15,IF(E15="R1",L15,0)) -> 0 | CG15: =CD15 -> 9 | CH15: =IF(CG15="","",VLOOKUP(CG15,Nama_Buku,2)) -> BUKU PEMBANTU BUNGA REKENING | CI15: =IF(E15="L2",L15,IF(E15="L3",L15,0)) -> 0 | CJ15: 10 | CK15: =IF(CJ15="","",VLOOKUP(CJ15,Nama_Buku,2)) -> BUKU PEMBANTU PAJAK UP & LS | CL15: =IF(E15="M1",L15,IF(E15="M4",L15,IF(E15="M6",L15,IF(E15="M8",L15,0)))) -> 0 | CM15: =CJ15 -> 10 | CN15: =IF(CM15="","",VLOOKUP(CM15,Nama_Buku,2)) -> BUKU PEMBANTU PAJAK UP & LS | CO15: =IF(E15="M2",L15,IF(E15="M3",L15,IF(E15="M5",L15,IF(E15="M7",L15,IF(E15="M9",L15,0))))) -> 0 | CP15: =IF(E15="H1",L15,IF(E15="H2",L15,IF(E15="J3",L15,IF(E15="K3",L15,0)))) -> 0 | CQ15: =IF(E15="H1",M15,IF(E15="H2",M15,IF(E15="J3",M15,0))) -> 0 | CR15: =IF(E15="H1",N15,IF(E15="H2",N15,IF(E15="J3",N15,0))) -> 0 | CS15: 11 | CT15: =IF(CS15="","",VLOOKUP(CS15,Nama_Buku,2)) -> BUKU PENGESAHAN BELANJA | CU15: =IF(E15="C2",L15,IF(E15="I1",L15,IF(E15="I2",L15,IF(E15="K3",L15,IF(E15="M3",L15,IF(E15="M9",L15,0)))))) -> 0 | CV15: =CS15 -> 11 | CW15: =IF(CV15="","",VLOOKUP(CV15,Nama_Buku,2)) -> BUKU PENGESAHAN BELANJA | CX15: =IF(E15="C3",L15,0) -> 0 | CY15: 12 | CZ15: =IF(CY15="","",VLOOKUP(CY15,Nama_Buku,2)) -> BUKU PENGEMBALIAN BELANJA | DA15: =IF(E15="L4",L15,IF(E15="R2",L15,0)) -> 0 | DB15: =CY15 -> 12 | DC15: =IF(DB15="","",VLOOKUP(DB15,Nama_Buku,2)) -> BUKU PENGEMBALIAN BELANJA | DD15: =IF(E15="L5",L15,IF(E15="L5",L15,0)) -> 0
A16: 006 | C16: 46051 | D16: ="2026."&A16 -> 2026.006 | E16: C1 | F16: Menerima transfer dana sesuai Surat Perintah Transfer Dana Tanggal 29 Januari 2026 sebesar Rp. 35.520.000 ke Rekening 2001302885742 RPL 046 BLU APT PRANOTO UTK OPS PENGELUARAN | L16: 35520000 | O16: =IF(E16="A",L16,IF(E16="B",L16,IF(E16="C1",L16,IF(E16="D1",L16,IF(E16="E",L16,IF(E16="F",L16,IF(E16="G1",L16,IF(E16="G2",L16,IF(E16="R1",L16,IF(E16="L4",L16,IF(E16="R2",L16,IF(E16="l7",L16,0)))))))))))) -> 35520000 | P16: =IF(E16="J1",L16,IF(E16="J2",L16,IF(E16="J4",L16,IF(E16="K1",L16,IF(E16="K2",L16,IF(E16="K4",L16,IF(E16="L1",L16,IF(E16="M1",L16,IF(E16="M6",L16,IF(E16="M6",L16,0)))))))))) -> 0 | Q16: =IF(E16="M4",L16,0) -> 0 | R16: 1 | S16: =IF(R16="","",VLOOKUP(R16,Nama_Buku,2)) -> BUKU KAS UMUM | T16: =AVERAGE(O16+P16+Q16) -> 35520000 | U16: =IF(E16="A",L16,IF(E16="C2",L16,IF(E16="D2",L16,IF(E16="E",L16,IF(E16="F",L16,IF(E16="G1",L16,IF(E16="G2",L16,IF(E16="H1",L16,IF(E16="R1",L16,0))))))))) -> 0 | V16: =IF(E16="H2",L16,IF(E16="I1",L16,IF(E16="I2",L16,IF(E16="J1",L16,IF(E16="J2",L16,IF(E16="J3",L16,IF(E16="J4",L16,IF(E16="K1",L16,0)))))))) -> 0 | W16: =IF(E16="K2",L16,IF(E16="K3",L16,IF(E16="K4",L16,IF(E16="L2",L16,IF(E16="L3",L16,IF(E16="M2",L16,IF(E16="M3",L16,IF(E16="M7",L16,IF(E16="L5",L16,IF(E16="L6",L16,0)))))))))) -> 0 | X16: =IF(E16="N1",L16,IF(E16="N2",L16,0)) -> 0 | Y16: =R16 -> 1 | Z16: =IF(Y16="","",VLOOKUP(Y16,Nama_Buku,2)) -> BUKU KAS UMUM | AA16: =AVERAGE(U16+V16+W16+X16) -> 0 | AB16: 10 | AC16: =IF(AB16="","",VLOOKUP(AB16,Nama_Buku,2)) -> BUKU PEMBANTU PAJAK UP & LS | AD16: =IF(E16="B",L16,IF(E16="C1",L16,IF(E16="D1",L16,IF(E16="J1",-L16,IF(E16="J2",-L16,IF(E16="L1",L16,IF(E16="M1",L16,IF(E16="M4",L16,IF(E16="M8",L16,IF(E16="R2",L16,0)))))))))) -> 35520000 | AE16: =IF(E16="K1",-L16,IF(E16="K2",-L16,)) -> 0 | AF16: =AVERAGE(AD16+AE16) -> 35520000 | AG16: =IF(E16="C2",L16,IF(E16="D2",L16,IF(E16="H1",L16,IF(E16="H2",L16,IF(E16="I1",L16,IF(E16="I2",L16,IF(E16="J4",-L16,IF(E16="K4",-L16,0)))))))) -> 0 | AH16: =IF(E16="L2",L16,IF(E16="L3",L16,IF(E16="M2",L16,IF(E16="M3",L16,IF(E16="M5",L16,IF(E16="N1",L16,IF(E16="N2",L16,0))))))) -> 0 | AI16: =AB16 -> 10 | AJ16: =IF(AI16="","",VLOOKUP(AI16,Nama_Buku,2)) -> BUKU PEMBANTU PAJAK UP & LS | AK16: =AVERAGE(AG16+AH16) -> 0 | AL16: 2 | AM16: =IF(AL16="","",VLOOKUP(AL16,Nama_Buku,2)) -> BUKU PEMBANTU KAS TUNAI | AN16: =IF(E16="G1",L16,IF(E16="J4",L16,IF(E16="K4",L16,IF(E16="M1",L16,0)))) -> 0 | AO16: =AL16 -> 2 | AP16: =IF(AO16="","",VLOOKUP(AO16,Nama_Buku,2)) -> BUKU PEMBANTU KAS TUNAI | AQ16: =IF(E16="G2",L16,IF(E16="H1",L16,IF(E16="I1",L16,IF(E16="J1",L16,IF(E16="K1",L16,IF(E16="L2",L16,IF(E16="M2",L16,IF(E16="N1",L16,0)))))))) -> 0 | AR16: 3 | AS16: =IF(AR16="","",VLOOKUP(AR16,Nama_Buku,2)) -> BUKU PEMBANTU BANK | AT16: =IF(E16="B",L16,IF(E16="C1",L16,IF(E16="D1",L16,IF(E16="G2",L16,IF(E16="L1",L16,IF(E16="L4",L16,IF(E16="R2",L16,IF(E16="L7",L16,0)))))))) -> 35520000 | AU16: =IF(E16="C2",L16,IF(E16="D2",L16,IF(E16="G1",L16,IF(E16="H2",L16,IF(E16="I2",L16,IF(E16="J2",L16,IF(E16="K2",L16,IF(E16="L3",L16,IF(E16="L5",L16,IF(E16="L6",L16,0)))))))))) -> 0 | AV16: =IF(E16="M3",L16,IF(E16="N2",L16,IF(E16="M9",L16,0))) -> 0 | AW16: =AR16 -> 3 | AX16: =IF(AW16="","",VLOOKUP(AW16,Nama_Buku,2)) -> BUKU PEMBANTU BANK | AY16: =AVERAGE(AU16+AV16) -> 0 | AZ16: 4 | BA16: =IF(AZ16="","",VLOOKUP(AZ16,Nama_Buku,2)) -> BUKU PEMBANTU BPP | BB16: =IF(E16="J1",L16,IF(E16="J2",L16,IF(E16="M4",L16,0))) -> 0 | BC16: =AZ16 -> 4 | BD16: =IF(BC16="","",VLOOKUP(BC16,Nama_Buku,2)) -> BUKU PEMBANTU BPP | BE16: =IF(E16="J3",L16,IF(E16="J4",L16,IF(E16="M5",L16,0))) -> 0 | BF16: 5 | BG16: =IF(BF16="","",VLOOKUP(BF16,Nama_Buku,2)) -> BUKU PEMBANTU UANG PERSEDIAAN | BH16: =IF(E16="B",L16,IF(E16="D1",L16,0)) -> 0 | BI16: =BF16 -> 5 | BJ16: =IF(BI16="","",VLOOKUP(BI16,Nama_Buku,2)) -> BUKU PEMBANTU UANG PERSEDIAAN | BK16: =IF(E16="D2",L16,IF(E16="H1",L16,IF(E16="H2",L16,IF(E16="J3",L16,IF(E16="K3",L16,IF(E16="N1",L16,IF(E16="N2",L16,0))))))) -> 0 | BL16: 6 | BM16: =IF(BL16="","",VLOOKUP(BL16,Nama_Buku,2)) -> BUKU PEMBANTU LS BENDAHARA | BN16: =IF(E16="C1",L16,IF(E16="C1",L16,IF(E16="R2",L16,IF(E16="L7",L16,0)))) -> 35520000 | BO16: =BL16 -> 6 | BP16: =IF(BO16="","",VLOOKUP(BO16,Nama_Buku,2)) -> BUKU PEMBANTU LS BENDAHARA | BQ16: =IF(E16="C2",L16,IF(E16="I1",L16,IF(E16="I2",L16,IF(E16="M9",L16,IF(E16="M3",L16,IF(E16="K3",L16,IF(E16="R1",L16,IF(E16="L6",L16,0)))))))) -> 0 | BR16: 7 | BS16: =IF(BR16="","",VLOOKUP(BR16,Nama_Buku,2)) -> BUKU PEMBANTU UANG MUKA PERJADIN | BT16: =IF(E16="K1",L16,IF(E16="K2",L16,0)) -> 0 | BU16: =BR16 -> 7 | BV16: =IF(BU16="","",VLOOKUP(BU16,Nama_Buku,2)) -> BUKU PEMBANTU UANG MUKA PERJADIN | BW16: =IF(E16="K3",L16,IF(E16="K4",L16,0)) -> 0 | BX16: 8 | BY16: =IF(BX16="","",VLOOKUP(BX16,Nama_Buku,2)) -> BUKU PEMBANTU PAJAK UP | BZ16: =IF(E16="M1",L16,IF(E16="M4",L16,IF(E16="M8",L16,0))) -> 0 | CA16: =BX16 -> 8 | CB16: =IF(CA16="","",VLOOKUP(CA16,Nama_Buku,2)) -> BUKU PEMBANTU PAJAK UP | CC16: =IF(E16="M2",L16,IF(E16="M3",L16,IF(E16="M5",L16,0))) -> 0 | CD16: 9 | CE16: =IF(CD16="","",VLOOKUP(CD16,Nama_Buku,2)) -> BUKU PEMBANTU BUNGA REKENING | CF16: =IF(E16="L1",L16,IF(E16="R1",L16,0)) -> 0 | CG16: =CD16 -> 9 | CH16: =IF(CG16="","",VLOOKUP(CG16,Nama_Buku,2)) -> BUKU PEMBANTU BUNGA REKENING | CI16: =IF(E16="L2",L16,IF(E16="L3",L16,0)) -> 0 | CJ16: 10 | CK16: =IF(CJ16="","",VLOOKUP(CJ16,Nama_Buku,2)) -> BUKU PEMBANTU PAJAK UP & LS | CL16: =IF(E16="M1",L16,IF(E16="M4",L16,IF(E16="M6",L16,IF(E16="M8",L16,0)))) -> 0 | CM16: =CJ16 -> 10 | CN16: =IF(CM16="","",VLOOKUP(CM16,Nama_Buku,2)) -> BUKU PEMBANTU PAJAK UP & LS | CO16: =IF(E16="M2",L16,IF(E16="M3",L16,IF(E16="M5",L16,IF(E16="M7",L16,IF(E16="M9",L16,0))))) -> 0 | CP16: =IF(E16="H1",L16,IF(E16="H2",L16,IF(E16="J3",L16,IF(E16="K3",L16,0)))) -> 0 | CQ16: =IF(E16="H1",M16,IF(E16="H2",M16,IF(E16="J3",M16,0))) -> 0 | CR16: =IF(E16="H1",N16,IF(E16="H2",N16,IF(E16="J3",N16,0))) -> 0 | CS16: 11 | CT16: =IF(CS16="","",VLOOKUP(CS16,Nama_Buku,2)) -> BUKU PENGESAHAN BELANJA | CU16: =IF(E16="C2",L16,IF(E16="I1",L16,IF(E16="I2",L16,IF(E16="K3",L16,IF(E16="M3",L16,IF(E16="M9",L16,0)))))) -> 0 | CV16: =CS16 -> 11 | CW16: =IF(CV16="","",VLOOKUP(CV16,Nama_Buku,2)) -> BUKU PENGESAHAN BELANJA | CX16: =IF(E16="C3",L16,0) -> 0 | CY16: 12 | CZ16: =IF(CY16="","",VLOOKUP(CY16,Nama_Buku,2)) -> BUKU PENGEMBALIAN BELANJA | DA16: =IF(E16="L4",L16,IF(E16="R2",L16,0)) -> 0 | DB16: =CY16 -> 12 | DC16: =IF(DB16="","",VLOOKUP(DB16,Nama_Buku,2)) -> BUKU PENGEMBALIAN BELANJA | DD16: =IF(E16="L5",L16,IF(E16="L5",L16,0)) -> 0
A17: 007 | C17: 46051 | D17: ="2026."&A17 -> 2026.007 | E17: C1 | F17: Menerima transfer dana sesuai Surat Perintah Transfer Dana Tanggal 29 Januari 2026 sebesar Rp. 194.986.485 ke Rekening 2001302885742 RPL 046 BLU APT PRANOTO UTK OPS PENGELUARAN | L17: 194986485 | O17: =IF(E17="A",L17,IF(E17="B",L17,IF(E17="C1",L17,IF(E17="D1",L17,IF(E17="E",L17,IF(E17="F",L17,IF(E17="G1",L17,IF(E17="G2",L17,IF(E17="R1",L17,IF(E17="L4",L17,IF(E17="R2",L17,IF(E17="l7",L17,0)))))))))))) -> 194986485 | P17: =IF(E17="J1",L17,IF(E17="J2",L17,IF(E17="J4",L17,IF(E17="K1",L17,IF(E17="K2",L17,IF(E17="K4",L17,IF(E17="L1",L17,IF(E17="M1",L17,IF(E17="M6",L17,IF(E17="M6",L17,0)))))))))) -> 0 | Q17: =IF(E17="M4",L17,0) -> 0 | R17: 1 | S17: =IF(R17="","",VLOOKUP(R17,Nama_Buku,2)) -> BUKU KAS UMUM | T17: =AVERAGE(O17+P17+Q17) -> 194986485 | U17: =IF(E17="A",L17,IF(E17="C2",L17,IF(E17="D2",L17,IF(E17="E",L17,IF(E17="F",L17,IF(E17="G1",L17,IF(E17="G2",L17,IF(E17="H1",L17,IF(E17="R1",L17,0))))))))) -> 0 | V17: =IF(E17="H2",L17,IF(E17="I1",L17,IF(E17="I2",L17,IF(E17="J1",L17,IF(E17="J2",L17,IF(E17="J3",L17,IF(E17="J4",L17,IF(E17="K1",L17,0)))))))) -> 0 | W17: =IF(E17="K2",L17,IF(E17="K3",L17,IF(E17="K4",L17,IF(E17="L2",L17,IF(E17="L3",L17,IF(E17="M2",L17,IF(E17="M3",L17,IF(E17="M7",L17,IF(E17="L5",L17,IF(E17="L6",L17,0)))))))))) -> 0 | X17: =IF(E17="N1",L17,IF(E17="N2",L17,0)) -> 0 | Y17: =R17 -> 1 | Z17: =IF(Y17="","",VLOOKUP(Y17,Nama_Buku,2)) -> BUKU KAS UMUM | AA17: =AVERAGE(U17+V17+W17+X17) -> 0 | AB17: 10 | AC17: =IF(AB17="","",VLOOKUP(AB17,Nama_Buku,2)) -> BUKU PEMBANTU PAJAK UP & LS | AD17: =IF(E17="B",L17,IF(E17="C1",L17,IF(E17="D1",L17,IF(E17="J1",-L17,IF(E17="J2",-L17,IF(E17="L1",L17,IF(E17="M1",L17,IF(E17="M4",L17,IF(E17="M8",L17,IF(E17="R2",L17,0)))))))))) -> 194986485 | AE17: =IF(E17="K1",-L17,IF(E17="K2",-L17,)) -> 0 | AF17: =AVERAGE(AD17+AE17) -> 194986485 | AG17: =IF(E17="C2",L17,IF(E17="D2",L17,IF(E17="H1",L17,IF(E17="H2",L17,IF(E17="I1",L17,IF(E17="I2",L17,IF(E17="J4",-L17,IF(E17="K4",-L17,0)))))))) -> 0 | AH17: =IF(E17="L2",L17,IF(E17="L3",L17,IF(E17="M2",L17,IF(E17="M3",L17,IF(E17="M5",L17,IF(E17="N1",L17,IF(E17="N2",L17,0))))))) -> 0 | AI17: =AB17 -> 10 | AJ17: =IF(AI17="","",VLOOKUP(AI17,Nama_Buku,2)) -> BUKU PEMBANTU PAJAK UP & LS | AK17: =AVERAGE(AG17+AH17) -> 0 | AL17: 2 | AM17: =IF(AL17="","",VLOOKUP(AL17,Nama_Buku,2)) -> BUKU PEMBANTU KAS TUNAI | AN17: =IF(E17="G1",L17,IF(E17="J4",L17,IF(E17="K4",L17,IF(E17="M1",L17,0)))) -> 0 | AO17: =AL17 -> 2 | AP17: =IF(AO17="","",VLOOKUP(AO17,Nama_Buku,2)) -> BUKU PEMBANTU KAS TUNAI | AQ17: =IF(E17="G2",L17,IF(E17="H1",L17,IF(E17="I1",L17,IF(E17="J1",L17,IF(E17="K1",L17,IF(E17="L2",L17,IF(E17="M2",L17,IF(E17="N1",L17,0)))))))) -> 0 | AR17: 3 | AS17: =IF(AR17="","",VLOOKUP(AR17,Nama_Buku,2)) -> BUKU PEMBANTU BANK | AT17: =IF(E17="B",L17,IF(E17="C1",L17,IF(E17="D1",L17,IF(E17="G2",L17,IF(E17="L1",L17,IF(E17="L4",L17,IF(E17="R2",L17,IF(E17="L7",L17,0)))))))) -> 194986485 | AU17: =IF(E17="C2",L17,IF(E17="D2",L17,IF(E17="G1",L17,IF(E17="H2",L17,IF(E17="I2",L17,IF(E17="J2",L17,IF(E17="K2",L17,IF(E17="L3",L17,IF(E17="L5",L17,IF(E17="L6",L17,0)))))))))) -> 0 | AV17: =IF(E17="M3",L17,IF(E17="N2",L17,IF(E17="M9",L17,0))) -> 0 | AW17: =AR17 -> 3 | AX17: =IF(AW17="","",VLOOKUP(AW17,Nama_Buku,2)) -> BUKU PEMBANTU BANK | AY17: =AVERAGE(AU17+AV17) -> 0 | AZ17: 4 | BA17: =IF(AZ17="","",VLOOKUP(AZ17,Nama_Buku,2)) -> BUKU PEMBANTU BPP | BB17: =IF(E17="J1",L17,IF(E17="J2",L17,IF(E17="M4",L17,0))) -> 0 | BC17: =AZ17 -> 4 | BD17: =IF(BC17="","",VLOOKUP(BC17,Nama_Buku,2)) -> BUKU PEMBANTU BPP | BE17: =IF(E17="J3",L17,IF(E17="J4",L17,IF(E17="M5",L17,0))) -> 0 | BF17: 5 | BG17: =IF(BF17="","",VLOOKUP(BF17,Nama_Buku,2)) -> BUKU PEMBANTU UANG PERSEDIAAN | BH17: =IF(E17="B",L17,IF(E17="D1",L17,0)) -> 0 | BI17: =BF17 -> 5 | BJ17: =IF(BI17="","",VLOOKUP(BI17,Nama_Buku,2)) -> BUKU PEMBANTU UANG PERSEDIAAN | BK17: =IF(E17="D2",L17,IF(E17="H1",L17,IF(E17="H2",L17,IF(E17="J3",L17,IF(E17="K3",L17,IF(E17="N1",L17,IF(E17="N2",L17,0))))))) -> 0 | BL17: 6 | BM17: =IF(BL17="","",VLOOKUP(BL17,Nama_Buku,2)) -> BUKU PEMBANTU LS BENDAHARA | BN17: =IF(E17="C1",L17,IF(E17="C1",L17,IF(E17="R2",L17,IF(E17="L7",L17,0)))) -> 194986485 | BO17: =BL17 -> 6 | BP17: =IF(BO17="","",VLOOKUP(BO17,Nama_Buku,2)) -> BUKU PEMBANTU LS BENDAHARA | BQ17: =IF(E17="C2",L17,IF(E17="I1",L17,IF(E17="I2",L17,IF(E17="M9",L17,IF(E17="M3",L17,IF(E17="K3",L17,IF(E17="R1",L17,IF(E17="L6",L17,0)))))))) -> 0 | BR17: 7 | BS17: =IF(BR17="","",VLOOKUP(BR17,Nama_Buku,2)) -> BUKU PEMBANTU UANG MUKA PERJADIN | BT17: =IF(E17="K1",L17,IF(E17="K2",L17,0)) -> 0 | BU17: =BR17 -> 7 | BV17: =IF(BU17="","",VLOOKUP(BU17,Nama_Buku,2)) -> BUKU PEMBANTU UANG MUKA PERJADIN | BW17: =IF(E17="K3",L17,IF(E17="K4",L17,0)) -> 0 | BX17: 8 | BY17: =IF(BX17="","",VLOOKUP(BX17,Nama_Buku,2)) -> BUKU PEMBANTU PAJAK UP | BZ17: =IF(E17="M1",L17,IF(E17="M4",L17,IF(E17="M8",L17,0))) -> 0 | CA17: =BX17 -> 8 | CB17: =IF(CA17="","",VLOOKUP(CA17,Nama_Buku,2)) -> BUKU PEMBANTU PAJAK UP | CC17: =IF(E17="M2",L17,IF(E17="M3",L17,IF(E17="M5",L17,0))) -> 0 | CD17: 9 | CE17: =IF(CD17="","",VLOOKUP(CD17,Nama_Buku,2)) -> BUKU PEMBANTU BUNGA REKENING | CF17: =IF(E17="L1",L17,IF(E17="R1",L17,0)) -> 0 | CG17: =CD17 -> 9 | CH17: =IF(CG17="","",VLOOKUP(CG17,Nama_Buku,2)) -> BUKU PEMBANTU BUNGA REKENING | CI17: =IF(E17="L2",L17,IF(E17="L3",L17,0)) -> 0 | CJ17: 10 | CK17: =IF(CJ17="","",VLOOKUP(CJ17,Nama_Buku,2)) -> BUKU PEMBANTU PAJAK UP & LS | CL17: =IF(E17="M1",L17,IF(E17="M4",L17,IF(E17="M6",L17,IF(E17="M8",L17,0)))) -> 0 | CM17: =CJ17 -> 10 | CN17: =IF(CM17="","",VLOOKUP(CM17,Nama_Buku,2)) -> BUKU PEMBANTU PAJAK UP & LS | CO17: =IF(E17="M2",L17,IF(E17="M3",L17,IF(E17="M5",L17,IF(E17="M7",L17,IF(E17="M9",L17,0))))) -> 0 | CP17: =IF(E17="H1",L17,IF(E17="H2",L17,IF(E17="J3",L17,IF(E17="K3",L17,0)))) -> 0 | CQ17: =IF(E17="H1",M17,IF(E17="H2",M17,IF(E17="J3",M17,0))) -> 0 | CR17: =IF(E17="H1",N17,IF(E17="H2",N17,IF(E17="J3",N17,0))) -> 0 | CS17: 11 | CT17: =IF(CS17="","",VLOOKUP(CS17,Nama_Buku,2)) -> BUKU PENGESAHAN BELANJA | CU17: =IF(E17="C2",L17,IF(E17="I1",L17,IF(E17="I2",L17,IF(E17="K3",L17,IF(E17="M3",L17,IF(E17="M9",L17,0)))))) -> 0 | CV17: =CS17 -> 11 | CW17: =IF(CV17="","",VLOOKUP(CV17,Nama_Buku,2)) -> BUKU PENGESAHAN BELANJA | CX17: =IF(E17="C3",L17,0) -> 0 | CY17: 12 | CZ17: =IF(CY17="","",VLOOKUP(CY17,Nama_Buku,2)) -> BUKU PENGEMBALIAN BELANJA | DA17: =IF(E17="L4",L17,IF(E17="R2",L17,0)) -> 0 | DB17: =CY17 -> 12 | DC17: =IF(DB17="","",VLOOKUP(DB17,Nama_Buku,2)) -> BUKU PENGEMBALIAN BELANJA | DD17: =IF(E17="L5",L17,IF(E17="L5",L17,0)) -> 0
A18: 008 | C18: 46051 | D18: ="2026."&A18 -> 2026.008 | E18: C1 | F18: Menerima transfer dana sesuai Surat Perintah Transfer Dana Tanggal 29 Januari 2026 sebesar Rp. 21.867.000 ke Rekening 2001302885742 RPL 046 BLU APT PRANOTO UTK OPS PENGELUARAN | L18: 21867000 | O18: =IF(E18="A",L18,IF(E18="B",L18,IF(E18="C1",L18,IF(E18="D1",L18,IF(E18="E",L18,IF(E18="F",L18,IF(E18="G1",L18,IF(E18="G2",L18,IF(E18="R1",L18,IF(E18="L4",L18,IF(E18="R2",L18,IF(E18="l7",L18,0)))))))))))) -> 21867000 | P18: =IF(E18="J1",L18,IF(E18="J2",L18,IF(E18="J4",L18,IF(E18="K1",L18,IF(E18="K2",L18,IF(E18="K4",L18,IF(E18="L1",L18,IF(E18="M1",L18,IF(E18="M6",L18,IF(E18="M6",L18,0)))))))))) -> 0 | Q18: =IF(E18="M4",L18,0) -> 0 | R18: 1 | S18: =IF(R18="","",VLOOKUP(R18,Nama_Buku,2)) -> BUKU KAS UMUM | T18: =AVERAGE(O18+P18+Q18) -> 21867000 | U18: =IF(E18="A",L18,IF(E18="C2",L18,IF(E18="D2",L18,IF(E18="E",L18,IF(E18="F",L18,IF(E18="G1",L18,IF(E18="G2",L18,IF(E18="H1",L18,IF(E18="R1",L18,0))))))))) -> 0 | V18: =IF(E18="H2",L18,IF(E18="I1",L18,IF(E18="I2",L18,IF(E18="J1",L18,IF(E18="J2",L18,IF(E18="J3",L18,IF(E18="J4",L18,IF(E18="K1",L18,0)))))))) -> 0 | W18: =IF(E18="K2",L18,IF(E18="K3",L18,IF(E18="K4",L18,IF(E18="L2",L18,IF(E18="L3",L18,IF(E18="M2",L18,IF(E18="M3",L18,IF(E18="M7",L18,IF(E18="L5",L18,IF(E18="L6",L18,0)))))))))) -> 0 | X18: =IF(E18="N1",L18,IF(E18="N2",L18,0)) -> 0 | Y18: =R18 -> 1 | Z18: =IF(Y18="","",VLOOKUP(Y18,Nama_Buku,2)) -> BUKU KAS UMUM | AA18: =AVERAGE(U18+V18+W18+X18) -> 0 | AB18: 10 | AC18: =IF(AB18="","",VLOOKUP(AB18,Nama_Buku,2)) -> BUKU PEMBANTU PAJAK UP & LS | AD18: =IF(E18="B",L18,IF(E18="C1",L18,IF(E18="D1",L18,IF(E18="J1",-L18,IF(E18="J2",-L18,IF(E18="L1",L18,IF(E18="M1",L18,IF(E18="M4",L18,IF(E18="M8",L18,IF(E18="R2",L18,0)))))))))) -> 21867000 | AE18: =IF(E18="K1",-L18,IF(E18="K2",-L18,)) -> 0 | AF18: =AVERAGE(AD18+AE18) -> 21867000 | AG18: =IF(E18="C2",L18,IF(E18="D2",L18,IF(E18="H1",L18,IF(E18="H2",L18,IF(E18="I1",L18,IF(E18="I2",L18,IF(E18="J4",-L18,IF(E18="K4",-L18,0)))))))) -> 0 | AH18: =IF(E18="L2",L18,IF(E18="L3",L18,IF(E18="M2",L18,IF(E18="M3",L18,IF(E18="M5",L18,IF(E18="N1",L18,IF(E18="N2",L18,0))))))) -> 0 | AI18: =AB18 -> 10 | AJ18: =IF(AI18="","",VLOOKUP(AI18,Nama_Buku,2)) -> BUKU PEMBANTU PAJAK UP & LS | AK18: =AVERAGE(AG18+AH18) -> 0 | AL18: 2 | AM18: =IF(AL18="","",VLOOKUP(AL18,Nama_Buku,2)) -> BUKU PEMBANTU KAS TUNAI | AN18: =IF(E18="G1",L18,IF(E18="J4",L18,IF(E18="K4",L18,IF(E18="M1",L18,0)))) -> 0 | AO18: =AL18 -> 2 | AP18: =IF(AO18="","",VLOOKUP(AO18,Nama_Buku,2)) -> BUKU PEMBANTU KAS TUNAI | AQ18: =IF(E18="G2",L18,IF(E18="H1",L18,IF(E18="I1",L18,IF(E18="J1",L18,IF(E18="K1",L18,IF(E18="L2",L18,IF(E18="M2",L18,IF(E18="N1",L18,0)))))))) -> 0 | AR18: 3 | AS18: =IF(AR18="","",VLOOKUP(AR18,Nama_Buku,2)) -> BUKU PEMBANTU BANK | AT18: =IF(E18="B",L18,IF(E18="C1",L18,IF(E18="D1",L18,IF(E18="G2",L18,IF(E18="L1",L18,IF(E18="L4",L18,IF(E18="R2",L18,IF(E18="L7",L18,0)))))))) -> 21867000 | AU18: =IF(E18="C2",L18,IF(E18="D2",L18,IF(E18="G1",L18,IF(E18="H2",L18,IF(E18="I2",L18,IF(E18="J2",L18,IF(E18="K2",L18,IF(E18="L3",L18,IF(E18="L5",L18,IF(E18="L6",L18,0)))))))))) -> 0 | AV18: =IF(E18="M3",L18,IF(E18="N2",L18,IF(E18="M9",L18,0))) -> 0 | AW18: =AR18 -> 3 | AX18: =IF(AW18="","",VLOOKUP(AW18,Nama_Buku,2)) -> BUKU PEMBANTU BANK | AY18: =AVERAGE(AU18+AV18) -> 0 | AZ18: 4 | BA18: =IF(AZ18="","",VLOOKUP(AZ18,Nama_Buku,2)) -> BUKU PEMBANTU BPP | BB18: =IF(E18="J1",L18,IF(E18="J2",L18,IF(E18="M4",L18,0))) -> 0 | BC18: =AZ18 -> 4 | BD18: =IF(BC18="","",VLOOKUP(BC18,Nama_Buku,2)) -> BUKU PEMBANTU BPP | BE18: =IF(E18="J3",L18,IF(E18="J4",L18,IF(E18="M5",L18,0))) -> 0 | BF18: 5 | BG18: =IF(BF18="","",VLOOKUP(BF18,Nama_Buku,2)) -> BUKU PEMBANTU UANG PERSEDIAAN | BH18: =IF(E18="B",L18,IF(E18="D1",L18,0)) -> 0 | BI18: =BF18 -> 5 | BJ18: =IF(BI18="","",VLOOKUP(BI18,Nama_Buku,2)) -> BUKU PEMBANTU UANG PERSEDIAAN | BK18: =IF(E18="D2",L18,IF(E18="H1",L18,IF(E18="H2",L18,IF(E18="J3",L18,IF(E18="K3",L18,IF(E18="N1",L18,IF(E18="N2",L18,0))))))) -> 0 | BL18: 6 | BM18: =IF(BL18="","",VLOOKUP(BL18,Nama_Buku,2)) -> BUKU PEMBANTU LS BENDAHARA | BN18: =IF(E18="C1",L18,IF(E18="C1",L18,IF(E18="R2",L18,IF(E18="L7",L18,0)))) -> 21867000 | BO18: =BL18 -> 6 | BP18: =IF(BO18="","",VLOOKUP(BO18,Nama_Buku,2)) -> BUKU PEMBANTU LS BENDAHARA | BQ18: =IF(E18="C2",L18,IF(E18="I1",L18,IF(E18="I2",L18,IF(E18="M9",L18,IF(E18="M3",L18,IF(E18="K3",L18,IF(E18="R1",L18,IF(E18="L6",L18,0)))))))) -> 0 | BR18: 7 | BS18: =IF(BR18="","",VLOOKUP(BR18,Nama_Buku,2)) -> BUKU PEMBANTU UANG MUKA PERJADIN | BT18: =IF(E18="K1",L18,IF(E18="K2",L18,0)) -> 0 | BU18: =BR18 -> 7 | BV18: =IF(BU18="","",VLOOKUP(BU18,Nama_Buku,2)) -> BUKU PEMBANTU UANG MUKA PERJADIN | BW18: =IF(E18="K3",L18,IF(E18="K4",L18,0)) -> 0 | BX18: 8 | BY18: =IF(BX18="","",VLOOKUP(BX18,Nama_Buku,2)) -> BUKU PEMBANTU PAJAK UP | BZ18: =IF(E18="M1",L18,IF(E18="M4",L18,IF(E18="M8",L18,0))) -> 0 | CA18: =BX18 -> 8 | CB18: =IF(CA18="","",VLOOKUP(CA18,Nama_Buku,2)) -> BUKU PEMBANTU PAJAK UP | CC18: =IF(E18="M2",L18,IF(E18="M3",L18,IF(E18="M5",L18,0))) -> 0 | CD18: 9 | CE18: =IF(CD18="","",VLOOKUP(CD18,Nama_Buku,2)) -> BUKU PEMBANTU BUNGA REKENING | CF18: =IF(E18="L1",L18,IF(E18="R1",L18,0)) -> 0 | CG18: =CD18 -> 9 | CH18: =IF(CG18="","",VLOOKUP(CG18,Nama_Buku,2)) -> BUKU PEMBANTU BUNGA REKENING | CI18: =IF(E18="L2",L18,IF(E18="L3",L18,0)) -> 0 | CJ18: 10 | CK18: =IF(CJ18="","",VLOOKUP(CJ18,Nama_Buku,2)) -> BUKU PEMBANTU PAJAK UP & LS | CL18: =IF(E18="M1",L18,IF(E18="M4",L18,IF(E18="M6",L18,IF(E18="M8",L18,0)))) -> 0 | CM18: =CJ18 -> 10 | CN18: =IF(CM18="","",VLOOKUP(CM18,Nama_Buku,2)) -> BUKU PEMBANTU PAJAK UP & LS | CO18: =IF(E18="M2",L18,IF(E18="M3",L18,IF(E18="M5",L18,IF(E18="M7",L18,IF(E18="M9",L18,0))))) -> 0 | CP18: =IF(E18="H1",L18,IF(E18="H2",L18,IF(E18="J3",L18,IF(E18="K3",L18,0)))) -> 0 | CQ18: =IF(E18="H1",M18,IF(E18="H2",M18,IF(E18="J3",M18,0))) -> 0 | CR18: =IF(E18="H1",N18,IF(E18="H2",N18,IF(E18="J3",N18,0))) -> 0 | CS18: 11 | CT18: =IF(CS18="","",VLOOKUP(CS18,Nama_Buku,2)) -> BUKU PENGESAHAN BELANJA | CU18: =IF(E18="C2",L18,IF(E18="I1",L18,IF(E18="I2",L18,IF(E18="K3",L18,IF(E18="M3",L18,IF(E18="M9",L18,0)))))) -> 0 | CV18: =CS18 -> 11 | CW18: =IF(CV18="","",VLOOKUP(CV18,Nama_Buku,2)) -> BUKU PENGESAHAN BELANJA | CX18: =IF(E18="C3",L18,0) -> 0 | CY18: 12 | CZ18: =IF(CY18="","",VLOOKUP(CY18,Nama_Buku,2)) -> BUKU PENGEMBALIAN BELANJA | DA18: =IF(E18="L4",L18,IF(E18="R2",L18,0)) -> 0 | DB18: =CY18 -> 12 | DC18: =IF(DB18="","",VLOOKUP(DB18,Nama_Buku,2)) -> BUKU PENGEMBALIAN BELANJA | DD18: =IF(E18="L5",L18,IF(E18="L5",L18,0)) -> 0
A19: 009 | C19: 46051 | D19: ="2026."&A19 -> 2026.009 | E19: C1 | F19: Menerima transfer dana sesuai Surat Perintah Transfer Dana Tanggal 29 Januari 2026 sebesar Rp. 196.697.855 ke Rekening 2001302885742 RPL 046 BLU APT PRANOTO UTK OPS PENGELUARAN | L19: 196697855 | O19: =IF(E19="A",L19,IF(E19="B",L19,IF(E19="C1",L19,IF(E19="D1",L19,IF(E19="E",L19,IF(E19="F",L19,IF(E19="G1",L19,IF(E19="G2",L19,IF(E19="R1",L19,IF(E19="L4",L19,IF(E19="R2",L19,IF(E19="l7",L19,0)))))))))))) -> 196697855 | P19: =IF(E19="J1",L19,IF(E19="J2",L19,IF(E19="J4",L19,IF(E19="K1",L19,IF(E19="K2",L19,IF(E19="K4",L19,IF(E19="L1",L19,IF(E19="M1",L19,IF(E19="M6",L19,IF(E19="M6",L19,0)))))))))) -> 0 | Q19: =IF(E19="M4",L19,0) -> 0 | R19: 1 | S19: =IF(R19="","",VLOOKUP(R19,Nama_Buku,2)) -> BUKU KAS UMUM | T19: =AVERAGE(O19+P19+Q19) -> 196697855 | U19: =IF(E19="A",L19,IF(E19="C2",L19,IF(E19="D2",L19,IF(E19="E",L19,IF(E19="F",L19,IF(E19="G1",L19,IF(E19="G2",L19,IF(E19="H1",L19,IF(E19="R1",L19,0))))))))) -> 0 | V19: =IF(E19="H2",L19,IF(E19="I1",L19,IF(E19="I2",L19,IF(E19="J1",L19,IF(E19="J2",L19,IF(E19="J3",L19,IF(E19="J4",L19,IF(E19="K1",L19,0)))))))) -> 0 | W19: =IF(E19="K2",L19,IF(E19="K3",L19,IF(E19="K4",L19,IF(E19="L2",L19,IF(E19="L3",L19,IF(E19="M2",L19,IF(E19="M3",L19,IF(E19="M7",L19,IF(E19="L5",L19,IF(E19="L6",L19,0)))))))))) -> 0 | X19: =IF(E19="N1",L19,IF(E19="N2",L19,0)) -> 0 | Y19: =R19 -> 1 | Z19: =IF(Y19="","",VLOOKUP(Y19,Nama_Buku,2)) -> BUKU KAS UMUM | AA19: =AVERAGE(U19+V19+W19+X19) -> 0 | AB19: 10 | AC19: =IF(AB19="","",VLOOKUP(AB19,Nama_Buku,2)) -> BUKU PEMBANTU PAJAK UP & LS | AD19: =IF(E19="B",L19,IF(E19="C1",L19,IF(E19="D1",L19,IF(E19="J1",-L19,IF(E19="J2",-L19,IF(E19="L1",L19,IF(E19="M1",L19,IF(E19="M4",L19,IF(E19="M8",L19,IF(E19="R2",L19,0)))))))))) -> 196697855 | AE19: =IF(E19="K1",-L19,IF(E19="K2",-L19,)) -> 0 | AF19: =AVERAGE(AD19+AE19) -> 196697855 | AG19: =IF(E19="C2",L19,IF(E19="D2",L19,IF(E19="H1",L19,IF(E19="H2",L19,IF(E19="I1",L19,IF(E19="I2",L19,IF(E19="J4",-L19,IF(E19="K4",-L19,0)))))))) -> 0 | AH19: =IF(E19="L2",L19,IF(E19="L3",L19,IF(E19="M2",L19,IF(E19="M3",L19,IF(E19="M5",L19,IF(E19="N1",L19,IF(E19="N2",L19,0))))))) -> 0 | AI19: =AB19 -> 10 | AJ19: =IF(AI19="","",VLOOKUP(AI19,Nama_Buku,2)) -> BUKU PEMBANTU PAJAK UP & LS | AK19: =AVERAGE(AG19+AH19) -> 0 | AL19: 2 | AM19: =IF(AL19="","",VLOOKUP(AL19,Nama_Buku,2)) -> BUKU PEMBANTU KAS TUNAI | AN19: =IF(E19="G1",L19,IF(E19="J4",L19,IF(E19="K4",L19,IF(E19="M1",L19,0)))) -> 0 | AO19: =AL19 -> 2 | AP19: =IF(AO19="","",VLOOKUP(AO19,Nama_Buku,2)) -> BUKU PEMBANTU KAS TUNAI | AQ19: =IF(E19="G2",L19,IF(E19="H1",L19,IF(E19="I1",L19,IF(E19="J1",L19,IF(E19="K1",L19,IF(E19="L2",L19,IF(E19="M2",L19,IF(E19="N1",L19,0)))))))) -> 0 | AR19: 3 | AS19: =IF(AR19="","",VLOOKUP(AR19,Nama_Buku,2)) -> BUKU PEMBANTU BANK | AT19: =IF(E19="B",L19,IF(E19="C1",L19,IF(E19="D1",L19,IF(E19="G2",L19,IF(E19="L1",L19,IF(E19="L4",L19,IF(E19="R2",L19,IF(E19="L7",L19,0)))))))) -> 196697855 | AU19: =IF(E19="C2",L19,IF(E19="D2",L19,IF(E19="G1",L19,IF(E19="H2",L19,IF(E19="I2",L19,IF(E19="J2",L19,IF(E19="K2",L19,IF(E19="L3",L19,IF(E19="L5",L19,IF(E19="L6",L19,0)))))))))) -> 0 | AV19: =IF(E19="M3",L19,IF(E19="N2",L19,IF(E19="M9",L19,0))) -> 0 | AW19: =AR19 -> 3 | AX19: =IF(AW19="","",VLOOKUP(AW19,Nama_Buku,2)) -> BUKU PEMBANTU BANK | AY19: =AVERAGE(AU19+AV19) -> 0 | AZ19: 4 | BA19: =IF(AZ19="","",VLOOKUP(AZ19,Nama_Buku,2)) -> BUKU PEMBANTU BPP | BB19: =IF(E19="J1",L19,IF(E19="J2",L19,IF(E19="M4",L19,0))) -> 0 | BC19: =AZ19 -> 4 | BD19: =IF(BC19="","",VLOOKUP(BC19,Nama_Buku,2)) -> BUKU PEMBANTU BPP | BE19: =IF(E19="J3",L19,IF(E19="J4",L19,IF(E19="M5",L19,0))) -> 0 | BF19: 5 | BG19: =IF(BF19="","",VLOOKUP(BF19,Nama_Buku,2)) -> BUKU PEMBANTU UANG PERSEDIAAN | BH19: =IF(E19="B",L19,IF(E19="D1",L19,0)) -> 0 | BI19: =BF19 -> 5 | BJ19: =IF(BI19="","",VLOOKUP(BI19,Nama_Buku,2)) -> BUKU PEMBANTU UANG PERSEDIAAN | BK19: =IF(E19="D2",L19,IF(E19="H1",L19,IF(E19="H2",L19,IF(E19="J3",L19,IF(E19="K3",L19,IF(E19="N1",L19,IF(E19="N2",L19,0))))))) -> 0 | BL19: 6 | BM19: =IF(BL19="","",VLOOKUP(BL19,Nama_Buku,2)) -> BUKU PEMBANTU LS BENDAHARA | BN19: =IF(E19="C1",L19,IF(E19="C1",L19,IF(E19="R2",L19,IF(E19="L7",L19,0)))) -> 196697855 | BO19: =BL19 -> 6 | BP19: =IF(BO19="","",VLOOKUP(BO19,Nama_Buku,2)) -> BUKU PEMBANTU LS BENDAHARA | BQ19: =IF(E19="C2",L19,IF(E19="I1",L19,IF(E19="I2",L19,IF(E19="M9",L19,IF(E19="M3",L19,IF(E19="K3",L19,IF(E19="R1",L19,IF(E19="L6",L19,0)))))))) -> 0 | BR19: 7 | BS19: =IF(BR19="","",VLOOKUP(BR19,Nama_Buku,2)) -> BUKU PEMBANTU UANG MUKA PERJADIN | BT19: =IF(E19="K1",L19,IF(E19="K2",L19,0)) -> 0 | BU19: =BR19 -> 7 | BV19: =IF(BU19="","",VLOOKUP(BU19,Nama_Buku,2)) -> BUKU PEMBANTU UANG MUKA PERJADIN | BW19: =IF(E19="K3",L19,IF(E19="K4",L19,0)) -> 0 | BX19: 8 | BY19: =IF(BX19="","",VLOOKUP(BX19,Nama_Buku,2)) -> BUKU PEMBANTU PAJAK UP | BZ19: =IF(E19="M1",L19,IF(E19="M4",L19,IF(E19="M8",L19,0))) -> 0 | CA19: =BX19 -> 8 | CB19: =IF(CA19="","",VLOOKUP(CA19,Nama_Buku,2)) -> BUKU PEMBANTU PAJAK UP | CC19: =IF(E19="M2",L19,IF(E19="M3",L19,IF(E19="M5",L19,0))) -> 0 | CD19: 9 | CE19: =IF(CD19="","",VLOOKUP(CD19,Nama_Buku,2)) -> BUKU PEMBANTU BUNGA REKENING | CF19: =IF(E19="L1",L19,IF(E19="R1",L19,0)) -> 0 | CG19: =CD19 -> 9 | CH19: =IF(CG19="","",VLOOKUP(CG19,Nama_Buku,2)) -> BUKU PEMBANTU BUNGA REKENING | CI19: =IF(E19="L2",L19,IF(E19="L3",L19,0)) -> 0 | CJ19: 10 | CK19: =IF(CJ19="","",VLOOKUP(CJ19,Nama_Buku,2)) -> BUKU PEMBANTU PAJAK UP & LS | CL19: =IF(E19="M1",L19,IF(E19="M4",L19,IF(E19="M6",L19,IF(E19="M8",L19,0)))) -> 0 | CM19: =CJ19 -> 10 | CN19: =IF(CM19="","",VLOOKUP(CM19,Nama_Buku,2)) -> BUKU PEMBANTU PAJAK UP & LS | CO19: =IF(E19="M2",L19,IF(E19="M3",L19,IF(E19="M5",L19,IF(E19="M7",L19,IF(E19="M9",L19,0))))) -> 0 | CP19: =IF(E19="H1",L19,IF(E19="H2",L19,IF(E19="J3",L19,IF(E19="K3",L19,0)))) -> 0 | CQ19: =IF(E19="H1",M19,IF(E19="H2",M19,IF(E19="J3",M19,0))) -> 0 | CR19: =IF(E19="H1",N19,IF(E19="H2",N19,IF(E19="J3",N19,0))) -> 0 | CS19: 11 | CT19: =IF(CS19="","",VLOOKUP(CS19,Nama_Buku,2)) -> BUKU PENGESAHAN BELANJA | CU19: =IF(E19="C2",L19,IF(E19="I1",L19,IF(E19="I2",L19,IF(E19="K3",L19,IF(E19="M3",L19,IF(E19="M9",L19,0)))))) -> 0 | CV19: =CS19 -> 11 | CW19: =IF(CV19="","",VLOOKUP(CV19,Nama_Buku,2)) -> BUKU PENGESAHAN BELANJA | CX19: =IF(E19="C3",L19,0) -> 0 | CY19: 12 | CZ19: =IF(CY19="","",VLOOKUP(CY19,Nama_Buku,2)) -> BUKU PENGEMBALIAN BELANJA | DA19: =IF(E19="L4",L19,IF(E19="R2",L19,0)) -> 0 | DB19: =CY19 -> 12 | DC19: =IF(DB19="","",VLOOKUP(DB19,Nama_Buku,2)) -> BUKU PENGEMBALIAN BELANJA | DD19: =IF(E19="L5",L19,IF(E19="L5",L19,0)) -> 0
A20: 010 | C20: 46051 | D20: ="2026."&A20 -> 2026.010 | E20: C1 | F20: Menerima transfer dana sesuai Surat Perintah Transfer Dana Tanggal 29 Januari 2026 sebesar Rp. 4.440.000 ke Rekening 2001302885742 RPL 046 BLU APT PRANOTO UTK OPS PENGELUARAN | L20: 4440000 | O20: =IF(E20="A",L20,IF(E20="B",L20,IF(E20="C1",L20,IF(E20="D1",L20,IF(E20="E",L20,IF(E20="F",L20,IF(E20="G1",L20,IF(E20="G2",L20,IF(E20="R1",L20,IF(E20="L4",L20,IF(E20="R2",L20,IF(E20="l7",L20,0)))))))))))) -> 4440000 | P20: =IF(E20="J1",L20,IF(E20="J2",L20,IF(E20="J4",L20,IF(E20="K1",L20,IF(E20="K2",L20,IF(E20="K4",L20,IF(E20="L1",L20,IF(E20="M1",L20,IF(E20="M6",L20,IF(E20="M6",L20,0)))))))))) -> 0 | Q20: =IF(E20="M4",L20,0) -> 0 | R20: 1 | S20: =IF(R20="","",VLOOKUP(R20,Nama_Buku,2)) -> BUKU KAS UMUM | T20: =AVERAGE(O20+P20+Q20) -> 4440000 | U20: =IF(E20="A",L20,IF(E20="C2",L20,IF(E20="D2",L20,IF(E20="E",L20,IF(E20="F",L20,IF(E20="G1",L20,IF(E20="G2",L20,IF(E20="H1",L20,IF(E20="R1",L20,0))))))))) -> 0 | V20: =IF(E20="H2",L20,IF(E20="I1",L20,IF(E20="I2",L20,IF(E20="J1",L20,IF(E20="J2",L20,IF(E20="J3",L20,IF(E20="J4",L20,IF(E20="K1",L20,0)))))))) -> 0 | W20: =IF(E20="K2",L20,IF(E20="K3",L20,IF(E20="K4",L20,IF(E20="L2",L20,IF(E20="L3",L20,IF(E20="M2",L20,IF(E20="M3",L20,IF(E20="M7",L20,IF(E20="L5",L20,IF(E20="L6",L20,0)))))))))) -> 0 | X20: =IF(E20="N1",L20,IF(E20="N2",L20,0)) -> 0 | Y20: =R20 -> 1 | Z20: =IF(Y20="","",VLOOKUP(Y20,Nama_Buku,2)) -> BUKU KAS UMUM | AA20: =AVERAGE(U20+V20+W20+X20) -> 0 | AB20: 10 | AC20: =IF(AB20="","",VLOOKUP(AB20,Nama_Buku,2)) -> BUKU PEMBANTU PAJAK UP & LS | AD20: =IF(E20="B",L20,IF(E20="C1",L20,IF(E20="D1",L20,IF(E20="J1",-L20,IF(E20="J2",-L20,IF(E20="L1",L20,IF(E20="M1",L20,IF(E20="M4",L20,IF(E20="M8",L20,IF(E20="R2",L20,0)))))))))) -> 4440000 | AE20: =IF(E20="K1",-L20,IF(E20="K2",-L20,)) -> 0 | AF20: =AVERAGE(AD20+AE20) -> 4440000 | AG20: =IF(E20="C2",L20,IF(E20="D2",L20,IF(E20="H1",L20,IF(E20="H2",L20,IF(E20="I1",L20,IF(E20="I2",L20,IF(E20="J4",-L20,IF(E20="K4",-L20,0)))))))) -> 0 | AH20: =IF(E20="L2",L20,IF(E20="L3",L20,IF(E20="M2",L20,IF(E20="M3",L20,IF(E20="M5",L20,IF(E20="N1",L20,IF(E20="N2",L20,0))))))) -> 0 | AI20: =AB20 -> 10 | AJ20: =IF(AI20="","",VLOOKUP(AI20,Nama_Buku,2)) -> BUKU PEMBANTU PAJAK UP & LS | AK20: =AVERAGE(AG20+AH20) -> 0 | AL20: 2 | AM20: =IF(AL20="","",VLOOKUP(AL20,Nama_Buku,2)) -> BUKU PEMBANTU KAS TUNAI | AN20: =IF(E20="G1",L20,IF(E20="J4",L20,IF(E20="K4",L20,IF(E20="M1",L20,0)))) -> 0 | AO20: =AL20 -> 2 | AP20: =IF(AO20="","",VLOOKUP(AO20,Nama_Buku,2)) -> BUKU PEMBANTU KAS TUNAI | AQ20: =IF(E20="G2",L20,IF(E20="H1",L20,IF(E20="I1",L20,IF(E20="J1",L20,IF(E20="K1",L20,IF(E20="L2",L20,IF(E20="M2",L20,IF(E20="N1",L20,0)))))))) -> 0 | AR20: 3 | AS20: =IF(AR20="","",VLOOKUP(AR20,Nama_Buku,2)) -> BUKU PEMBANTU BANK | AT20: =IF(E20="B",L20,IF(E20="C1",L20,IF(E20="D1",L20,IF(E20="G2",L20,IF(E20="L1",L20,IF(E20="L4",L20,IF(E20="R2",L20,IF(E20="L7",L20,0)))))))) -> 4440000 | AU20: =IF(E20="C2",L20,IF(E20="D2",L20,IF(E20="G1",L20,IF(E20="H2",L20,IF(E20="I2",L20,IF(E20="J2",L20,IF(E20="K2",L20,IF(E20="L3",L20,IF(E20="L5",L20,IF(E20="L6",L20,0)))))))))) -> 0 | AV20: =IF(E20="M3",L20,IF(E20="N2",L20,IF(E20="M9",L20,0))) -> 0 | AW20: =AR20 -> 3 | AX20: =IF(AW20="","",VLOOKUP(AW20,Nama_Buku,2)) -> BUKU PEMBANTU BANK | AY20: =AVERAGE(AU20+AV20) -> 0 | AZ20: 4 | BA20: =IF(AZ20="","",VLOOKUP(AZ20,Nama_Buku,2)) -> BUKU PEMBANTU BPP | BB20: =IF(E20="J1",L20,IF(E20="J2",L20,IF(E20="M4",L20,0))) -> 0 | BC20: =AZ20 -> 4 | BD20: =IF(BC20="","",VLOOKUP(BC20,Nama_Buku,2)) -> BUKU PEMBANTU BPP | BE20: =IF(E20="J3",L20,IF(E20="J4",L20,IF(E20="M5",L20,0))) -> 0 | BF20: 5 | BG20: =IF(BF20="","",VLOOKUP(BF20,Nama_Buku,2)) -> BUKU PEMBANTU UANG PERSEDIAAN | BH20: =IF(E20="B",L20,IF(E20="D1",L20,0)) -> 0 | BI20: =BF20 -> 5 | BJ20: =IF(BI20="","",VLOOKUP(BI20,Nama_Buku,2)) -> BUKU PEMBANTU UANG PERSEDIAAN | BK20: =IF(E20="D2",L20,IF(E20="H1",L20,IF(E20="H2",L20,IF(E20="J3",L20,IF(E20="K3",L20,IF(E20="N1",L20,IF(E20="N2",L20,0))))))) -> 0 | BL20: 6 | BM20: =IF(BL20="","",VLOOKUP(BL20,Nama_Buku,2)) -> BUKU PEMBANTU LS BENDAHARA | BN20: =IF(E20="C1",L20,IF(E20="C1",L20,IF(E20="R2",L20,IF(E20="L7",L20,0)))) -> 4440000 | BO20: =BL20 -> 6 | BP20: =IF(BO20="","",VLOOKUP(BO20,Nama_Buku,2)) -> BUKU PEMBANTU LS BENDAHARA | BQ20: =IF(E20="C2",L20,IF(E20="I1",L20,IF(E20="I2",L20,IF(E20="M9",L20,IF(E20="M3",L20,IF(E20="K3",L20,IF(E20="R1",L20,IF(E20="L6",L20,0)))))))) -> 0 | BR20: 7 | BS20: =IF(BR20="","",VLOOKUP(BR20,Nama_Buku,2)) -> BUKU PEMBANTU UANG MUKA PERJADIN | BT20: =IF(E20="K1",L20,IF(E20="K2",L20,0)) -> 0 | BU20: =BR20 -> 7 | BV20: =IF(BU20="","",VLOOKUP(BU20,Nama_Buku,2)) -> BUKU PEMBANTU UANG MUKA PERJADIN | BW20: =IF(E20="K3",L20,IF(E20="K4",L20,0)) -> 0 | BX20: 8 | BY20: =IF(BX20="","",VLOOKUP(BX20,Nama_Buku,2)) -> BUKU PEMBANTU PAJAK UP | BZ20: =IF(E20="M1",L20,IF(E20="M4",L20,IF(E20="M8",L20,0))) -> 0 | CA20: =BX20 -> 8 | CB20: =IF(CA20="","",VLOOKUP(CA20,Nama_Buku,2)) -> BUKU PEMBANTU PAJAK UP | CC20: =IF(E20="M2",L20,IF(E20="M3",L20,IF(E20="M5",L20,0))) -> 0 | CD20: 9 | CE20: =IF(CD20="","",VLOOKUP(CD20,Nama_Buku,2)) -> BUKU PEMBANTU BUNGA REKENING | CF20: =IF(E20="L1",L20,IF(E20="R1",L20,0)) -> 0 | CG20: =CD20 -> 9 | CH20: =IF(CG20="","",VLOOKUP(CG20,Nama_Buku,2)) -> BUKU PEMBANTU BUNGA REKENING | CI20: =IF(E20="L2",L20,IF(E20="L3",L20,0)) -> 0 | CJ20: 10 | CK20: =IF(CJ20="","",VLOOKUP(CJ20,Nama_Buku,2)) -> BUKU PEMBANTU PAJAK UP & LS | CL20: =IF(E20="M1",L20,IF(E20="M4",L20,IF(E20="M6",L20,IF(E20="M8",L20,0)))) -> 0 | CM20: =CJ20 -> 10 | CN20: =IF(CM20="","",VLOOKUP(CM20,Nama_Buku,2)) -> BUKU PEMBANTU PAJAK UP & LS | CO20: =IF(E20="M2",L20,IF(E20="M3",L20,IF(E20="M5",L20,IF(E20="M7",L20,IF(E20="M9",L20,0))))) -> 0 | CP20: =IF(E20="H1",L20,IF(E20="H2",L20,IF(E20="J3",L20,IF(E20="K3",L20,0)))) -> 0 | CQ20: =IF(E20="H1",M20,IF(E20="H2",M20,IF(E20="J3",M20,0))) -> 0 | CR20: =IF(E20="H1",N20,IF(E20="H2",N20,IF(E20="J3",N20,0))) -> 0 | CS20: 11 | CT20: =IF(CS20="","",VLOOKUP(CS20,Nama_Buku,2)) -> BUKU PENGESAHAN BELANJA | CU20: =IF(E20="C2",L20,IF(E20="I1",L20,IF(E20="I2",L20,IF(E20="K3",L20,IF(E20="M3",L20,IF(E20="M9",L20,0)))))) -> 0 | CV20: =CS20 -> 11 | CW20: =IF(CV20="","",VLOOKUP(CV20,Nama_Buku,2)) -> BUKU PENGESAHAN BELANJA | CX20: =IF(E20="C3",L20,0) -> 0 | CY20: 12 | CZ20: =IF(CY20="","",VLOOKUP(CY20,Nama_Buku,2)) -> BUKU PENGEMBALIAN BELANJA | DA20: =IF(E20="L4",L20,IF(E20="R2",L20,0)) -> 0 | DB20: =CY20 -> 12 | DC20: =IF(DB20="","",VLOOKUP(DB20,Nama_Buku,2)) -> BUKU PENGEMBALIAN BELANJA | DD20: =IF(E20="L5",L20,IF(E20="L5",L20,0)) -> 0
A21: 011 | C21: 46051 | D21: ="2026."&A21 -> 2026.011 | E21: I2 | F21: Pembayaran Admin Bank Pelatihan Basic PK Angkatan XLVI an. Heriyanto | H21: POLITEKNIK PENERBANGAN PALEMBANG | L21: 2900 | O21: =IF(E21="A",L21,IF(E21="B",L21,IF(E21="C1",L21,IF(E21="D1",L21,IF(E21="E",L21,IF(E21="F",L21,IF(E21="G1",L21,IF(E21="G2",L21,IF(E21="R1",L21,IF(E21="L4",L21,IF(E21="R2",L21,IF(E21="l7",L21,0)))))))))))) -> 0 | P21: =IF(E21="J1",L21,IF(E21="J2",L21,IF(E21="J4",L21,IF(E21="K1",L21,IF(E21="K2",L21,IF(E21="K4",L21,IF(E21="L1",L21,IF(E21="M1",L21,IF(E21="M6",L21,IF(E21="M6",L21,0)))))))))) -> 0 | Q21: =IF(E21="M4",L21,0) -> 0 | R21: 1 | S21: =IF(R21="","",VLOOKUP(R21,Nama_Buku,2)) -> BUKU KAS UMUM | T21: =AVERAGE(O21+P21+Q21) -> 0 | U21: =IF(E21="A",L21,IF(E21="C2",L21,IF(E21="D2",L21,IF(E21="E",L21,IF(E21="F",L21,IF(E21="G1",L21,IF(E21="G2",L21,IF(E21="H1",L21,IF(E21="R1",L21,0))))))))) -> 0 | V21: =IF(E21="H2",L21,IF(E21="I1",L21,IF(E21="I2",L21,IF(E21="J1",L21,IF(E21="J2",L21,IF(E21="J3",L21,IF(E21="J4",L21,IF(E21="K1",L21,0)))))))) -> 2900 | W21: =IF(E21="K2",L21,IF(E21="K3",L21,IF(E21="K4",L21,IF(E21="L2",L21,IF(E21="L3",L21,IF(E21="M2",L21,IF(E21="M3",L21,IF(E21="M7",L21,IF(E21="L5",L21,IF(E21="L6",L21,0)))))))))) -> 0 | X21: =IF(E21="N1",L21,IF(E21="N2",L21,0)) -> 0 | Y21: =R21 -> 1 | Z21: =IF(Y21="","",VLOOKUP(Y21,Nama_Buku,2)) -> BUKU KAS UMUM | AA21: =AVERAGE(U21+V21+W21+X21) -> 2900 | AB21: 10 | AC21: =IF(AB21="","",VLOOKUP(AB21,Nama_Buku,2)) -> BUKU PEMBANTU PAJAK UP & LS | AD21: =IF(E21="B",L21,IF(E21="C1",L21,IF(E21="D1",L21,IF(E21="J1",-L21,IF(E21="J2",-L21,IF(E21="L1",L21,IF(E21="M1",L21,IF(E21="M4",L21,IF(E21="M8",L21,IF(E21="R2",L21,0)))))))))) -> 0 | AE21: =IF(E21="K1",-L21,IF(E21="K2",-L21,)) -> 0 | AF21: =AVERAGE(AD21+AE21) -> 0 | AG21: =IF(E21="C2",L21,IF(E21="D2",L21,IF(E21="H1",L21,IF(E21="H2",L21,IF(E21="I1",L21,IF(E21="I2",L21,IF(E21="J4",-L21,IF(E21="K4",-L21,0)))))))) -> 2900 | AH21: =IF(E21="L2",L21,IF(E21="L3",L21,IF(E21="M2",L21,IF(E21="M3",L21,IF(E21="M5",L21,IF(E21="N1",L21,IF(E21="N2",L21,0))))))) -> 0 | AI21: =AB21 -> 10 | AJ21: =IF(AI21="","",VLOOKUP(AI21,Nama_Buku,2)) -> BUKU PEMBANTU PAJAK UP & LS | AK21: =AVERAGE(AG21+AH21) -> 2900 | AL21: 2 | AM21: =IF(AL21="","",VLOOKUP(AL21,Nama_Buku,2)) -> BUKU PEMBANTU KAS TUNAI | AN21: =IF(E21="G1",L21,IF(E21="J4",L21,IF(E21="K4",L21,IF(E21="M1",L21,0)))) -> 0 | AO21: =AL21 -> 2 | AP21: =IF(AO21="","",VLOOKUP(AO21,Nama_Buku,2)) -> BUKU PEMBANTU KAS TUNAI | AQ21: =IF(E21="G2",L21,IF(E21="H1",L21,IF(E21="I1",L21,IF(E21="J1",L21,IF(E21="K1",L21,IF(E21="L2",L21,IF(E21="M2",L21,IF(E21="N1",L21,0)))))))) -> 0 | AR21: 3 | AS21: =IF(AR21="","",VLOOKUP(AR21,Nama_Buku,2)) -> BUKU PEMBANTU BANK | AT21: =IF(E21="B",L21,IF(E21="C1",L21,IF(E21="D1",L21,IF(E21="G2",L21,IF(E21="L1",L21,IF(E21="L4",L21,IF(E21="R2",L21,IF(E21="L7",L21,0)))))))) -> 0 | AU21: =IF(E21="C2",L21,IF(E21="D2",L21,IF(E21="G1",L21,IF(E21="H2",L21,IF(E21="I2",L21,IF(E21="J2",L21,IF(E21="K2",L21,IF(E21="L3",L21,IF(E21="L5",L21,IF(E21="L6",L21,0)))))))))) -> 2900 | AV21: =IF(E21="M3",L21,IF(E21="N2",L21,IF(E21="M9",L21,0))) -> 0 | AW21: =AR21 -> 3 | AX21: =IF(AW21="","",VLOOKUP(AW21,Nama_Buku,2)) -> BUKU PEMBANTU BANK | AY21: =AVERAGE(AU21+AV21) -> 2900 | AZ21: 4 | BA21: =IF(AZ21="","",VLOOKUP(AZ21,Nama_Buku,2)) -> BUKU PEMBANTU BPP | BB21: =IF(E21="J1",L21,IF(E21="J2",L21,IF(E21="M4",L21,0))) -> 0 | BC21: =AZ21 -> 4 | BD21: =IF(BC21="","",VLOOKUP(BC21,Nama_Buku,2)) -> BUKU PEMBANTU BPP | BE21: =IF(E21="J3",L21,IF(E21="J4",L21,IF(E21="M5",L21,0))) -> 0 | BF21: 5 | BG21: =IF(BF21="","",VLOOKUP(BF21,Nama_Buku,2)) -> BUKU PEMBANTU UANG PERSEDIAAN | BH21: =IF(E21="B",L21,IF(E21="D1",L21,0)) -> 0 | BI21: =BF21 -> 5 | BJ21: =IF(BI21="","",VLOOKUP(BI21,Nama_Buku,2)) -> BUKU PEMBANTU UANG PERSEDIAAN | BK21: =IF(E21="D2",L21,IF(E21="H1",L21,IF(E21="H2",L21,IF(E21="J3",L21,IF(E21="K3",L21,IF(E21="N1",L21,IF(E21="N2",L21,0))))))) -> 0 | BL21: 6 | BM21: =IF(BL21="","",VLOOKUP(BL21,Nama_Buku,2)) -> BUKU PEMBANTU LS BENDAHARA | BN21: =IF(E21="C1",L21,IF(E21="C1",L21,IF(E21="R2",L21,IF(E21="L7",L21,0)))) -> 0 | BO21: =BL21 -> 6 | BP21: =IF(BO21="","",VLOOKUP(BO21,Nama_Buku,2)) -> BUKU PEMBANTU LS BENDAHARA | BQ21: =IF(E21="C2",L21,IF(E21="I1",L21,IF(E21="I2",L21,IF(E21="M9",L21,IF(E21="M3",L21,IF(E21="K3",L21,IF(E21="R1",L21,IF(E21="L6",L21,0)))))))) -> 2900 | BR21: 7 | BS21: =IF(BR21="","",VLOOKUP(BR21,Nama_Buku,2)) -> BUKU PEMBANTU UANG MUKA PERJADIN | BT21: =IF(E21="K1",L21,IF(E21="K2",L21,0)) -> 0 | BU21: =BR21 -> 7 | BV21: =IF(BU21="","",VLOOKUP(BU21,Nama_Buku,2)) -> BUKU PEMBANTU UANG MUKA PERJADIN | BW21: =IF(E21="K3",L21,IF(E21="K4",L21,0)) -> 0 | BX21: 8 | BY21: =IF(BX21="","",VLOOKUP(BX21,Nama_Buku,2)) -> BUKU PEMBANTU PAJAK UP | BZ21: =IF(E21="M1",L21,IF(E21="M4",L21,IF(E21="M8",L21,0))) -> 0 | CA21: =BX21 -> 8 | CB21: =IF(CA21="","",VLOOKUP(CA21,Nama_Buku,2)) -> BUKU PEMBANTU PAJAK UP | CC21: =IF(E21="M2",L21,IF(E21="M3",L21,IF(E21="M5",L21,0))) -> 0 | CD21: 9 | CE21: =IF(CD21="","",VLOOKUP(CD21,Nama_Buku,2)) -> BUKU PEMBANTU BUNGA REKENING | CF21: =IF(E21="L1",L21,IF(E21="R1",L21,0)) -> 0 | CG21: =CD21 -> 9 | CH21: =IF(CG21="","",VLOOKUP(CG21,Nama_Buku,2)) -> BUKU PEMBANTU BUNGA REKENING | CI21: =IF(E21="L2",L21,IF(E21="L3",L21,0)) -> 0 | CJ21: 10 | CK21: =IF(CJ21="","",VLOOKUP(CJ21,Nama_Buku,2)) -> BUKU PEMBANTU PAJAK UP & LS | CL21: =IF(E21="M1",L21,IF(E21="M4",L21,IF(E21="M6",L21,IF(E21="M8",L21,0)))) -> 0 | CM21: =CJ21 -> 10 | CN21: =IF(CM21="","",VLOOKUP(CM21,Nama_Buku,2)) -> BUKU PEMBANTU PAJAK UP & LS | CO21: =IF(E21="M2",L21,IF(E21="M3",L21,IF(E21="M5",L21,IF(E21="M7",L21,IF(E21="M9",L21,0))))) -> 0 | CP21: =IF(E21="H1",L21,IF(E21="H2",L21,IF(E21="J3",L21,IF(E21="K3",L21,0)))) -> 0 | CQ21: =IF(E21="H1",M21,IF(E21="H2",M21,IF(E21="J3",M21,0))) -> 0 | CR21: =IF(E21="H1",N21,IF(E21="H2",N21,IF(E21="J3",N21,0))) -> 0 | CS21: 11 | CT21: =IF(CS21="","",VLOOKUP(CS21,Nama_Buku,2)) -> BUKU PENGESAHAN BELANJA | CU21: =IF(E21="C2",L21,IF(E21="I1",L21,IF(E21="I2",L21,IF(E21="K3",L21,IF(E21="M3",L21,IF(E21="M9",L21,0)))))) -> 2900 | CV21: =CS21 -> 11 | CW21: =IF(CV21="","",VLOOKUP(CV21,Nama_Buku,2)) -> BUKU PENGESAHAN BELANJA | CX21: =IF(E21="C3",L21,0) -> 0 | CY21: 12 | CZ21: =IF(CY21="","",VLOOKUP(CY21,Nama_Buku,2)) -> BUKU PENGEMBALIAN BELANJA | DA21: =IF(E21="L4",L21,IF(E21="R2",L21,0)) -> 0 | DB21: =CY21 -> 12 | DC21: =IF(DB21="","",VLOOKUP(DB21,Nama_Buku,2)) -> BUKU PENGEMBALIAN BELANJA | DD21: =IF(E21="L5",L21,IF(E21="L5",L21,0)) -> 0
A22: 012 | C22: 46051 | D22: ="2026."&A22 -> 2026.012 | E22: I2 | F22: Pembayaran Belanja Pelatihan Basic PK Angkatan XLVI an. Heriyanto | H22: POLITEKNIK PENERBANGAN PALEMBANG | L22: 24997100 | O22: =IF(E22="A",L22,IF(E22="B",L22,IF(E22="C1",L22,IF(E22="D1",L22,IF(E22="E",L22,IF(E22="F",L22,IF(E22="G1",L22,IF(E22="G2",L22,IF(E22="R1",L22,IF(E22="L4",L22,IF(E22="R2",L22,IF(E22="l7",L22,0)))))))))))) -> 0 | P22: =IF(E22="J1",L22,IF(E22="J2",L22,IF(E22="J4",L22,IF(E22="K1",L22,IF(E22="K2",L22,IF(E22="K4",L22,IF(E22="L1",L22,IF(E22="M1",L22,IF(E22="M6",L22,IF(E22="M6",L22,0)))))))))) -> 0 | Q22: =IF(E22="M4",L22,0) -> 0 | R22: 1 | S22: =IF(R22="","",VLOOKUP(R22,Nama_Buku,2)) -> BUKU KAS UMUM | T22: =AVERAGE(O22+P22+Q22) -> 0 | U22: =IF(E22="A",L22,IF(E22="C2",L22,IF(E22="D2",L22,IF(E22="E",L22,IF(E22="F",L22,IF(E22="G1",L22,IF(E22="G2",L22,IF(E22="H1",L22,IF(E22="R1",L22,0))))))))) -> 0 | V22: =IF(E22="H2",L22,IF(E22="I1",L22,IF(E22="I2",L22,IF(E22="J1",L22,IF(E22="J2",L22,IF(E22="J3",L22,IF(E22="J4",L22,IF(E22="K1",L22,0)))))))) -> 24997100 | W22: =IF(E22="K2",L22,IF(E22="K3",L22,IF(E22="K4",L22,IF(E22="L2",L22,IF(E22="L3",L22,IF(E22="M2",L22,IF(E22="M3",L22,IF(E22="M7",L22,IF(E22="L5",L22,IF(E22="L6",L22,0)))))))))) -> 0 | X22: =IF(E22="N1",L22,IF(E22="N2",L22,0)) -> 0 | Y22: =R22 -> 1 | Z22: =IF(Y22="","",VLOOKUP(Y22,Nama_Buku,2)) -> BUKU KAS UMUM | AA22: =AVERAGE(U22+V22+W22+X22) -> 24997100 | AB22: 10 | AC22: =IF(AB22="","",VLOOKUP(AB22,Nama_Buku,2)) -> BUKU PEMBANTU PAJAK UP & LS | AD22: =IF(E22="B",L22,IF(E22="C1",L22,IF(E22="D1",L22,IF(E22="J1",-L22,IF(E22="J2",-L22,IF(E22="L1",L22,IF(E22="M1",L22,IF(E22="M4",L22,IF(E22="M8",L22,IF(E22="R2",L22,0)))))))))) -> 0 | AE22: =IF(E22="K1",-L22,IF(E22="K2",-L22,)) -> 0 | AF22: =AVERAGE(AD22+AE22) -> 0 | AG22: =IF(E22="C2",L22,IF(E22="D2",L22,IF(E22="H1",L22,IF(E22="H2",L22,IF(E22="I1",L22,IF(E22="I2",L22,IF(E22="J4",-L22,IF(E22="K4",-L22,0)))))))) -> 24997100 | AH22: =IF(E22="L2",L22,IF(E22="L3",L22,IF(E22="M2",L22,IF(E22="M3",L22,IF(E22="M5",L22,IF(E22="N1",L22,IF(E22="N2",L22,0))))))) -> 0 | AI22: =AB22 -> 10 | AJ22: =IF(AI22="","",VLOOKUP(AI22,Nama_Buku,2)) -> BUKU PEMBANTU PAJAK UP & LS | AK22: =AVERAGE(AG22+AH22) -> 24997100 | AL22: 2 | AM22: =IF(AL22="","",VLOOKUP(AL22,Nama_Buku,2)) -> BUKU PEMBANTU KAS TUNAI | AN22: =IF(E22="G1",L22,IF(E22="J4",L22,IF(E22="K4",L22,IF(E22="M1",L22,0)))) -> 0 | AO22: =AL22 -> 2 | AP22: =IF(AO22="","",VLOOKUP(AO22,Nama_Buku,2)) -> BUKU PEMBANTU KAS TUNAI | AQ22: =IF(E22="G2",L22,IF(E22="H1",L22,IF(E22="I1",L22,IF(E22="J1",L22,IF(E22="K1",L22,IF(E22="L2",L22,IF(E22="M2",L22,IF(E22="N1",L22,0)))))))) -> 0 | AR22: 3 | AS22: =IF(AR22="","",VLOOKUP(AR22,Nama_Buku,2)) -> BUKU PEMBANTU BANK | AT22: =IF(E22="B",L22,IF(E22="C1",L22,IF(E22="D1",L22,IF(E22="G2",L22,IF(E22="L1",L22,IF(E22="L4",L22,IF(E22="R2",L22,IF(E22="L7",L22,0)))))))) -> 0 | AU22: =IF(E22="C2",L22,IF(E22="D2",L22,IF(E22="G1",L22,IF(E22="H2",L22,IF(E22="I2",L22,IF(E22="J2",L22,IF(E22="K2",L22,IF(E22="L3",L22,IF(E22="L5",L22,IF(E22="L6",L22,0)))))))))) -> 24997100 | AV22: =IF(E22="M3",L22,IF(E22="N2",L22,IF(E22="M9",L22,0))) -> 0 | AW22: =AR22 -> 3 | AX22: =IF(AW22="","",VLOOKUP(AW22,Nama_Buku,2)) -> BUKU PEMBANTU BANK | AY22: =AVERAGE(AU22+AV22) -> 24997100 | AZ22: 4 | BA22: =IF(AZ22="","",VLOOKUP(AZ22,Nama_Buku,2)) -> BUKU PEMBANTU BPP | BB22: =IF(E22="J1",L22,IF(E22="J2",L22,IF(E22="M4",L22,0))) -> 0 | BC22: =AZ22 -> 4 | BD22: =IF(BC22="","",VLOOKUP(BC22,Nama_Buku,2)) -> BUKU PEMBANTU BPP | BE22: =IF(E22="J3",L22,IF(E22="J4",L22,IF(E22="M5",L22,0))) -> 0 | BF22: 5 | BG22: =IF(BF22="","",VLOOKUP(BF22,Nama_Buku,2)) -> BUKU PEMBANTU UANG PERSEDIAAN | BH22: =IF(E22="B",L22,IF(E22="D1",L22,0)) -> 0 | BI22: =BF22 -> 5 | BJ22: =IF(BI22="","",VLOOKUP(BI22,Nama_Buku,2)) -> BUKU PEMBANTU UANG PERSEDIAAN | BK22: =IF(E22="D2",L22,IF(E22="H1",L22,IF(E22="H2",L22,IF(E22="J3",L22,IF(E22="K3",L22,IF(E22="N1",L22,IF(E22="N2",L22,0))))))) -> 0 | BL22: 6 | BM22: =IF(BL22="","",VLOOKUP(BL22,Nama_Buku,2)) -> BUKU PEMBANTU LS BENDAHARA | BN22: =IF(E22="C1",L22,IF(E22="C1",L22,IF(E22="R2",L22,IF(E22="L7",L22,0)))) -> 0 | BO22: =BL22 -> 6 | BP22: =IF(BO22="","",VLOOKUP(BO22,Nama_Buku,2)) -> BUKU PEMBANTU LS BENDAHARA | BQ22: =IF(E22="C2",L22,IF(E22="I1",L22,IF(E22="I2",L22,IF(E22="M9",L22,IF(E22="M3",L22,IF(E22="K3",L22,IF(E22="R1",L22,IF(E22="L6",L22,0)))))))) -> 24997100 | BR22: 7 | BS22: =IF(BR22="","",VLOOKUP(BR22,Nama_Buku,2)) -> BUKU PEMBANTU UANG MUKA PERJADIN | BT22: =IF(E22="K1",L22,IF(E22="K2",L22,0)) -> 0 | BU22: =BR22 -> 7 | BV22: =IF(BU22="","",VLOOKUP(BU22,Nama_Buku,2)) -> BUKU PEMBANTU UANG MUKA PERJADIN | BW22: =IF(E22="K3",L22,IF(E22="K4",L22,0)) -> 0 | BX22: 8 | BY22: =IF(BX22="","",VLOOKUP(BX22,Nama_Buku,2)) -> BUKU PEMBANTU PAJAK UP | BZ22: =IF(E22="M1",L22,IF(E22="M4",L22,IF(E22="M8",L22,0))) -> 0 | CA22: =BX22 -> 8 | CB22: =IF(CA22="","",VLOOKUP(CA22,Nama_Buku,2)) -> BUKU PEMBANTU PAJAK UP | CC22: =IF(E22="M2",L22,IF(E22="M3",L22,IF(E22="M5",L22,0))) -> 0 | CD22: 9 | CE22: =IF(CD22="","",VLOOKUP(CD22,Nama_Buku,2)) -> BUKU PEMBANTU BUNGA REKENING | CF22: =IF(E22="L1",L22,IF(E22="R1",L22,0)) -> 0 | CG22: =CD22 -> 9 | CH22: =IF(CG22="","",VLOOKUP(CG22,Nama_Buku,2)) -> BUKU PEMBANTU BUNGA REKENING | CI22: =IF(E22="L2",L22,IF(E22="L3",L22,0)) -> 0 | CJ22: 10 | CK22: =IF(CJ22="","",VLOOKUP(CJ22,Nama_Buku,2)) -> BUKU PEMBANTU PAJAK UP & LS | CL22: =IF(E22="M1",L22,IF(E22="M4",L22,IF(E22="M6",L22,IF(E22="M8",L22,0)))) -> 0 | CM22: =CJ22 -> 10 | CN22: =IF(CM22="","",VLOOKUP(CM22,Nama_Buku,2)) -> BUKU PEMBANTU PAJAK UP & LS | CO22: =IF(E22="M2",L22,IF(E22="M3",L22,IF(E22="M5",L22,IF(E22="M7",L22,IF(E22="M9",L22,0))))) -> 0 | CP22: =IF(E22="H1",L22,IF(E22="H2",L22,IF(E22="J3",L22,IF(E22="K3",L22,0)))) -> 0 | CQ22: =IF(E22="H1",M22,IF(E22="H2",M22,IF(E22="J3",M22,0))) -> 0 | CR22: =IF(E22="H1",N22,IF(E22="H2",N22,IF(E22="J3",N22,0))) -> 0 | CS22: 11 | CT22: =IF(CS22="","",VLOOKUP(CS22,Nama_Buku,2)) -> BUKU PENGESAHAN BELANJA | CU22: =IF(E22="C2",L22,IF(E22="I1",L22,IF(E22="I2",L22,IF(E22="K3",L22,IF(E22="M3",L22,IF(E22="M9",L22,0)))))) -> 24997100 | CV22: =CS22 -> 11 | CW22: =IF(CV22="","",VLOOKUP(CV22,Nama_Buku,2)) -> BUKU PENGESAHAN BELANJA | CX22: =IF(E22="C3",L22,0) -> 0 | CY22: 12 | CZ22: =IF(CY22="","",VLOOKUP(CY22,Nama_Buku,2)) -> BUKU PENGEMBALIAN BELANJA | DA22: =IF(E22="L4",L22,IF(E22="R2",L22,0)) -> 0 | DB22: =CY22 -> 12 | DC22: =IF(DB22="","",VLOOKUP(DB22,Nama_Buku,2)) -> BUKU PENGEMBALIAN BELANJA | DD22: =IF(E22="L5",L22,IF(E22="L5",L22,0)) -> 0
A23: 013 | C23: 46051 | D23: ="2026."&A23 -> 2026.013 | E23: I2 | F23: Pembayaran Belanja Barang Pekerjaan Pemotongan Rumput Sisi Udara Tahap I : 1 (Satu) Paket | H23: CV. GARUDA KARYA BERSAMA | L23: 173661169 | O23: =IF(E23="A",L23,IF(E23="B",L23,IF(E23="C1",L23,IF(E23="D1",L23,IF(E23="E",L23,IF(E23="F",L23,IF(E23="G1",L23,IF(E23="G2",L23,IF(E23="R1",L23,IF(E23="L4",L23,IF(E23="R2",L23,IF(E23="l7",L23,0)))))))))))) -> 0 | P23: =IF(E23="J1",L23,IF(E23="J2",L23,IF(E23="J4",L23,IF(E23="K1",L23,IF(E23="K2",L23,IF(E23="K4",L23,IF(E23="L1",L23,IF(E23="M1",L23,IF(E23="M6",L23,IF(E23="M6",L23,0)))))))))) -> 0 | Q23: =IF(E23="M4",L23,0) -> 0 | R23: 1 | S23: =IF(R23="","",VLOOKUP(R23,Nama_Buku,2)) -> BUKU KAS UMUM | T23: =AVERAGE(O23+P23+Q23) -> 0 | U23: =IF(E23="A",L23,IF(E23="C2",L23,IF(E23="D2",L23,IF(E23="E",L23,IF(E23="F",L23,IF(E23="G1",L23,IF(E23="G2",L23,IF(E23="H1",L23,IF(E23="R1",L23,0))))))))) -> 0 | V23: =IF(E23="H2",L23,IF(E23="I1",L23,IF(E23="I2",L23,IF(E23="J1",L23,IF(E23="J2",L23,IF(E23="J3",L23,IF(E23="J4",L23,IF(E23="K1",L23,0)))))))) -> 173661169 | W23: =IF(E23="K2",L23,IF(E23="K3",L23,IF(E23="K4",L23,IF(E23="L2",L23,IF(E23="L3",L23,IF(E23="M2",L23,IF(E23="M3",L23,IF(E23="M7",L23,IF(E23="L5",L23,IF(E23="L6",L23,0)))))))))) -> 0 | X23: =IF(E23="N1",L23,IF(E23="N2",L23,0)) -> 0 | Y23: =R23 -> 1 | Z23: =IF(Y23="","",VLOOKUP(Y23,Nama_Buku,2)) -> BUKU KAS UMUM | AA23: =AVERAGE(U23+V23+W23+X23) -> 173661169 | AB23: 10 | AC23: =IF(AB23="","",VLOOKUP(AB23,Nama_Buku,2)) -> BUKU PEMBANTU PAJAK UP & LS | AD23: =IF(E23="B",L23,IF(E23="C1",L23,IF(E23="D1",L23,IF(E23="J1",-L23,IF(E23="J2",-L23,IF(E23="L1",L23,IF(E23="M1",L23,IF(E23="M4",L23,IF(E23="M8",L23,IF(E23="R2",L23,0)))))))))) -> 0 | AE23: =IF(E23="K1",-L23,IF(E23="K2",-L23,)) -> 0 | AF23: =AVERAGE(AD23+AE23) -> 0 | AG23: =IF(E23="C2",L23,IF(E23="D2",L23,IF(E23="H1",L23,IF(E23="H2",L23,IF(E23="I1",L23,IF(E23="I2",L23,IF(E23="J4",-L23,IF(E23="K4",-L23,0)))))))) -> 173661169 | AH23: =IF(E23="L2",L23,IF(E23="L3",L23,IF(E23="M2",L23,IF(E23="M3",L23,IF(E23="M5",L23,IF(E23="N1",L23,IF(E23="N2",L23,0))))))) -> 0 | AI23: =AB23 -> 10 | AJ23: =IF(AI23="","",VLOOKUP(AI23,Nama_Buku,2)) -> BUKU PEMBANTU PAJAK UP & LS | AK23: =AVERAGE(AG23+AH23) -> 173661169 | AL23: 2 | AM23: =IF(AL23="","",VLOOKUP(AL23,Nama_Buku,2)) -> BUKU PEMBANTU KAS TUNAI | AN23: =IF(E23="G1",L23,IF(E23="J4",L23,IF(E23="K4",L23,IF(E23="M1",L23,0)))) -> 0 | AO23: =AL23 -> 2 | AP23: =IF(AO23="","",VLOOKUP(AO23,Nama_Buku,2)) -> BUKU PEMBANTU KAS TUNAI | AQ23: =IF(E23="G2",L23,IF(E23="H1",L23,IF(E23="I1",L23,IF(E23="J1",L23,IF(E23="K1",L23,IF(E23="L2",L23,IF(E23="M2",L23,IF(E23="N1",L23,0)))))))) -> 0 | AR23: 3 | AS23: =IF(AR23="","",VLOOKUP(AR23,Nama_Buku,2)) -> BUKU PEMBANTU BANK | AT23: =IF(E23="B",L23,IF(E23="C1",L23,IF(E23="D1",L23,IF(E23="G2",L23,IF(E23="L1",L23,IF(E23="L4",L23,IF(E23="R2",L23,IF(E23="L7",L23,0)))))))) -> 0 | AU23: =IF(E23="C2",L23,IF(E23="D2",L23,IF(E23="G1",L23,IF(E23="H2",L23,IF(E23="I2",L23,IF(E23="J2",L23,IF(E23="K2",L23,IF(E23="L3",L23,IF(E23="L5",L23,IF(E23="L6",L23,0)))))))))) -> 173661169 | AV23: =IF(E23="M3",L23,IF(E23="N2",L23,IF(E23="M9",L23,0))) -> 0 | AW23: =AR23 -> 3 | AX23: =IF(AW23="","",VLOOKUP(AW23,Nama_Buku,2)) -> BUKU PEMBANTU BANK | AY23: =AVERAGE(AU23+AV23) -> 173661169 | AZ23: 4 | BA23: =IF(AZ23="","",VLOOKUP(AZ23,Nama_Buku,2)) -> BUKU PEMBANTU BPP | BB23: =IF(E23="J1",L23,IF(E23="J2",L23,IF(E23="M4",L23,0))) -> 0 | BC23: =AZ23 -> 4 | BD23: =IF(BC23="","",VLOOKUP(BC23,Nama_Buku,2)) -> BUKU PEMBANTU BPP | BE23: =IF(E23="J3",L23,IF(E23="J4",L23,IF(E23="M5",L23,0))) -> 0 | BF23: 5 | BG23: =IF(BF23="","",VLOOKUP(BF23,Nama_Buku,2)) -> BUKU PEMBANTU UANG PERSEDIAAN | BH23: =IF(E23="B",L23,IF(E23="D1",L23,0)) -> 0 | BI23: =BF23 -> 5 | BJ23: =IF(BI23="","",VLOOKUP(BI23,Nama_Buku,2)) -> BUKU PEMBANTU UANG PERSEDIAAN | BK23: =IF(E23="D2",L23,IF(E23="H1",L23,IF(E23="H2",L23,IF(E23="J3",L23,IF(E23="K3",L23,IF(E23="N1",L23,IF(E23="N2",L23,0))))))) -> 0 | BL23: 6 | BM23: =IF(BL23="","",VLOOKUP(BL23,Nama_Buku,2)) -> BUKU PEMBANTU LS BENDAHARA | BN23: =IF(E23="C1",L23,IF(E23="C1",L23,IF(E23="R2",L23,IF(E23="L7",L23,0)))) -> 0 | BO23: =BL23 -> 6 | BP23: =IF(BO23="","",VLOOKUP(BO23,Nama_Buku,2)) -> BUKU PEMBANTU LS BENDAHARA | BQ23: =IF(E23="C2",L23,IF(E23="I1",L23,IF(E23="I2",L23,IF(E23="M9",L23,IF(E23="M3",L23,IF(E23="K3",L23,IF(E23="R1",L23,IF(E23="L6",L23,0)))))))) -> 173661169 | BR23: 7 | BS23: =IF(BR23="","",VLOOKUP(BR23,Nama_Buku,2)) -> BUKU PEMBANTU UANG MUKA PERJADIN | BT23: =IF(E23="K1",L23,IF(E23="K2",L23,0)) -> 0 | BU23: =BR23 -> 7 | BV23: =IF(BU23="","",VLOOKUP(BU23,Nama_Buku,2)) -> BUKU PEMBANTU UANG MUKA PERJADIN | BW23: =IF(E23="K3",L23,IF(E23="K4",L23,0)) -> 0 | BX23: 8 | BY23: =IF(BX23="","",VLOOKUP(BX23,Nama_Buku,2)) -> BUKU PEMBANTU PAJAK UP | BZ23: =IF(E23="M1",L23,IF(E23="M4",L23,IF(E23="M8",L23,0))) -> 0 | CA23: =BX23 -> 8 | CB23: =IF(CA23="","",VLOOKUP(CA23,Nama_Buku,2)) -> BUKU PEMBANTU PAJAK UP | CC23: =IF(E23="M2",L23,IF(E23="M3",L23,IF(E23="M5",L23,0))) -> 0 | CD23: 9 | CE23: =IF(CD23="","",VLOOKUP(CD23,Nama_Buku,2)) -> BUKU PEMBANTU BUNGA REKENING | CF23: =IF(E23="L1",L23,IF(E23="R1",L23,0)) -> 0 | CG23: =CD23 -> 9 | CH23: =IF(CG23="","",VLOOKUP(CG23,Nama_Buku,2)) -> BUKU PEMBANTU BUNGA REKENING | CI23: =IF(E23="L2",L23,IF(E23="L3",L23,0)) -> 0 | CJ23: 10 | CK23: =IF(CJ23="","",VLOOKUP(CJ23,Nama_Buku,2)) -> BUKU PEMBANTU PAJAK UP & LS | CL23: =IF(E23="M1",L23,IF(E23="M4",L23,IF(E23="M6",L23,IF(E23="M8",L23,0)))) -> 0 | CM23: =CJ23 -> 10 | CN23: =IF(CM23="","",VLOOKUP(CM23,Nama_Buku,2)) -> BUKU PEMBANTU PAJAK UP & LS | CO23: =IF(E23="M2",L23,IF(E23="M3",L23,IF(E23="M5",L23,IF(E23="M7",L23,IF(E23="M9",L23,0))))) -> 0 | CP23: =IF(E23="H1",L23,IF(E23="H2",L23,IF(E23="J3",L23,IF(E23="K3",L23,0)))) -> 0 | CQ23: =IF(E23="H1",M23,IF(E23="H2",M23,IF(E23="J3",M23,0))) -> 0 | CR23: =IF(E23="H1",N23,IF(E23="H2",N23,IF(E23="J3",N23,0))) -> 0 | CS23: 11 | CT23: =IF(CS23="","",VLOOKUP(CS23,Nama_Buku,2)) -> BUKU PENGESAHAN BELANJA | CU23: =IF(E23="C2",L23,IF(E23="I1",L23,IF(E23="I2",L23,IF(E23="K3",L23,IF(E23="M3",L23,IF(E23="M9",L23,0)))))) -> 173661169 | CV23: =CS23 -> 11 | CW23: =IF(CV23="","",VLOOKUP(CV23,Nama_Buku,2)) -> BUKU PENGESAHAN BELANJA | CX23: =IF(E23="C3",L23,0) -> 0 | CY23: 12 | CZ23: =IF(CY23="","",VLOOKUP(CY23,Nama_Buku,2)) -> BUKU PENGEMBALIAN BELANJA | DA23: =IF(E23="L4",L23,IF(E23="R2",L23,0)) -> 0 | DB23: =CY23 -> 12 | DC23: =IF(DB23="","",VLOOKUP(DB23,Nama_Buku,2)) -> BUKU PENGEMBALIAN BELANJA | DD23: =IF(E23="L5",L23,IF(E23="L5",L23,0)) -> 0
A24: 014 | C24: 46051 | D24: ="2026."&A24 -> 2026.014 | E24: M8 | F24: Pungut Pajak Belanja Barang Pekerjaan Pemotongan Rumput Sisi Udara Tahap I : 1 (Satu) Paket | H24: CV. GARUDA KARYA BERSAMA | K24: PPN | L24: 19492580 | M24: PPN | O24: =IF(E24="A",L24,IF(E24="B",L24,IF(E24="C1",L24,IF(E24="D1",L24,IF(E24="E",L24,IF(E24="F",L24,IF(E24="G1",L24,IF(E24="G2",L24,IF(E24="R1",L24,IF(E24="L4",L24,IF(E24="R2",L24,IF(E24="l7",L24,0)))))))))))) -> 0 | P24: =IF(E24="J1",L24,IF(E24="J2",L24,IF(E24="J4",L24,IF(E24="K1",L24,IF(E24="K2",L24,IF(E24="K4",L24,IF(E24="L1",L24,IF(E24="M1",L24,IF(E24="M6",L24,IF(E24="M6",L24,0)))))))))) -> 0 | Q24: =IF(E24="M4",L24,0) -> 0 | R24: 1 | S24: =IF(R24="","",VLOOKUP(R24,Nama_Buku,2)) -> BUKU KAS UMUM | T24: =AVERAGE(O24+P24+Q24) -> 0 | U24: =IF(E24="A",L24,IF(E24="C2",L24,IF(E24="D2",L24,IF(E24="E",L24,IF(E24="F",L24,IF(E24="G1",L24,IF(E24="G2",L24,IF(E24="H1",L24,IF(E24="R1",L24,0))))))))) -> 0 | V24: =IF(E24="H2",L24,IF(E24="I1",L24,IF(E24="I2",L24,IF(E24="J1",L24,IF(E24="J2",L24,IF(E24="J3",L24,IF(E24="J4",L24,IF(E24="K1",L24,0)))))))) -> 0 | W24: =IF(E24="K2",L24,IF(E24="K3",L24,IF(E24="K4",L24,IF(E24="L2",L24,IF(E24="L3",L24,IF(E24="M2",L24,IF(E24="M3",L24,IF(E24="M7",L24,IF(E24="L5",L24,IF(E24="L6",L24,0)))))))))) -> 0 | X24: =IF(E24="N1",L24,IF(E24="N2",L24,0)) -> 0 | Y24: =R24 -> 1 | Z24: =IF(Y24="","",VLOOKUP(Y24,Nama_Buku,2)) -> BUKU KAS UMUM | AA24: =AVERAGE(U24+V24+W24+X24) -> 0 | AB24: 10 | AC24: =IF(AB24="","",VLOOKUP(AB24,Nama_Buku,2)) -> BUKU PEMBANTU PAJAK UP & LS | AD24: =IF(E24="B",L24,IF(E24="C1",L24,IF(E24="D1",L24,IF(E24="J1",-L24,IF(E24="J2",-L24,IF(E24="L1",L24,IF(E24="M1",L24,IF(E24="M4",L24,IF(E24="M8",L24,IF(E24="R2",L24,0)))))))))) -> 19492580 | AE24: =IF(E24="K1",-L24,IF(E24="K2",-L24,)) -> 0 | AF24: =AVERAGE(AD24+AE24) -> 19492580 | AG24: =IF(E24="C2",L24,IF(E24="D2",L24,IF(E24="H1",L24,IF(E24="H2",L24,IF(E24="I1",L24,IF(E24="I2",L24,IF(E24="J4",-L24,IF(E24="K4",-L24,0)))))))) -> 0 | AH24: =IF(E24="L2",L24,IF(E24="L3",L24,IF(E24="M2",L24,IF(E24="M3",L24,IF(E24="M5",L24,IF(E24="N1",L24,IF(E24="N2",L24,0))))))) -> 0 | AI24: =AB24 -> 10 | AJ24: =IF(AI24="","",VLOOKUP(AI24,Nama_Buku,2)) -> BUKU PEMBANTU PAJAK UP & LS | AK24: =AVERAGE(AG24+AH24) -> 0 | AL24: 2 | AM24: =IF(AL24="","",VLOOKUP(AL24,Nama_Buku,2)) -> BUKU PEMBANTU KAS TUNAI | AN24: =IF(E24="G1",L24,IF(E24="J4",L24,IF(E24="K4",L24,IF(E24="M1",L24,0)))) -> 0 | AO24: =AL24 -> 2 | AP24: =IF(AO24="","",VLOOKUP(AO24,Nama_Buku,2)) -> BUKU PEMBANTU KAS TUNAI | AQ24: =IF(E24="G2",L24,IF(E24="H1",L24,IF(E24="I1",L24,IF(E24="J1",L24,IF(E24="K1",L24,IF(E24="L2",L24,IF(E24="M2",L24,IF(E24="N1",L24,0)))))))) -> 0 | AR24: 3 | AS24: =IF(AR24="","",VLOOKUP(AR24,Nama_Buku,2)) -> BUKU PEMBANTU BANK | AT24: =IF(E24="B",L24,IF(E24="C1",L24,IF(E24="D1",L24,IF(E24="G2",L24,IF(E24="L1",L24,IF(E24="L4",L24,IF(E24="R2",L24,IF(E24="L7",L24,0)))))))) -> 0 | AU24: =IF(E24="C2",L24,IF(E24="D2",L24,IF(E24="G1",L24,IF(E24="H2",L24,IF(E24="I2",L24,IF(E24="J2",L24,IF(E24="K2",L24,IF(E24="L3",L24,IF(E24="L5",L24,IF(E24="L6",L24,0)))))))))) -> 0 | AV24: =IF(E24="M3",L24,IF(E24="N2",L24,IF(E24="M9",L24,0))) -> 0 | AW24: =AR24 -> 3 | AX24: =IF(AW24="","",VLOOKUP(AW24,Nama_Buku,2)) -> BUKU PEMBANTU BANK | AY24: =AVERAGE(AU24+AV24) -> 0 | AZ24: 4 | BA24: =IF(AZ24="","",VLOOKUP(AZ24,Nama_Buku,2)) -> BUKU PEMBANTU BPP | BB24: =IF(E24="J1",L24,IF(E24="J2",L24,IF(E24="M4",L24,0))) -> 0 | BC24: =AZ24 -> 4 | BD24: =IF(BC24="","",VLOOKUP(BC24,Nama_Buku,2)) -> BUKU PEMBANTU BPP | BE24: =IF(E24="J3",L24,IF(E24="J4",L24,IF(E24="M5",L24,0))) -> 0 | BF24: 5 | BG24: =IF(BF24="","",VLOOKUP(BF24,Nama_Buku,2)) -> BUKU PEMBANTU UANG PERSEDIAAN | BH24: =IF(E24="B",L24,IF(E24="D1",L24,0)) -> 0 | BI24: =BF24 -> 5 | BJ24: =IF(BI24="","",VLOOKUP(BI24,Nama_Buku,2)) -> BUKU PEMBANTU UANG PERSEDIAAN | BK24: =IF(E24="D2",L24,IF(E24="H1",L24,IF(E24="H2",L24,IF(E24="J3",L24,IF(E24="K3",L24,IF(E24="N1",L24,IF(E24="N2",L24,0))))))) -> 0 | BL24: 6 | BM24: =IF(BL24="","",VLOOKUP(BL24,Nama_Buku,2)) -> BUKU PEMBANTU LS BENDAHARA | BN24: =IF(E24="C1",L24,IF(E24="C1",L24,IF(E24="R2",L24,IF(E24="L7",L24,0)))) -> 0 | BO24: =BL24 -> 6 | BP24: =IF(BO24="","",VLOOKUP(BO24,Nama_Buku,2)) -> BUKU PEMBANTU LS BENDAHARA | BQ24: =IF(E24="C2",L24,IF(E24="I1",L24,IF(E24="I2",L24,IF(E24="M9",L24,IF(E24="M3",L24,IF(E24="K3",L24,IF(E24="R1",L24,IF(E24="L6",L24,0)))))))) -> 0 | BR24: 7 | BS24: =IF(BR24="","",VLOOKUP(BR24,Nama_Buku,2)) -> BUKU PEMBANTU UANG MUKA PERJADIN | BT24: =IF(E24="K1",L24,IF(E24="K2",L24,0)) -> 0 | BU24: =BR24 -> 7 | BV24: =IF(BU24="","",VLOOKUP(BU24,Nama_Buku,2)) -> BUKU PEMBANTU UANG MUKA PERJADIN | BW24: =IF(E24="K3",L24,IF(E24="K4",L24,0)) -> 0 | BX24: 8 | BY24: =IF(BX24="","",VLOOKUP(BX24,Nama_Buku,2)) -> BUKU PEMBANTU PAJAK UP | BZ24: =IF(E24="M1",L24,IF(E24="M4",L24,IF(E24="M8",L24,0))) -> 19492580 | CA24: =BX24 -> 8 | CB24: =IF(CA24="","",VLOOKUP(CA24,Nama_Buku,2)) -> BUKU PEMBANTU PAJAK UP | CC24: =IF(E24="M2",L24,IF(E24="M3",L24,IF(E24="M5",L24,0))) -> 0 | CD24: 9 | CE24: =IF(CD24="","",VLOOKUP(CD24,Nama_Buku,2)) -> BUKU PEMBANTU BUNGA REKENING | CF24: =IF(E24="L1",L24,IF(E24="R1",L24,0)) -> 0 | CG24: =CD24 -> 9 | CH24: =IF(CG24="","",VLOOKUP(CG24,Nama_Buku,2)) -> BUKU PEMBANTU BUNGA REKENING | CI24: =IF(E24="L2",L24,IF(E24="L3",L24,0)) -> 0 | CJ24: 10 | CK24: =IF(CJ24="","",VLOOKUP(CJ24,Nama_Buku,2)) -> BUKU PEMBANTU PAJAK UP & LS | CL24: =IF(E24="M1",L24,IF(E24="M4",L24,IF(E24="M6",L24,IF(E24="M8",L24,0)))) -> 19492580 | CM24: =CJ24 -> 10 | CN24: =IF(CM24="","",VLOOKUP(CM24,Nama_Buku,2)) -> BUKU PEMBANTU PAJAK UP & LS | CO24: =IF(E24="M2",L24,IF(E24="M3",L24,IF(E24="M5",L24,IF(E24="M7",L24,IF(E24="M9",L24,0))))) -> 0 | CP24: =IF(E24="H1",L24,IF(E24="H2",L24,IF(E24="J3",L24,IF(E24="K3",L24,0)))) -> 0 | CQ24: =IF(E24="H1",M24,IF(E24="H2",M24,IF(E24="J3",M24,0))) -> 0 | CR24: =IF(E24="H1",N24,IF(E24="H2",N24,IF(E24="J3",N24,0))) -> 0 | CS24: 11 | CT24: =IF(CS24="","",VLOOKUP(CS24,Nama_Buku,2)) -> BUKU PENGESAHAN BELANJA | CU24: =IF(E24="C2",L24,IF(E24="I1",L24,IF(E24="I2",L24,IF(E24="K3",L24,IF(E24="M3",L24,IF(E24="M9",L24,0)))))) -> 0 | CV24: =CS24 -> 11 | CW24: =IF(CV24="","",VLOOKUP(CV24,Nama_Buku,2)) -> BUKU PENGESAHAN BELANJA | CX24: =IF(E24="C3",L24,0) -> 0 | CY24: 12 | CZ24: =IF(CY24="","",VLOOKUP(CY24,Nama_Buku,2)) -> BUKU PENGEMBALIAN BELANJA | DA24: =IF(E24="L4",L24,IF(E24="R2",L24,0)) -> 0 | DB24: =CY24 -> 12 | DC24: =IF(DB24="","",VLOOKUP(DB24,Nama_Buku,2)) -> BUKU PENGEMBALIAN BELANJA | DD24: =IF(E24="L5",L24,IF(E24="L5",L24,0)) -> 0
A25: 015 | C25: 46051 | D25: ="2026."&A25 -> 2026.015 | E25: M3 | F25: Setor Pajak Belanja Barang Pekerjaan Pemotongan Rumput Sisi Udara Tahap I : 1 (Satu) Paket | H25: CV. GARUDA KARYA BERSAMA | K25: PPN | L25: 19492580 | M25: PPN | O25: =IF(E25="A",L25,IF(E25="B",L25,IF(E25="C1",L25,IF(E25="D1",L25,IF(E25="E",L25,IF(E25="F",L25,IF(E25="G1",L25,IF(E25="G2",L25,IF(E25="R1",L25,IF(E25="L4",L25,IF(E25="R2",L25,IF(E25="l7",L25,0)))))))))))) -> 0 | P25: =IF(E25="J1",L25,IF(E25="J2",L25,IF(E25="J4",L25,IF(E25="K1",L25,IF(E25="K2",L25,IF(E25="K4",L25,IF(E25="L1",L25,IF(E25="M1",L25,IF(E25="M6",L25,IF(E25="M6",L25,0)))))))))) -> 0 | Q25: =IF(E25="M4",L25,0) -> 0 | R25: 1 | S25: =IF(R25="","",VLOOKUP(R25,Nama_Buku,2)) -> BUKU KAS UMUM | T25: =AVERAGE(O25+P25+Q25) -> 0 | U25: =IF(E25="A",L25,IF(E25="C2",L25,IF(E25="D2",L25,IF(E25="E",L25,IF(E25="F",L25,IF(E25="G1",L25,IF(E25="G2",L25,IF(E25="H1",L25,IF(E25="R1",L25,0))))))))) -> 0 | V25: =IF(E25="H2",L25,IF(E25="I1",L25,IF(E25="I2",L25,IF(E25="J1",L25,IF(E25="J2",L25,IF(E25="J3",L25,IF(E25="J4",L25,IF(E25="K1",L25,0)))))))) -> 0 | W25: =IF(E25="K2",L25,IF(E25="K3",L25,IF(E25="K4",L25,IF(E25="L2",L25,IF(E25="L3",L25,IF(E25="M2",L25,IF(E25="M3",L25,IF(E25="M7",L25,IF(E25="L5",L25,IF(E25="L6",L25,0)))))))))) -> 19492580 | X25: =IF(E25="N1",L25,IF(E25="N2",L25,0)) -> 0 | Y25: =R25 -> 1 | Z25: =IF(Y25="","",VLOOKUP(Y25,Nama_Buku,2)) -> BUKU KAS UMUM | AA25: =AVERAGE(U25+V25+W25+X25) -> 19492580 | AB25: 10 | AC25: =IF(AB25="","",VLOOKUP(AB25,Nama_Buku,2)) -> BUKU PEMBANTU PAJAK UP & LS | AD25: =IF(E25="B",L25,IF(E25="C1",L25,IF(E25="D1",L25,IF(E25="J1",-L25,IF(E25="J2",-L25,IF(E25="L1",L25,IF(E25="M1",L25,IF(E25="M4",L25,IF(E25="M8",L25,IF(E25="R2",L25,0)))))))))) -> 0 | AE25: =IF(E25="K1",-L25,IF(E25="K2",-L25,)) -> 0 | AF25: =AVERAGE(AD25+AE25) -> 0 | AG25: =IF(E25="C2",L25,IF(E25="D2",L25,IF(E25="H1",L25,IF(E25="H2",L25,IF(E25="I1",L25,IF(E25="I2",L25,IF(E25="J4",-L25,IF(E25="K4",-L25,0)))))))) -> 0 | AH25: =IF(E25="L2",L25,IF(E25="L3",L25,IF(E25="M2",L25,IF(E25="M3",L25,IF(E25="M5",L25,IF(E25="N1",L25,IF(E25="N2",L25,0))))))) -> 19492580 | AI25: =AB25 -> 10 | AJ25: =IF(AI25="","",VLOOKUP(AI25,Nama_Buku,2)) -> BUKU PEMBANTU PAJAK UP & LS | AK25: =AVERAGE(AG25+AH25) -> 19492580 | AL25: 2 | AM25: =IF(AL25="","",VLOOKUP(AL25,Nama_Buku,2)) -> BUKU PEMBANTU KAS TUNAI | AN25: =IF(E25="G1",L25,IF(E25="J4",L25,IF(E25="K4",L25,IF(E25="M1",L25,0)))) -> 0 | AO25: =AL25 -> 2 | AP25: =IF(AO25="","",VLOOKUP(AO25,Nama_Buku,2)) -> BUKU PEMBANTU KAS TUNAI | AQ25: =IF(E25="G2",L25,IF(E25="H1",L25,IF(E25="I1",L25,IF(E25="J1",L25,IF(E25="K1",L25,IF(E25="L2",L25,IF(E25="M2",L25,IF(E25="N1",L25,0)))))))) -> 0 | AR25: 3 | AS25: =IF(AR25="","",VLOOKUP(AR25,Nama_Buku,2)) -> BUKU PEMBANTU BANK | AT25: =IF(E25="B",L25,IF(E25="C1",L25,IF(E25="D1",L25,IF(E25="G2",L25,IF(E25="L1",L25,IF(E25="L4",L25,IF(E25="R2",L25,IF(E25="L7",L25,0)))))))) -> 0 | AU25: =IF(E25="C2",L25,IF(E25="D2",L25,IF(E25="G1",L25,IF(E25="H2",L25,IF(E25="I2",L25,IF(E25="J2",L25,IF(E25="K2",L25,IF(E25="L3",L25,IF(E25="L5",L25,IF(E25="L6",L25,0)))))))))) -> 0 | AV25: =IF(E25="M3",L25,IF(E25="N2",L25,IF(E25="M9",L25,0))) -> 19492580 | AW25: =AR25 -> 3 | AX25: =IF(AW25="","",VLOOKUP(AW25,Nama_Buku,2)) -> BUKU PEMBANTU BANK | AY25: =AVERAGE(AU25+AV25) -> 19492580 | AZ25: 4 | BA25: =IF(AZ25="","",VLOOKUP(AZ25,Nama_Buku,2)) -> BUKU PEMBANTU BPP | BB25: =IF(E25="J1",L25,IF(E25="J2",L25,IF(E25="M4",L25,0))) -> 0 | BC25: =AZ25 -> 4 | BD25: =IF(BC25="","",VLOOKUP(BC25,Nama_Buku,2)) -> BUKU PEMBANTU BPP | BE25: =IF(E25="J3",L25,IF(E25="J4",L25,IF(E25="M5",L25,0))) -> 0 | BF25: 5 | BG25: =IF(BF25="","",VLOOKUP(BF25,Nama_Buku,2)) -> BUKU PEMBANTU UANG PERSEDIAAN | BH25: =IF(E25="B",L25,IF(E25="D1",L25,0)) -> 0 | BI25: =BF25 -> 5 | BJ25: =IF(BI25="","",VLOOKUP(BI25,Nama_Buku,2)) -> BUKU PEMBANTU UANG PERSEDIAAN | BK25: =IF(E25="D2",L25,IF(E25="H1",L25,IF(E25="H2",L25,IF(E25="J3",L25,IF(E25="K3",L25,IF(E25="N1",L25,IF(E25="N2",L25,0))))))) -> 0 | BL25: 6 | BM25: =IF(BL25="","",VLOOKUP(BL25,Nama_Buku,2)) -> BUKU PEMBANTU LS BENDAHARA | BN25: =IF(E25="C1",L25,IF(E25="C1",L25,IF(E25="R2",L25,IF(E25="L7",L25,0)))) -> 0 | BO25: =BL25 -> 6 | BP25: =IF(BO25="","",VLOOKUP(BO25,Nama_Buku,2)) -> BUKU PEMBANTU LS BENDAHARA | BQ25: =IF(E25="C2",L25,IF(E25="I1",L25,IF(E25="I2",L25,IF(E25="M9",L25,IF(E25="M3",L25,IF(E25="K3",L25,IF(E25="R1",L25,IF(E25="L6",L25,0)))))))) -> 19492580 | BR25: 7 | BS25: =IF(BR25="","",VLOOKUP(BR25,Nama_Buku,2)) -> BUKU PEMBANTU UANG MUKA PERJADIN | BT25: =IF(E25="K1",L25,IF(E25="K2",L25,0)) -> 0 | BU25: =BR25 -> 7 | BV25: =IF(BU25="","",VLOOKUP(BU25,Nama_Buku,2)) -> BUKU PEMBANTU UANG MUKA PERJADIN | BW25: =IF(E25="K3",L25,IF(E25="K4",L25,0)) -> 0 | BX25: 8 | BY25: =IF(BX25="","",VLOOKUP(BX25,Nama_Buku,2)) -> BUKU PEMBANTU PAJAK UP | BZ25: =IF(E25="M1",L25,IF(E25="M4",L25,IF(E25="M8",L25,0))) -> 0 | CA25: =BX25 -> 8 | CB25: =IF(CA25="","",VLOOKUP(CA25,Nama_Buku,2)) -> BUKU PEMBANTU PAJAK UP | CC25: =IF(E25="M2",L25,IF(E25="M3",L25,IF(E25="M5",L25,0))) -> 19492580 | CD25: 9 | CE25: =IF(CD25="","",VLOOKUP(CD25,Nama_Buku,2)) -> BUKU PEMBANTU BUNGA REKENING | CF25: =IF(E25="L1",L25,IF(E25="R1",L25,0)) -> 0 | CG25: =CD25 -> 9 | CH25: =IF(CG25="","",VLOOKUP(CG25,Nama_Buku,2)) -> BUKU PEMBANTU BUNGA REKENING | CI25: =IF(E25="L2",L25,IF(E25="L3",L25,0)) -> 0 | CJ25: 10 | CK25: =IF(CJ25="","",VLOOKUP(CJ25,Nama_Buku,2)) -> BUKU PEMBANTU PAJAK UP & LS | CL25: =IF(E25="M1",L25,IF(E25="M4",L25,IF(E25="M6",L25,IF(E25="M8",L25,0)))) -> 0 | CM25: =CJ25 -> 10 | CN25: =IF(CM25="","",VLOOKUP(CM25,Nama_Buku,2)) -> BUKU PEMBANTU PAJAK UP & LS | CO25: =IF(E25="M2",L25,IF(E25="M3",L25,IF(E25="M5",L25,IF(E25="M7",L25,IF(E25="M9",L25,0))))) -> 19492580 | CP25: =IF(E25="H1",L25,IF(E25="H2",L25,IF(E25="J3",L25,IF(E25="K3",L25,0)))) -> 0 | CQ25: =IF(E25="H1",M25,IF(E25="H2",M25,IF(E25="J3",M25,0))) -> 0 | CR25: =IF(E25="H1",N25,IF(E25="H2",N25,IF(E25="J3",N25,0))) -> 0 | CS25: 11 | CT25: =IF(CS25="","",VLOOKUP(CS25,Nama_Buku,2)) -> BUKU PENGESAHAN BELANJA | CU25: =IF(E25="C2",L25,IF(E25="I1",L25,IF(E25="I2",L25,IF(E25="K3",L25,IF(E25="M3",L25,IF(E25="M9",L25,0)))))) -> 19492580 | CV25: =CS25 -> 11 | CW25: =IF(CV25="","",VLOOKUP(CV25,Nama_Buku,2)) -> BUKU PENGESAHAN BELANJA | CX25: =IF(E25="C3",L25,0) -> 0 | CY25: 12 | CZ25: =IF(CY25="","",VLOOKUP(CY25,Nama_Buku,2)) -> BUKU PENGEMBALIAN BELANJA | DA25: =IF(E25="L4",L25,IF(E25="R2",L25,0)) -> 0 | DB25: =CY25 -> 12 | DC25: =IF(DB25="","",VLOOKUP(DB25,Nama_Buku,2)) -> BUKU PENGEMBALIAN BELANJA | DD25: =IF(E25="L5",L25,IF(E25="L5",L25,0)) -> 0
A26: 016 | C26: 46051 | D26: ="2026."&A26 -> 2026.016 | E26: M8 | F26: Pungut Pajak Belanja Barang Pekerjaan Pemotongan Rumput Sisi Udara Tahap I : 1 (Satu) Paket | H26: CV. GARUDA KARYA BERSAMA | K26: PPh 23 | L26: 3544106 | N26: PPh 23 | O26: =IF(E26="A",L26,IF(E26="B",L26,IF(E26="C1",L26,IF(E26="D1",L26,IF(E26="E",L26,IF(E26="F",L26,IF(E26="G1",L26,IF(E26="G2",L26,IF(E26="R1",L26,IF(E26="L4",L26,IF(E26="R2",L26,IF(E26="l7",L26,0)))))))))))) -> 0 | P26: =IF(E26="J1",L26,IF(E26="J2",L26,IF(E26="J4",L26,IF(E26="K1",L26,IF(E26="K2",L26,IF(E26="K4",L26,IF(E26="L1",L26,IF(E26="M1",L26,IF(E26="M6",L26,IF(E26="M6",L26,0)))))))))) -> 0 | Q26: =IF(E26="M4",L26,0) -> 0 | R26: 1 | S26: =IF(R26="","",VLOOKUP(R26,Nama_Buku,2)) -> BUKU KAS UMUM | T26: =AVERAGE(O26+P26+Q26) -> 0 | U26: =IF(E26="A",L26,IF(E26="C2",L26,IF(E26="D2",L26,IF(E26="E",L26,IF(E26="F",L26,IF(E26="G1",L26,IF(E26="G2",L26,IF(E26="H1",L26,IF(E26="R1",L26,0))))))))) -> 0 | V26: =IF(E26="H2",L26,IF(E26="I1",L26,IF(E26="I2",L26,IF(E26="J1",L26,IF(E26="J2",L26,IF(E26="J3",L26,IF(E26="J4",L26,IF(E26="K1",L26,0)))))))) -> 0 | W26: =IF(E26="K2",L26,IF(E26="K3",L26,IF(E26="K4",L26,IF(E26="L2",L26,IF(E26="L3",L26,IF(E26="M2",L26,IF(E26="M3",L26,IF(E26="M7",L26,IF(E26="L5",L26,IF(E26="L6",L26,0)))))))))) -> 0 | X26: =IF(E26="N1",L26,IF(E26="N2",L26,0)) -> 0 | Y26: =R26 -> 1 | Z26: =IF(Y26="","",VLOOKUP(Y26,Nama_Buku,2)) -> BUKU KAS UMUM | AA26: =AVERAGE(U26+V26+W26+X26) -> 0 | AB26: 10 | AC26: =IF(AB26="","",VLOOKUP(AB26,Nama_Buku,2)) -> BUKU PEMBANTU PAJAK UP & LS | AD26: =IF(E26="B",L26,IF(E26="C1",L26,IF(E26="D1",L26,IF(E26="J1",-L26,IF(E26="J2",-L26,IF(E26="L1",L26,IF(E26="M1",L26,IF(E26="M4",L26,IF(E26="M8",L26,IF(E26="R2",L26,0)))))))))) -> 3544106 | AE26: =IF(E26="K1",-L26,IF(E26="K2",-L26,)) -> 0 | AF26: =AVERAGE(AD26+AE26) -> 3544106 | AG26: =IF(E26="C2",L26,IF(E26="D2",L26,IF(E26="H1",L26,IF(E26="H2",L26,IF(E26="I1",L26,IF(E26="I2",L26,IF(E26="J4",-L26,IF(E26="K4",-L26,0)))))))) -> 0 | AH26: =IF(E26="L2",L26,IF(E26="L3",L26,IF(E26="M2",L26,IF(E26="M3",L26,IF(E26="M5",L26,IF(E26="N1",L26,IF(E26="N2",L26,0))))))) -> 0 | AI26: =AB26 -> 10 | AJ26: =IF(AI26="","",VLOOKUP(AI26,Nama_Buku,2)) -> BUKU PEMBANTU PAJAK UP & LS | AK26: =AVERAGE(AG26+AH26) -> 0 | AL26: 2 | AM26: =IF(AL26="","",VLOOKUP(AL26,Nama_Buku,2)) -> BUKU PEMBANTU KAS TUNAI | AN26: =IF(E26="G1",L26,IF(E26="J4",L26,IF(E26="K4",L26,IF(E26="M1",L26,0)))) -> 0 | AO26: =AL26 -> 2 | AP26: =IF(AO26="","",VLOOKUP(AO26,Nama_Buku,2)) -> BUKU PEMBANTU KAS TUNAI | AQ26: =IF(E26="G2",L26,IF(E26="H1",L26,IF(E26="I1",L26,IF(E26="J1",L26,IF(E26="K1",L26,IF(E26="L2",L26,IF(E26="M2",L26,IF(E26="N1",L26,0)))))))) -> 0 | AR26: 3 | AS26: =IF(AR26="","",VLOOKUP(AR26,Nama_Buku,2)) -> BUKU PEMBANTU BANK | AT26: =IF(E26="B",L26,IF(E26="C1",L26,IF(E26="D1",L26,IF(E26="G2",L26,IF(E26="L1",L26,IF(E26="L4",L26,IF(E26="R2",L26,IF(E26="L7",L26,0)))))))) -> 0 | AU26: =IF(E26="C2",L26,IF(E26="D2",L26,IF(E26="G1",L26,IF(E26="H2",L26,IF(E26="I2",L26,IF(E26="J2",L26,IF(E26="K2",L26,IF(E26="L3",L26,IF(E26="L5",L26,IF(E26="L6",L26,0)))))))))) -> 0 | AV26: =IF(E26="M3",L26,IF(E26="N2",L26,IF(E26="M9",L26,0))) -> 0 | AW26: =AR26 -> 3 | AX26: =IF(AW26="","",VLOOKUP(AW26,Nama_Buku,2)) -> BUKU PEMBANTU BANK | AY26: =AVERAGE(AU26+AV26) -> 0 | AZ26: 4 | BA26: =IF(AZ26="","",VLOOKUP(AZ26,Nama_Buku,2)) -> BUKU PEMBANTU BPP | BB26: =IF(E26="J1",L26,IF(E26="J2",L26,IF(E26="M4",L26,0))) -> 0 | BC26: =AZ26 -> 4 | BD26: =IF(BC26="","",VLOOKUP(BC26,Nama_Buku,2)) -> BUKU PEMBANTU BPP | BE26: =IF(E26="J3",L26,IF(E26="J4",L26,IF(E26="M5",L26,0))) -> 0 | BF26: 5 | BG26: =IF(BF26="","",VLOOKUP(BF26,Nama_Buku,2)) -> BUKU PEMBANTU UANG PERSEDIAAN | BH26: =IF(E26="B",L26,IF(E26="D1",L26,0)) -> 0 | BI26: =BF26 -> 5 | BJ26: =IF(BI26="","",VLOOKUP(BI26,Nama_Buku,2)) -> BUKU PEMBANTU UANG PERSEDIAAN | BK26: =IF(E26="D2",L26,IF(E26="H1",L26,IF(E26="H2",L26,IF(E26="J3",L26,IF(E26="K3",L26,IF(E26="N1",L26,IF(E26="N2",L26,0))))))) -> 0 | BL26: 6 | BM26: =IF(BL26="","",VLOOKUP(BL26,Nama_Buku,2)) -> BUKU PEMBANTU LS BENDAHARA | BN26: =IF(E26="C1",L26,IF(E26="C1",L26,IF(E26="R2",L26,IF(E26="L7",L26,0)))) -> 0 | BO26: =BL26 -> 6 | BP26: =IF(BO26="","",VLOOKUP(BO26,Nama_Buku,2)) -> BUKU PEMBANTU LS BENDAHARA | BQ26: =IF(E26="C2",L26,IF(E26="I1",L26,IF(E26="I2",L26,IF(E26="M9",L26,IF(E26="M3",L26,IF(E26="K3",L26,IF(E26="R1",L26,IF(E26="L6",L26,0)))))))) -> 0 | BR26: 7 | BS26: =IF(BR26="","",VLOOKUP(BR26,Nama_Buku,2)) -> BUKU PEMBANTU UANG MUKA PERJADIN | BT26: =IF(E26="K1",L26,IF(E26="K2",L26,0)) -> 0 | BU26: =BR26 -> 7 | BV26: =IF(BU26="","",VLOOKUP(BU26,Nama_Buku,2)) -> BUKU PEMBANTU UANG MUKA PERJADIN | BW26: =IF(E26="K3",L26,IF(E26="K4",L26,0)) -> 0 | BX26: 8 | BY26: =IF(BX26="","",VLOOKUP(BX26,Nama_Buku,2)) -> BUKU PEMBANTU PAJAK UP | BZ26: =IF(E26="M1",L26,IF(E26="M4",L26,IF(E26="M8",L26,0))) -> 3544106 | CA26: =BX26 -> 8 | CB26: =IF(CA26="","",VLOOKUP(CA26,Nama_Buku,2)) -> BUKU PEMBANTU PAJAK UP | CC26: =IF(E26="M2",L26,IF(E26="M3",L26,IF(E26="M5",L26,0))) -> 0 | CD26: 9 | CE26: =IF(CD26="","",VLOOKUP(CD26,Nama_Buku,2)) -> BUKU PEMBANTU BUNGA REKENING | CF26: =IF(E26="L1",L26,IF(E26="R1",L26,0)) -> 0 | CG26: =CD26 -> 9 | CH26: =IF(CG26="","",VLOOKUP(CG26,Nama_Buku,2)) -> BUKU PEMBANTU BUNGA REKENING | CI26: =IF(E26="L2",L26,IF(E26="L3",L26,0)) -> 0 | CJ26: 10 | CK26: =IF(CJ26="","",VLOOKUP(CJ26,Nama_Buku,2)) -> BUKU PEMBANTU PAJAK UP & LS | CL26: =IF(E26="M1",L26,IF(E26="M4",L26,IF(E26="M6",L26,IF(E26="M8",L26,0)))) -> 3544106 | CM26: =CJ26 -> 10 | CN26: =IF(CM26="","",VLOOKUP(CM26,Nama_Buku,2)) -> BUKU PEMBANTU PAJAK UP & LS | CO26: =IF(E26="M2",L26,IF(E26="M3",L26,IF(E26="M5",L26,IF(E26="M7",L26,IF(E26="M9",L26,0))))) -> 0 | CP26: =IF(E26="H1",L26,IF(E26="H2",L26,IF(E26="J3",L26,IF(E26="K3",L26,0)))) -> 0 | CQ26: =IF(E26="H1",M26,IF(E26="H2",M26,IF(E26="J3",M26,0))) -> 0 | CR26: =IF(E26="H1",N26,IF(E26="H2",N26,IF(E26="J3",N26,0))) -> 0 | CS26: 11 | CT26: =IF(CS26="","",VLOOKUP(CS26,Nama_Buku,2)) -> BUKU PENGESAHAN BELANJA | CU26: =IF(E26="C2",L26,IF(E26="I1",L26,IF(E26="I2",L26,IF(E26="K3",L26,IF(E26="M3",L26,IF(E26="M9",L26,0)))))) -> 0 | CV26: =CS26 -> 11 | CW26: =IF(CV26="","",VLOOKUP(CV26,Nama_Buku,2)) -> BUKU PENGESAHAN BELANJA | CX26: =IF(E26="C3",L26,0) -> 0 | CY26: 12 | CZ26: =IF(CY26="","",VLOOKUP(CY26,Nama_Buku,2)) -> BUKU PENGEMBALIAN BELANJA | DA26: =IF(E26="L4",L26,IF(E26="R2",L26,0)) -> 0 | DB26: =CY26 -> 12 | DC26: =IF(DB26="","",VLOOKUP(DB26,Nama_Buku,2)) -> BUKU PENGEMBALIAN BELANJA | DD26: =IF(E26="L5",L26,IF(E26="L5",L26,0)) -> 0
A27: 017 | C27: 46051 | D27: ="2026."&A27 -> 2026.017 | E27: M3 | F27: Setor Pajak Belanja Barang Pekerjaan Pemotongan Rumput Sisi Udara Tahap I : 1 (Satu) Paket | H27: CV. GARUDA KARYA BERSAMA | K27: PPh 23 | L27: 3544106 | N27: PPh 23 | O27: =IF(E27="A",L27,IF(E27="B",L27,IF(E27="C1",L27,IF(E27="D1",L27,IF(E27="E",L27,IF(E27="F",L27,IF(E27="G1",L27,IF(E27="G2",L27,IF(E27="R1",L27,IF(E27="L4",L27,IF(E27="R2",L27,IF(E27="l7",L27,0)))))))))))) -> 0 | P27: =IF(E27="J1",L27,IF(E27="J2",L27,IF(E27="J4",L27,IF(E27="K1",L27,IF(E27="K2",L27,IF(E27="K4",L27,IF(E27="L1",L27,IF(E27="M1",L27,IF(E27="M6",L27,IF(E27="M6",L27,0)))))))))) -> 0 | Q27: =IF(E27="M4",L27,0) -> 0 | R27: 1 | S27: =IF(R27="","",VLOOKUP(R27,Nama_Buku,2)) -> BUKU KAS UMUM | T27: =AVERAGE(O27+P27+Q27) -> 0 | U27: =IF(E27="A",L27,IF(E27="C2",L27,IF(E27="D2",L27,IF(E27="E",L27,IF(E27="F",L27,IF(E27="G1",L27,IF(E27="G2",L27,IF(E27="H1",L27,IF(E27="R1",L27,0))))))))) -> 0 | V27: =IF(E27="H2",L27,IF(E27="I1",L27,IF(E27="I2",L27,IF(E27="J1",L27,IF(E27="J2",L27,IF(E27="J3",L27,IF(E27="J4",L27,IF(E27="K1",L27,0)))))))) -> 0 | W27: =IF(E27="K2",L27,IF(E27="K3",L27,IF(E27="K4",L27,IF(E27="L2",L27,IF(E27="L3",L27,IF(E27="M2",L27,IF(E27="M3",L27,IF(E27="M7",L27,IF(E27="L5",L27,IF(E27="L6",L27,0)))))))))) -> 3544106 | X27: =IF(E27="N1",L27,IF(E27="N2",L27,0)) -> 0 | Y27: =R27 -> 1 | Z27: =IF(Y27="","",VLOOKUP(Y27,Nama_Buku,2)) -> BUKU KAS UMUM | AA27: =AVERAGE(U27+V27+W27+X27) -> 3544106 | AB27: 10 | AC27: =IF(AB27="","",VLOOKUP(AB27,Nama_Buku,2)) -> BUKU PEMBANTU PAJAK UP & LS | AD27: =IF(E27="B",L27,IF(E27="C1",L27,IF(E27="D1",L27,IF(E27="J1",-L27,IF(E27="J2",-L27,IF(E27="L1",L27,IF(E27="M1",L27,IF(E27="M4",L27,IF(E27="M8",L27,IF(E27="R2",L27,0)))))))))) -> 0 | AE27: =IF(E27="K1",-L27,IF(E27="K2",-L27,)) -> 0 | AF27: =AVERAGE(AD27+AE27) -> 0 | AG27: =IF(E27="C2",L27,IF(E27="D2",L27,IF(E27="H1",L27,IF(E27="H2",L27,IF(E27="I1",L27,IF(E27="I2",L27,IF(E27="J4",-L27,IF(E27="K4",-L27,0)))))))) -> 0 | AH27: =IF(E27="L2",L27,IF(E27="L3",L27,IF(E27="M2",L27,IF(E27="M3",L27,IF(E27="M5",L27,IF(E27="N1",L27,IF(E27="N2",L27,0))))))) -> 3544106 | AI27: =AB27 -> 10 | AJ27: =IF(AI27="","",VLOOKUP(AI27,Nama_Buku,2)) -> BUKU PEMBANTU PAJAK UP & LS | AK27: =AVERAGE(AG27+AH27) -> 3544106 | AL27: 2 | AM27: =IF(AL27="","",VLOOKUP(AL27,Nama_Buku,2)) -> BUKU PEMBANTU KAS TUNAI | AN27: =IF(E27="G1",L27,IF(E27="J4",L27,IF(E27="K4",L27,IF(E27="M1",L27,0)))) -> 0 | AO27: =AL27 -> 2 | AP27: =IF(AO27="","",VLOOKUP(AO27,Nama_Buku,2)) -> BUKU PEMBANTU KAS TUNAI | AQ27: =IF(E27="G2",L27,IF(E27="H1",L27,IF(E27="I1",L27,IF(E27="J1",L27,IF(E27="K1",L27,IF(E27="L2",L27,IF(E27="M2",L27,IF(E27="N1",L27,0)))))))) -> 0 | AR27: 3 | AS27: =IF(AR27="","",VLOOKUP(AR27,Nama_Buku,2)) -> BUKU PEMBANTU BANK | AT27: =IF(E27="B",L27,IF(E27="C1",L27,IF(E27="D1",L27,IF(E27="G2",L27,IF(E27="L1",L27,IF(E27="L4",L27,IF(E27="R2",L27,IF(E27="L7",L27,0)))))))) -> 0 | AU27: =IF(E27="C2",L27,IF(E27="D2",L27,IF(E27="G1",L27,IF(E27="H2",L27,IF(E27="I2",L27,IF(E27="J2",L27,IF(E27="K2",L27,IF(E27="L3",L27,IF(E27="L5",L27,IF(E27="L6",L27,0)))))))))) -> 0 | AV27: =IF(E27="M3",L27,IF(E27="N2",L27,IF(E27="M9",L27,0))) -> 3544106 | AW27: =AR27 -> 3 | AX27: =IF(AW27="","",VLOOKUP(AW27,Nama_Buku,2)) -> BUKU PEMBANTU BANK | AY27: =AVERAGE(AU27+AV27) -> 3544106 | AZ27: 4 | BA27: =IF(AZ27="","",VLOOKUP(AZ27,Nama_Buku,2)) -> BUKU PEMBANTU BPP | BB27: =IF(E27="J1",L27,IF(E27="J2",L27,IF(E27="M4",L27,0))) -> 0 | BC27: =AZ27 -> 4 | BD27: =IF(BC27="","",VLOOKUP(BC27,Nama_Buku,2)) -> BUKU PEMBANTU BPP | BE27: =IF(E27="J3",L27,IF(E27="J4",L27,IF(E27="M5",L27,0))) -> 0 | BF27: 5 | BG27: =IF(BF27="","",VLOOKUP(BF27,Nama_Buku,2)) -> BUKU PEMBANTU UANG PERSEDIAAN | BH27: =IF(E27="B",L27,IF(E27="D1",L27,0)) -> 0 | BI27: =BF27 -> 5 | BJ27: =IF(BI27="","",VLOOKUP(BI27,Nama_Buku,2)) -> BUKU PEMBANTU UANG PERSEDIAAN | BK27: =IF(E27="D2",L27,IF(E27="H1",L27,IF(E27="H2",L27,IF(E27="J3",L27,IF(E27="K3",L27,IF(E27="N1",L27,IF(E27="N2",L27,0))))))) -> 0 | BL27: 6 | BM27: =IF(BL27="","",VLOOKUP(BL27,Nama_Buku,2)) -> BUKU PEMBANTU LS BENDAHARA | BN27: =IF(E27="C1",L27,IF(E27="C1",L27,IF(E27="R2",L27,IF(E27="L7",L27,0)))) -> 0 | BO27: =BL27 -> 6 | BP27: =IF(BO27="","",VLOOKUP(BO27,Nama_Buku,2)) -> BUKU PEMBANTU LS BENDAHARA | BQ27: =IF(E27="C2",L27,IF(E27="I1",L27,IF(E27="I2",L27,IF(E27="M9",L27,IF(E27="M3",L27,IF(E27="K3",L27,IF(E27="R1",L27,IF(E27="L6",L27,0)))))))) -> 3544106 | BR27: 7 | BS27: =IF(BR27="","",VLOOKUP(BR27,Nama_Buku,2)) -> BUKU PEMBANTU UANG MUKA PERJADIN | BT27: =IF(E27="K1",L27,IF(E27="K2",L27,0)) -> 0 | BU27: =BR27 -> 7 | BV27: =IF(BU27="","",VLOOKUP(BU27,Nama_Buku,2)) -> BUKU PEMBANTU UANG MUKA PERJADIN | BW27: =IF(E27="K3",L27,IF(E27="K4",L27,0)) -> 0 | BX27: 8 | BY27: =IF(BX27="","",VLOOKUP(BX27,Nama_Buku,2)) -> BUKU PEMBANTU PAJAK UP | BZ27: =IF(E27="M1",L27,IF(E27="M4",L27,IF(E27="M8",L27,0))) -> 0 | CA27: =BX27 -> 8 | CB27: =IF(CA27="","",VLOOKUP(CA27,Nama_Buku,2)) -> BUKU PEMBANTU PAJAK UP | CC27: =IF(E27="M2",L27,IF(E27="M3",L27,IF(E27="M5",L27,0))) -> 3544106 | CD27: 9 | CE27: =IF(CD27="","",VLOOKUP(CD27,Nama_Buku,2)) -> BUKU PEMBANTU BUNGA REKENING | CF27: =IF(E27="L1",L27,IF(E27="R1",L27,0)) -> 0 | CG27: =CD27 -> 9 | CH27: =IF(CG27="","",VLOOKUP(CG27,Nama_Buku,2)) -> BUKU PEMBANTU BUNGA REKENING | CI27: =IF(E27="L2",L27,IF(E27="L3",L27,0)) -> 0 | CJ27: 10 | CK27: =IF(CJ27="","",VLOOKUP(CJ27,Nama_Buku,2)) -> BUKU PEMBANTU PAJAK UP & LS | CL27: =IF(E27="M1",L27,IF(E27="M4",L27,IF(E27="M6",L27,IF(E27="M8",L27,0)))) -> 0 | CM27: =CJ27 -> 10 | CN27: =IF(CM27="","",VLOOKUP(CM27,Nama_Buku,2)) -> BUKU PEMBANTU PAJAK UP & LS | CO27: =IF(E27="M2",L27,IF(E27="M3",L27,IF(E27="M5",L27,IF(E27="M7",L27,IF(E27="M9",L27,0))))) -> 3544106 | CP27: =IF(E27="H1",L27,IF(E27="H2",L27,IF(E27="J3",L27,IF(E27="K3",L27,0)))) -> 0 | CQ27: =IF(E27="H1",M27,IF(E27="H2",M27,IF(E27="J3",M27,0))) -> 0 | CR27: =IF(E27="H1",N27,IF(E27="H2",N27,IF(E27="J3",N27,0))) -> 0 | CS27: 11 | CT27: =IF(CS27="","",VLOOKUP(CS27,Nama_Buku,2)) -> BUKU PENGESAHAN BELANJA | CU27: =IF(E27="C2",L27,IF(E27="I1",L27,IF(E27="I2",L27,IF(E27="K3",L27,IF(E27="M3",L27,IF(E27="M9",L27,0)))))) -> 3544106 | CV27: =CS27 -> 11 | CW27: =IF(CV27="","",VLOOKUP(CV27,Nama_Buku,2)) -> BUKU PENGESAHAN BELANJA | CX27: =IF(E27="C3",L27,0) -> 0 | CY27: 12 | CZ27: =IF(CY27="","",VLOOKUP(CY27,Nama_Buku,2)) -> BUKU PENGEMBALIAN BELANJA | DA27: =IF(E27="L4",L27,IF(E27="R2",L27,0)) -> 0 | DB27: =CY27 -> 12 | DC27: =IF(DB27="","",VLOOKUP(DB27,Nama_Buku,2)) -> BUKU PENGEMBALIAN BELANJA | DD27: =IF(E27="L5",L27,IF(E27="L5",L27,0)) -> 0
A28: 018 | C28: 46051 | D28: ="2026."&A28 -> 2026.018 | E28: I2 | F28: Pembayaran Belanja Barang Pengadaan Obat Air | H28: CV. GUNA AHKLAK SUKSES | L28: 172150230 | O28: =IF(E28="A",L28,IF(E28="B",L28,IF(E28="C1",L28,IF(E28="D1",L28,IF(E28="E",L28,IF(E28="F",L28,IF(E28="G1",L28,IF(E28="G2",L28,IF(E28="R1",L28,IF(E28="L4",L28,IF(E28="R2",L28,IF(E28="l7",L28,0)))))))))))) -> 0 | P28: =IF(E28="J1",L28,IF(E28="J2",L28,IF(E28="J4",L28,IF(E28="K1",L28,IF(E28="K2",L28,IF(E28="K4",L28,IF(E28="L1",L28,IF(E28="M1",L28,IF(E28="M6",L28,IF(E28="M6",L28,0)))))))))) -> 0 | Q28: =IF(E28="M4",L28,0) -> 0 | R28: 1 | S28: =IF(R28="","",VLOOKUP(R28,Nama_Buku,2)) -> BUKU KAS UMUM | T28: =AVERAGE(O28+P28+Q28) -> 0 | U28: =IF(E28="A",L28,IF(E28="C2",L28,IF(E28="D2",L28,IF(E28="E",L28,IF(E28="F",L28,IF(E28="G1",L28,IF(E28="G2",L28,IF(E28="H1",L28,IF(E28="R1",L28,0))))))))) -> 0 | V28: =IF(E28="H2",L28,IF(E28="I1",L28,IF(E28="I2",L28,IF(E28="J1",L28,IF(E28="J2",L28,IF(E28="J3",L28,IF(E28="J4",L28,IF(E28="K1",L28,0)))))))) -> 172150230 | W28: =IF(E28="K2",L28,IF(E28="K3",L28,IF(E28="K4",L28,IF(E28="L2",L28,IF(E28="L3",L28,IF(E28="M2",L28,IF(E28="M3",L28,IF(E28="M7",L28,IF(E28="L5",L28,IF(E28="L6",L28,0)))))))))) -> 0 | X28: =IF(E28="N1",L28,IF(E28="N2",L28,0)) -> 0 | Y28: =R28 -> 1 | Z28: =IF(Y28="","",VLOOKUP(Y28,Nama_Buku,2)) -> BUKU KAS UMUM | AA28: =AVERAGE(U28+V28+W28+X28) -> 172150230 | AB28: 10 | AC28: =IF(AB28="","",VLOOKUP(AB28,Nama_Buku,2)) -> BUKU PEMBANTU PAJAK UP & LS | AD28: =IF(E28="B",L28,IF(E28="C1",L28,IF(E28="D1",L28,IF(E28="J1",-L28,IF(E28="J2",-L28,IF(E28="L1",L28,IF(E28="M1",L28,IF(E28="M4",L28,IF(E28="M8",L28,IF(E28="R2",L28,0)))))))))) -> 0 | AE28: =IF(E28="K1",-L28,IF(E28="K2",-L28,)) -> 0 | AF28: =AVERAGE(AD28+AE28) -> 0 | AG28: =IF(E28="C2",L28,IF(E28="D2",L28,IF(E28="H1",L28,IF(E28="H2",L28,IF(E28="I1",L28,IF(E28="I2",L28,IF(E28="J4",-L28,IF(E28="K4",-L28,0)))))))) -> 172150230 | AH28: =IF(E28="L2",L28,IF(E28="L3",L28,IF(E28="M2",L28,IF(E28="M3",L28,IF(E28="M5",L28,IF(E28="N1",L28,IF(E28="N2",L28,0))))))) -> 0 | AI28: =AB28 -> 10 | AJ28: =IF(AI28="","",VLOOKUP(AI28,Nama_Buku,2)) -> BUKU PEMBANTU PAJAK UP & LS | AK28: =AVERAGE(AG28+AH28) -> 172150230 | AL28: 2 | AM28: =IF(AL28="","",VLOOKUP(AL28,Nama_Buku,2)) -> BUKU PEMBANTU KAS TUNAI | AN28: =IF(E28="G1",L28,IF(E28="J4",L28,IF(E28="K4",L28,IF(E28="M1",L28,0)))) -> 0 | AO28: =AL28 -> 2 | AP28: =IF(AO28="","",VLOOKUP(AO28,Nama_Buku,2)) -> BUKU PEMBANTU KAS TUNAI | AQ28: =IF(E28="G2",L28,IF(E28="H1",L28,IF(E28="I1",L28,IF(E28="J1",L28,IF(E28="K1",L28,IF(E28="L2",L28,IF(E28="M2",L28,IF(E28="N1",L28,0)))))))) -> 0 | AR28: 3 | AS28: =IF(AR28="","",VLOOKUP(AR28,Nama_Buku,2)) -> BUKU PEMBANTU BANK | AT28: =IF(E28="B",L28,IF(E28="C1",L28,IF(E28="D1",L28,IF(E28="G2",L28,IF(E28="L1",L28,IF(E28="L4",L28,IF(E28="R2",L28,IF(E28="L7",L28,0)))))))) -> 0 | AU28: =IF(E28="C2",L28,IF(E28="D2",L28,IF(E28="G1",L28,IF(E28="H2",L28,IF(E28="I2",L28,IF(E28="J2",L28,IF(E28="K2",L28,IF(E28="L3",L28,IF(E28="L5",L28,IF(E28="L6",L28,0)))))))))) -> 172150230 | AV28: =IF(E28="M3",L28,IF(E28="N2",L28,IF(E28="M9",L28,0))) -> 0 | AW28: =AR28 -> 3 | AX28: =IF(AW28="","",VLOOKUP(AW28,Nama_Buku,2)) -> BUKU PEMBANTU BANK | AY28: =AVERAGE(AU28+AV28) -> 172150230 | AZ28: 4 | BA28: =IF(AZ28="","",VLOOKUP(AZ28,Nama_Buku,2)) -> BUKU PEMBANTU BPP | BB28: =IF(E28="J1",L28,IF(E28="J2",L28,IF(E28="M4",L28,0))) -> 0 | BC28: =AZ28 -> 4 | BD28: =IF(BC28="","",VLOOKUP(BC28,Nama_Buku,2)) -> BUKU PEMBANTU BPP | BE28: =IF(E28="J3",L28,IF(E28="J4",L28,IF(E28="M5",L28,0))) -> 0 | BF28: 5 | BG28: =IF(BF28="","",VLOOKUP(BF28,Nama_Buku,2)) -> BUKU PEMBANTU UANG PERSEDIAAN | BH28: =IF(E28="B",L28,IF(E28="D1",L28,0)) -> 0 | BI28: =BF28 -> 5 | BJ28: =IF(BI28="","",VLOOKUP(BI28,Nama_Buku,2)) -> BUKU PEMBANTU UANG PERSEDIAAN | BK28: =IF(E28="D2",L28,IF(E28="H1",L28,IF(E28="H2",L28,IF(E28="J3",L28,IF(E28="K3",L28,IF(E28="N1",L28,IF(E28="N2",L28,0))))))) -> 0 | BL28: 6 | BM28: =IF(BL28="","",VLOOKUP(BL28,Nama_Buku,2)) -> BUKU PEMBANTU LS BENDAHARA | BN28: =IF(E28="C1",L28,IF(E28="C1",L28,IF(E28="R2",L28,IF(E28="L7",L28,0)))) -> 0 | BO28: =BL28 -> 6 | BP28: =IF(BO28="","",VLOOKUP(BO28,Nama_Buku,2)) -> BUKU PEMBANTU LS BENDAHARA | BQ28: =IF(E28="C2",L28,IF(E28="I1",L28,IF(E28="I2",L28,IF(E28="M9",L28,IF(E28="M3",L28,IF(E28="K3",L28,IF(E28="R1",L28,IF(E28="L6",L28,0)))))))) -> 172150230 | BR28: 7 | BS28: =IF(BR28="","",VLOOKUP(BR28,Nama_Buku,2)) -> BUKU PEMBANTU UANG MUKA PERJADIN | BT28: =IF(E28="K1",L28,IF(E28="K2",L28,0)) -> 0 | BU28: =BR28 -> 7 | BV28: =IF(BU28="","",VLOOKUP(BU28,Nama_Buku,2)) -> BUKU PEMBANTU UANG MUKA PERJADIN | BW28: =IF(E28="K3",L28,IF(E28="K4",L28,0)) -> 0 | BX28: 8 | BY28: =IF(BX28="","",VLOOKUP(BX28,Nama_Buku,2)) -> BUKU PEMBANTU PAJAK UP | BZ28: =IF(E28="M1",L28,IF(E28="M4",L28,IF(E28="M8",L28,0))) -> 0 | CA28: =BX28 -> 8 | CB28: =IF(CA28="","",VLOOKUP(CA28,Nama_Buku,2)) -> BUKU PEMBANTU PAJAK UP | CC28: =IF(E28="M2",L28,IF(E28="M3",L28,IF(E28="M5",L28,0))) -> 0 | CD28: 9 | CE28: =IF(CD28="","",VLOOKUP(CD28,Nama_Buku,2)) -> BUKU PEMBANTU BUNGA REKENING | CF28: =IF(E28="L1",L28,IF(E28="R1",L28,0)) -> 0 | CG28: =CD28 -> 9 | CH28: =IF(CG28="","",VLOOKUP(CG28,Nama_Buku,2)) -> BUKU PEMBANTU BUNGA REKENING | CI28: =IF(E28="L2",L28,IF(E28="L3",L28,0)) -> 0 | CJ28: 10 | CK28: =IF(CJ28="","",VLOOKUP(CJ28,Nama_Buku,2)) -> BUKU PEMBANTU PAJAK UP & LS | CL28: =IF(E28="M1",L28,IF(E28="M4",L28,IF(E28="M6",L28,IF(E28="M8",L28,0)))) -> 0 | CM28: =CJ28 -> 10 | CN28: =IF(CM28="","",VLOOKUP(CM28,Nama_Buku,2)) -> BUKU PEMBANTU PAJAK UP & LS | CO28: =IF(E28="M2",L28,IF(E28="M3",L28,IF(E28="M5",L28,IF(E28="M7",L28,IF(E28="M9",L28,0))))) -> 0 | CP28: =IF(E28="H1",L28,IF(E28="H2",L28,IF(E28="J3",L28,IF(E28="K3",L28,0)))) -> 0 | CQ28: =IF(E28="H1",M28,IF(E28="H2",M28,IF(E28="J3",M28,0))) -> 0 | CR28: =IF(E28="H1",N28,IF(E28="H2",N28,IF(E28="J3",N28,0))) -> 0 | CS28: 11 | CT28: =IF(CS28="","",VLOOKUP(CS28,Nama_Buku,2)) -> BUKU PENGESAHAN BELANJA | CU28: =IF(E28="C2",L28,IF(E28="I1",L28,IF(E28="I2",L28,IF(E28="K3",L28,IF(E28="M3",L28,IF(E28="M9",L28,0)))))) -> 172150230 | CV28: =CS28 -> 11 | CW28: =IF(CV28="","",VLOOKUP(CV28,Nama_Buku,2)) -> BUKU PENGESAHAN BELANJA | CX28: =IF(E28="C3",L28,0) -> 0 | CY28: 12 | CZ28: =IF(CY28="","",VLOOKUP(CY28,Nama_Buku,2)) -> BUKU PENGEMBALIAN BELANJA | DA28: =IF(E28="L4",L28,IF(E28="R2",L28,0)) -> 0 | DB28: =CY28 -> 12 | DC28: =IF(DB28="","",VLOOKUP(DB28,Nama_Buku,2)) -> BUKU PENGEMBALIAN BELANJA | DD28: =IF(E28="L5",L28,IF(E28="L5",L28,0)) -> 0
A29: 019 | C29: 46051 | D29: ="2026."&A29 -> 2026.019 | E29: M8 | F29: Pungut Pajak Belanja Barang Pengadaan Obat Air | H29: CV. GUNA AHKLAK SUKSES | K29: PPN | L29: 19322985 | M29: PPN | O29: =IF(E29="A",L29,IF(E29="B",L29,IF(E29="C1",L29,IF(E29="D1",L29,IF(E29="E",L29,IF(E29="F",L29,IF(E29="G1",L29,IF(E29="G2",L29,IF(E29="R1",L29,IF(E29="L4",L29,IF(E29="R2",L29,IF(E29="l7",L29,0)))))))))))) -> 0 | P29: =IF(E29="J1",L29,IF(E29="J2",L29,IF(E29="J4",L29,IF(E29="K1",L29,IF(E29="K2",L29,IF(E29="K4",L29,IF(E29="L1",L29,IF(E29="M1",L29,IF(E29="M6",L29,IF(E29="M6",L29,0)))))))))) -> 0 | Q29: =IF(E29="M4",L29,0) -> 0 | R29: 1 | S29: =IF(R29="","",VLOOKUP(R29,Nama_Buku,2)) -> BUKU KAS UMUM | T29: =AVERAGE(O29+P29+Q29) -> 0 | U29: =IF(E29="A",L29,IF(E29="C2",L29,IF(E29="D2",L29,IF(E29="E",L29,IF(E29="F",L29,IF(E29="G1",L29,IF(E29="G2",L29,IF(E29="H1",L29,IF(E29="R1",L29,0))))))))) -> 0 | V29: =IF(E29="H2",L29,IF(E29="I1",L29,IF(E29="I2",L29,IF(E29="J1",L29,IF(E29="J2",L29,IF(E29="J3",L29,IF(E29="J4",L29,IF(E29="K1",L29,0)))))))) -> 0 | W29: =IF(E29="K2",L29,IF(E29="K3",L29,IF(E29="K4",L29,IF(E29="L2",L29,IF(E29="L3",L29,IF(E29="M2",L29,IF(E29="M3",L29,IF(E29="M7",L29,IF(E29="L5",L29,IF(E29="L6",L29,0)))))))))) -> 0 | X29: =IF(E29="N1",L29,IF(E29="N2",L29,0)) -> 0 | Y29: =R29 -> 1 | Z29: =IF(Y29="","",VLOOKUP(Y29,Nama_Buku,2)) -> BUKU KAS UMUM | AA29: =AVERAGE(U29+V29+W29+X29) -> 0 | AB29: 10 | AC29: =IF(AB29="","",VLOOKUP(AB29,Nama_Buku,2)) -> BUKU PEMBANTU PAJAK UP & LS | AD29: =IF(E29="B",L29,IF(E29="C1",L29,IF(E29="D1",L29,IF(E29="J1",-L29,IF(E29="J2",-L29,IF(E29="L1",L29,IF(E29="M1",L29,IF(E29="M4",L29,IF(E29="M8",L29,IF(E29="R2",L29,0)))))))))) -> 19322985 | AE29: =IF(E29="K1",-L29,IF(E29="K2",-L29,)) -> 0 | AF29: =AVERAGE(AD29+AE29) -> 19322985 | AG29: =IF(E29="C2",L29,IF(E29="D2",L29,IF(E29="H1",L29,IF(E29="H2",L29,IF(E29="I1",L29,IF(E29="I2",L29,IF(E29="J4",-L29,IF(E29="K4",-L29,0)))))))) -> 0 | AH29: =IF(E29="L2",L29,IF(E29="L3",L29,IF(E29="M2",L29,IF(E29="M3",L29,IF(E29="M5",L29,IF(E29="N1",L29,IF(E29="N2",L29,0))))))) -> 0 | AI29: =AB29 -> 10 | AJ29: =IF(AI29="","",VLOOKUP(AI29,Nama_Buku,2)) -> BUKU PEMBANTU PAJAK UP & LS | AK29: =AVERAGE(AG29+AH29) -> 0 | AL29: 2 | AM29: =IF(AL29="","",VLOOKUP(AL29,Nama_Buku,2)) -> BUKU PEMBANTU KAS TUNAI | AN29: =IF(E29="G1",L29,IF(E29="J4",L29,IF(E29="K4",L29,IF(E29="M1",L29,0)))) -> 0 | AO29: =AL29 -> 2 | AP29: =IF(AO29="","",VLOOKUP(AO29,Nama_Buku,2)) -> BUKU PEMBANTU KAS TUNAI | AQ29: =IF(E29="G2",L29,IF(E29="H1",L29,IF(E29="I1",L29,IF(E29="J1",L29,IF(E29="K1",L29,IF(E29="L2",L29,IF(E29="M2",L29,IF(E29="N1",L29,0)))))))) -> 0 | AR29: 3 | AS29: =IF(AR29="","",VLOOKUP(AR29,Nama_Buku,2)) -> BUKU PEMBANTU BANK | AT29: =IF(E29="B",L29,IF(E29="C1",L29,IF(E29="D1",L29,IF(E29="G2",L29,IF(E29="L1",L29,IF(E29="L4",L29,IF(E29="R2",L29,IF(E29="L7",L29,0)))))))) -> 0 | AU29: =IF(E29="C2",L29,IF(E29="D2",L29,IF(E29="G1",L29,IF(E29="H2",L29,IF(E29="I2",L29,IF(E29="J2",L29,IF(E29="K2",L29,IF(E29="L3",L29,IF(E29="L5",L29,IF(E29="L6",L29,0)))))))))) -> 0 | AV29: =IF(E29="M3",L29,IF(E29="N2",L29,IF(E29="M9",L29,0))) -> 0 | AW29: =AR29 -> 3 | AX29: =IF(AW29="","",VLOOKUP(AW29,Nama_Buku,2)) -> BUKU PEMBANTU BANK | AY29: =AVERAGE(AU29+AV29) -> 0 | AZ29: 4 | BA29: =IF(AZ29="","",VLOOKUP(AZ29,Nama_Buku,2)) -> BUKU PEMBANTU BPP | BB29: =IF(E29="J1",L29,IF(E29="J2",L29,IF(E29="M4",L29,0))) -> 0 | BC29: =AZ29 -> 4 | BD29: =IF(BC29="","",VLOOKUP(BC29,Nama_Buku,2)) -> BUKU PEMBANTU BPP | BE29: =IF(E29="J3",L29,IF(E29="J4",L29,IF(E29="M5",L29,0))) -> 0 | BF29: 5 | BG29: =IF(BF29="","",VLOOKUP(BF29,Nama_Buku,2)) -> BUKU PEMBANTU UANG PERSEDIAAN | BH29: =IF(E29="B",L29,IF(E29="D1",L29,0)) -> 0 | BI29: =BF29 -> 5 | BJ29: =IF(BI29="","",VLOOKUP(BI29,Nama_Buku,2)) -> BUKU PEMBANTU UANG PERSEDIAAN | BK29: =IF(E29="D2",L29,IF(E29="H1",L29,IF(E29="H2",L29,IF(E29="J3",L29,IF(E29="K3",L29,IF(E29="N1",L29,IF(E29="N2",L29,0))))))) -> 0 | BL29: 6 | BM29: =IF(BL29="","",VLOOKUP(BL29,Nama_Buku,2)) -> BUKU PEMBANTU LS BENDAHARA | BN29: =IF(E29="C1",L29,IF(E29="C1",L29,IF(E29="R2",L29,IF(E29="L7",L29,0)))) -> 0 | BO29: =BL29 -> 6 | BP29: =IF(BO29="","",VLOOKUP(BO29,Nama_Buku,2)) -> BUKU PEMBANTU LS BENDAHARA | BQ29: =IF(E29="C2",L29,IF(E29="I1",L29,IF(E29="I2",L29,IF(E29="M9",L29,IF(E29="M3",L29,IF(E29="K3",L29,IF(E29="R1",L29,IF(E29="L6",L29,0)))))))) -> 0 | BR29: 7 | BS29: =IF(BR29="","",VLOOKUP(BR29,Nama_Buku,2)) -> BUKU PEMBANTU UANG MUKA PERJADIN | BT29: =IF(E29="K1",L29,IF(E29="K2",L29,0)) -> 0 | BU29: =BR29 -> 7 | BV29: =IF(BU29="","",VLOOKUP(BU29,Nama_Buku,2)) -> BUKU PEMBANTU UANG MUKA PERJADIN | BW29: =IF(E29="K3",L29,IF(E29="K4",L29,0)) -> 0 | BX29: 8 | BY29: =IF(BX29="","",VLOOKUP(BX29,Nama_Buku,2)) -> BUKU PEMBANTU PAJAK UP | BZ29: =IF(E29="M1",L29,IF(E29="M4",L29,IF(E29="M8",L29,0))) -> 19322985 | CA29: =BX29 -> 8 | CB29: =IF(CA29="","",VLOOKUP(CA29,Nama_Buku,2)) -> BUKU PEMBANTU PAJAK UP | CC29: =IF(E29="M2",L29,IF(E29="M3",L29,IF(E29="M5",L29,0))) -> 0 | CD29: 9 | CE29: =IF(CD29="","",VLOOKUP(CD29,Nama_Buku,2)) -> BUKU PEMBANTU BUNGA REKENING | CF29: =IF(E29="L1",L29,IF(E29="R1",L29,0)) -> 0 | CG29: =CD29 -> 9 | CH29: =IF(CG29="","",VLOOKUP(CG29,Nama_Buku,2)) -> BUKU PEMBANTU BUNGA REKENING | CI29: =IF(E29="L2",L29,IF(E29="L3",L29,0)) -> 0 | CJ29: 10 | CK29: =IF(CJ29="","",VLOOKUP(CJ29,Nama_Buku,2)) -> BUKU PEMBANTU PAJAK UP & LS | CL29: =IF(E29="M1",L29,IF(E29="M4",L29,IF(E29="M6",L29,IF(E29="M8",L29,0)))) -> 19322985 | CM29: =CJ29 -> 10 | CN29: =IF(CM29="","",VLOOKUP(CM29,Nama_Buku,2)) -> BUKU PEMBANTU PAJAK UP & LS | CO29: =IF(E29="M2",L29,IF(E29="M3",L29,IF(E29="M5",L29,IF(E29="M7",L29,IF(E29="M9",L29,0))))) -> 0 | CP29: =IF(E29="H1",L29,IF(E29="H2",L29,IF(E29="J3",L29,IF(E29="K3",L29,0)))) -> 0 | CQ29: =IF(E29="H1",M29,IF(E29="H2",M29,IF(E29="J3",M29,0))) -> 0 | CR29: =IF(E29="H1",N29,IF(E29="H2",N29,IF(E29="J3",N29,0))) -> 0 | CS29: 11 | CT29: =IF(CS29="","",VLOOKUP(CS29,Nama_Buku,2)) -> BUKU PENGESAHAN BELANJA | CU29: =IF(E29="C2",L29,IF(E29="I1",L29,IF(E29="I2",L29,IF(E29="K3",L29,IF(E29="M3",L29,IF(E29="M9",L29,0)))))) -> 0 | CV29: =CS29 -> 11 | CW29: =IF(CV29="","",VLOOKUP(CV29,Nama_Buku,2)) -> BUKU PENGESAHAN BELANJA | CX29: =IF(E29="C3",L29,0) -> 0 | CY29: 12 | CZ29: =IF(CY29="","",VLOOKUP(CY29,Nama_Buku,2)) -> BUKU PENGEMBALIAN BELANJA | DA29: =IF(E29="L4",L29,IF(E29="R2",L29,0)) -> 0 | DB29: =CY29 -> 12 | DC29: =IF(DB29="","",VLOOKUP(DB29,Nama_Buku,2)) -> BUKU PENGEMBALIAN BELANJA | DD29: =IF(E29="L5",L29,IF(E29="L5",L29,0)) -> 0
A30: 020 | C30: 46051 | D30: ="2026."&A30 -> 2026.020 | E30: M3 | F30: Setor Pajak Belanja Barang Pengadaan Obat Air | H30: CV. GUNA AHKLAK SUKSES | K30: PPN | L30: 19322985 | M30: PPN | O30: =IF(E30="A",L30,IF(E30="B",L30,IF(E30="C1",L30,IF(E30="D1",L30,IF(E30="E",L30,IF(E30="F",L30,IF(E30="G1",L30,IF(E30="G2",L30,IF(E30="R1",L30,IF(E30="L4",L30,IF(E30="R2",L30,IF(E30="l7",L30,0)))))))))))) -> 0 | P30: =IF(E30="J1",L30,IF(E30="J2",L30,IF(E30="J4",L30,IF(E30="K1",L30,IF(E30="K2",L30,IF(E30="K4",L30,IF(E30="L1",L30,IF(E30="M1",L30,IF(E30="M6",L30,IF(E30="M6",L30,0)))))))))) -> 0 | Q30: =IF(E30="M4",L30,0) -> 0 | R30: 1 | S30: =IF(R30="","",VLOOKUP(R30,Nama_Buku,2)) -> BUKU KAS UMUM | T30: =AVERAGE(O30+P30+Q30) -> 0 | U30: =IF(E30="A",L30,IF(E30="C2",L30,IF(E30="D2",L30,IF(E30="E",L30,IF(E30="F",L30,IF(E30="G1",L30,IF(E30="G2",L30,IF(E30="H1",L30,IF(E30="R1",L30,0))))))))) -> 0 | V30: =IF(E30="H2",L30,IF(E30="I1",L30,IF(E30="I2",L30,IF(E30="J1",L30,IF(E30="J2",L30,IF(E30="J3",L30,IF(E30="J4",L30,IF(E30="K1",L30,0)))))))) -> 0 | W30: =IF(E30="K2",L30,IF(E30="K3",L30,IF(E30="K4",L30,IF(E30="L2",L30,IF(E30="L3",L30,IF(E30="M2",L30,IF(E30="M3",L30,IF(E30="M7",L30,IF(E30="L5",L30,IF(E30="L6",L30,0)))))))))) -> 19322985 | X30: =IF(E30="N1",L30,IF(E30="N2",L30,0)) -> 0 | Y30: =R30 -> 1 | Z30: =IF(Y30="","",VLOOKUP(Y30,Nama_Buku,2)) -> BUKU KAS UMUM | AA30: =AVERAGE(U30+V30+W30+X30) -> 19322985 | AB30: 10 | AC30: =IF(AB30="","",VLOOKUP(AB30,Nama_Buku,2)) -> BUKU PEMBANTU PAJAK UP & LS | AD30: =IF(E30="B",L30,IF(E30="C1",L30,IF(E30="D1",L30,IF(E30="J1",-L30,IF(E30="J2",-L30,IF(E30="L1",L30,IF(E30="M1",L30,IF(E30="M4",L30,IF(E30="M8",L30,IF(E30="R2",L30,0)))))))))) -> 0 | AE30: =IF(E30="K1",-L30,IF(E30="K2",-L30,)) -> 0 | AF30: =AVERAGE(AD30+AE30) -> 0 | AG30: =IF(E30="C2",L30,IF(E30="D2",L30,IF(E30="H1",L30,IF(E30="H2",L30,IF(E30="I1",L30,IF(E30="I2",L30,IF(E30="J4",-L30,IF(E30="K4",-L30,0)))))))) -> 0 | AH30: =IF(E30="L2",L30,IF(E30="L3",L30,IF(E30="M2",L30,IF(E30="M3",L30,IF(E30="M5",L30,IF(E30="N1",L30,IF(E30="N2",L30,0))))))) -> 19322985 | AI30: =AB30 -> 10 | AJ30: =IF(AI30="","",VLOOKUP(AI30,Nama_Buku,2)) -> BUKU PEMBANTU PAJAK UP & LS | AK30: =AVERAGE(AG30+AH30) -> 19322985 | AL30: 2 | AM30: =IF(AL30="","",VLOOKUP(AL30,Nama_Buku,2)) -> BUKU PEMBANTU KAS TUNAI | AN30: =IF(E30="G1",L30,IF(E30="J4",L30,IF(E30="K4",L30,IF(E30="M1",L30,0)))) -> 0 | AO30: =AL30 -> 2 | AP30: =IF(AO30="","",VLOOKUP(AO30,Nama_Buku,2)) -> BUKU PEMBANTU KAS TUNAI | AQ30: =IF(E30="G2",L30,IF(E30="H1",L30,IF(E30="I1",L30,IF(E30="J1",L30,IF(E30="K1",L30,IF(E30="L2",L30,IF(E30="M2",L30,IF(E30="N1",L30,0)))))))) -> 0 | AR30: 3 | AS30: =IF(AR30="","",VLOOKUP(AR30,Nama_Buku,2)) -> BUKU PEMBANTU BANK | AT30: =IF(E30="B",L30,IF(E30="C1",L30,IF(E30="D1",L30,IF(E30="G2",L30,IF(E30="L1",L30,IF(E30="L4",L30,IF(E30="R2",L30,IF(E30="L7",L30,0)))))))) -> 0 | AU30: =IF(E30="C2",L30,IF(E30="D2",L30,IF(E30="G1",L30,IF(E30="H2",L30,IF(E30="I2",L30,IF(E30="J2",L30,IF(E30="K2",L30,IF(E30="L3",L30,IF(E30="L5",L30,IF(E30="L6",L30,0)))))))))) -> 0 | AV30: =IF(E30="M3",L30,IF(E30="N2",L30,IF(E30="M9",L30,0))) -> 19322985 | AW30: =AR30 -> 3 | AX30: =IF(AW30="","",VLOOKUP(AW30,Nama_Buku,2)) -> BUKU PEMBANTU BANK | AY30: =AVERAGE(AU30+AV30) -> 19322985 | AZ30: 4 | BA30: =IF(AZ30="","",VLOOKUP(AZ30,Nama_Buku,2)) -> BUKU PEMBANTU BPP | BB30: =IF(E30="J1",L30,IF(E30="J2",L30,IF(E30="M4",L30,0))) -> 0 | BC30: =AZ30 -> 4 | BD30: =IF(BC30="","",VLOOKUP(BC30,Nama_Buku,2)) -> BUKU PEMBANTU BPP | BE30: =IF(E30="J3",L30,IF(E30="J4",L30,IF(E30="M5",L30,0))) -> 0 | BF30: 5 | BG30: =IF(BF30="","",VLOOKUP(BF30,Nama_Buku,2)) -> BUKU PEMBANTU UANG PERSEDIAAN | BH30: =IF(E30="B",L30,IF(E30="D1",L30,0)) -> 0 | BI30: =BF30 -> 5 | BJ30: =IF(BI30="","",VLOOKUP(BI30,Nama_Buku,2)) -> BUKU PEMBANTU UANG PERSEDIAAN | BK30: =IF(E30="D2",L30,IF(E30="H1",L30,IF(E30="H2",L30,IF(E30="J3",L30,IF(E30="K3",L30,IF(E30="N1",L30,IF(E30="N2",L30,0))))))) -> 0 | BL30: 6 | BM30: =IF(BL30="","",VLOOKUP(BL30,Nama_Buku,2)) -> BUKU PEMBANTU LS BENDAHARA | BN30: =IF(E30="C1",L30,IF(E30="C1",L30,IF(E30="R2",L30,IF(E30="L7",L30,0)))) -> 0 | BO30: =BL30 -> 6 | BP30: =IF(BO30="","",VLOOKUP(BO30,Nama_Buku,2)) -> BUKU PEMBANTU LS BENDAHARA | BQ30: =IF(E30="C2",L30,IF(E30="I1",L30,IF(E30="I2",L30,IF(E30="M9",L30,IF(E30="M3",L30,IF(E30="K3",L30,IF(E30="R1",L30,IF(E30="L6",L30,0)))))))) -> 19322985 | BR30: 7 | BS30: =IF(BR30="","",VLOOKUP(BR30,Nama_Buku,2)) -> BUKU PEMBANTU UANG MUKA PERJADIN | BT30: =IF(E30="K1",L30,IF(E30="K2",L30,0)) -> 0 | BU30: =BR30 -> 7 | BV30: =IF(BU30="","",VLOOKUP(BU30,Nama_Buku,2)) -> BUKU PEMBANTU UANG MUKA PERJADIN | BW30: =IF(E30="K3",L30,IF(E30="K4",L30,0)) -> 0 | BX30: 8 | BY30: =IF(BX30="","",VLOOKUP(BX30,Nama_Buku,2)) -> BUKU PEMBANTU PAJAK UP | BZ30: =IF(E30="M1",L30,IF(E30="M4",L30,IF(E30="M8",L30,0))) -> 0 | CA30: =BX30 -> 8 | CB30: =IF(CA30="","",VLOOKUP(CA30,Nama_Buku,2)) -> BUKU PEMBANTU PAJAK UP | CC30: =IF(E30="M2",L30,IF(E30="M3",L30,IF(E30="M5",L30,0))) -> 19322985 | CD30: 9 | CE30: =IF(CD30="","",VLOOKUP(CD30,Nama_Buku,2)) -> BUKU PEMBANTU BUNGA REKENING | CF30: =IF(E30="L1",L30,IF(E30="R1",L30,0)) -> 0 | CG30: =CD30 -> 9 | CH30: =IF(CG30="","",VLOOKUP(CG30,Nama_Buku,2)) -> BUKU PEMBANTU BUNGA REKENING | CI30: =IF(E30="L2",L30,IF(E30="L3",L30,0)) -> 0 | CJ30: 10 | CK30: =IF(CJ30="","",VLOOKUP(CJ30,Nama_Buku,2)) -> BUKU PEMBANTU PAJAK UP & LS | CL30: =IF(E30="M1",L30,IF(E30="M4",L30,IF(E30="M6",L30,IF(E30="M8",L30,0)))) -> 0 | CM30: =CJ30 -> 10 | CN30: =IF(CM30="","",VLOOKUP(CM30,Nama_Buku,2)) -> BUKU PEMBANTU PAJAK UP & LS | CO30: =IF(E30="M2",L30,IF(E30="M3",L30,IF(E30="M5",L30,IF(E30="M7",L30,IF(E30="M9",L30,0))))) -> 19322985 | CP30: =IF(E30="H1",L30,IF(E30="H2",L30,IF(E30="J3",L30,IF(E30="K3",L30,0)))) -> 0 | CQ30: =IF(E30="H1",M30,IF(E30="H2",M30,IF(E30="J3",M30,0))) -> 0 | CR30: =IF(E30="H1",N30,IF(E30="H2",N30,IF(E30="J3",N30,0))) -> 0 | CS30: 11 | CT30: =IF(CS30="","",VLOOKUP(CS30,Nama_Buku,2)) -> BUKU PENGESAHAN BELANJA | CU30: =IF(E30="C2",L30,IF(E30="I1",L30,IF(E30="I2",L30,IF(E30="K3",L30,IF(E30="M3",L30,IF(E30="M9",L30,0)))))) -> 19322985 | CV30: =CS30 -> 11 | CW30: =IF(CV30="","",VLOOKUP(CV30,Nama_Buku,2)) -> BUKU PENGESAHAN BELANJA | CX30: =IF(E30="C3",L30,0) -> 0 | CY30: 12 | CZ30: =IF(CY30="","",VLOOKUP(CY30,Nama_Buku,2)) -> BUKU PENGEMBALIAN BELANJA | DA30: =IF(E30="L4",L30,IF(E30="R2",L30,0)) -> 0 | DB30: =CY30 -> 12 | DC30: =IF(DB30="","",VLOOKUP(DB30,Nama_Buku,2)) -> BUKU PENGEMBALIAN BELANJA | DD30: =IF(E30="L5",L30,IF(E30="L5",L30,0)) -> 0
A31: 021 | C31: 46051 | D31: ="2026."&A31 -> 2026.021 | E31: M8 | F31: Pungut Pajak Belanja Barang Pengadaan Obat Air | H31: CV. GUNA AHKLAK SUKSES | K31: PPh 23 | L31: 3513270 | N31: PPh 23 | O31: =IF(E31="A",L31,IF(E31="B",L31,IF(E31="C1",L31,IF(E31="D1",L31,IF(E31="E",L31,IF(E31="F",L31,IF(E31="G1",L31,IF(E31="G2",L31,IF(E31="R1",L31,IF(E31="L4",L31,IF(E31="R2",L31,IF(E31="l7",L31,0)))))))))))) -> 0 | P31: =IF(E31="J1",L31,IF(E31="J2",L31,IF(E31="J4",L31,IF(E31="K1",L31,IF(E31="K2",L31,IF(E31="K4",L31,IF(E31="L1",L31,IF(E31="M1",L31,IF(E31="M6",L31,IF(E31="M6",L31,0)))))))))) -> 0 | Q31: =IF(E31="M4",L31,0) -> 0 | R31: 1 | S31: =IF(R31="","",VLOOKUP(R31,Nama_Buku,2)) -> BUKU KAS UMUM | T31: =AVERAGE(O31+P31+Q31) -> 0 | U31: =IF(E31="A",L31,IF(E31="C2",L31,IF(E31="D2",L31,IF(E31="E",L31,IF(E31="F",L31,IF(E31="G1",L31,IF(E31="G2",L31,IF(E31="H1",L31,IF(E31="R1",L31,0))))))))) -> 0 | V31: =IF(E31="H2",L31,IF(E31="I1",L31,IF(E31="I2",L31,IF(E31="J1",L31,IF(E31="J2",L31,IF(E31="J3",L31,IF(E31="J4",L31,IF(E31="K1",L31,0)))))))) -> 0 | W31: =IF(E31="K2",L31,IF(E31="K3",L31,IF(E31="K4",L31,IF(E31="L2",L31,IF(E31="L3",L31,IF(E31="M2",L31,IF(E31="M3",L31,IF(E31="M7",L31,IF(E31="L5",L31,IF(E31="L6",L31,0)))))))))) -> 0 | X31: =IF(E31="N1",L31,IF(E31="N2",L31,0)) -> 0 | Y31: =R31 -> 1 | Z31: =IF(Y31="","",VLOOKUP(Y31,Nama_Buku,2)) -> BUKU KAS UMUM | AA31: =AVERAGE(U31+V31+W31+X31) -> 0 | AB31: 10 | AC31: =IF(AB31="","",VLOOKUP(AB31,Nama_Buku,2)) -> BUKU PEMBANTU PAJAK UP & LS | AD31: =IF(E31="B",L31,IF(E31="C1",L31,IF(E31="D1",L31,IF(E31="J1",-L31,IF(E31="J2",-L31,IF(E31="L1",L31,IF(E31="M1",L31,IF(E31="M4",L31,IF(E31="M8",L31,IF(E31="R2",L31,0)))))))))) -> 3513270 | AE31: =IF(E31="K1",-L31,IF(E31="K2",-L31,)) -> 0 | AF31: =AVERAGE(AD31+AE31) -> 3513270 | AG31: =IF(E31="C2",L31,IF(E31="D2",L31,IF(E31="H1",L31,IF(E31="H2",L31,IF(E31="I1",L31,IF(E31="I2",L31,IF(E31="J4",-L31,IF(E31="K4",-L31,0)))))))) -> 0 | AH31: =IF(E31="L2",L31,IF(E31="L3",L31,IF(E31="M2",L31,IF(E31="M3",L31,IF(E31="M5",L31,IF(E31="N1",L31,IF(E31="N2",L31,0))))))) -> 0 | AI31: =AB31 -> 10 | AJ31: =IF(AI31="","",VLOOKUP(AI31,Nama_Buku,2)) -> BUKU PEMBANTU PAJAK UP & LS | AK31: =AVERAGE(AG31+AH31) -> 0 | AL31: 2 | AM31: =IF(AL31="","",VLOOKUP(AL31,Nama_Buku,2)) -> BUKU PEMBANTU KAS TUNAI | AN31: =IF(E31="G1",L31,IF(E31="J4",L31,IF(E31="K4",L31,IF(E31="M1",L31,0)))) -> 0 | AO31: =AL31 -> 2 | AP31: =IF(AO31="","",VLOOKUP(AO31,Nama_Buku,2)) -> BUKU PEMBANTU KAS TUNAI | AQ31: =IF(E31="G2",L31,IF(E31="H1",L31,IF(E31="I1",L31,IF(E31="J1",L31,IF(E31="K1",L31,IF(E31="L2",L31,IF(E31="M2",L31,IF(E31="N1",L31,0)))))))) -> 0 | AR31: 3 | AS31: =IF(AR31="","",VLOOKUP(AR31,Nama_Buku,2)) -> BUKU PEMBANTU BANK | AT31: =IF(E31="B",L31,IF(E31="C1",L31,IF(E31="D1",L31,IF(E31="G2",L31,IF(E31="L1",L31,IF(E31="L4",L31,IF(E31="R2",L31,IF(E31="L7",L31,0)))))))) -> 0 | AU31: =IF(E31="C2",L31,IF(E31="D2",L31,IF(E31="G1",L31,IF(E31="H2",L31,IF(E31="I2",L31,IF(E31="J2",L31,IF(E31="K2",L31,IF(E31="L3",L31,IF(E31="L5",L31,IF(E31="L6",L31,0)))))))))) -> 0 | AV31: =IF(E31="M3",L31,IF(E31="N2",L31,IF(E31="M9",L31,0))) -> 0 | AW31: =AR31 -> 3 | AX31: =IF(AW31="","",VLOOKUP(AW31,Nama_Buku,2)) -> BUKU PEMBANTU BANK | AY31: =AVERAGE(AU31+AV31) -> 0 | AZ31: 4 | BA31: =IF(AZ31="","",VLOOKUP(AZ31,Nama_Buku,2)) -> BUKU PEMBANTU BPP | BB31: =IF(E31="J1",L31,IF(E31="J2",L31,IF(E31="M4",L31,0))) -> 0 | BC31: =AZ31 -> 4 | BD31: =IF(BC31="","",VLOOKUP(BC31,Nama_Buku,2)) -> BUKU PEMBANTU BPP | BE31: =IF(E31="J3",L31,IF(E31="J4",L31,IF(E31="M5",L31,0))) -> 0 | BF31: 5 | BG31: =IF(BF31="","",VLOOKUP(BF31,Nama_Buku,2)) -> BUKU PEMBANTU UANG PERSEDIAAN | BH31: =IF(E31="B",L31,IF(E31="D1",L31,0)) -> 0 | BI31: =BF31 -> 5 | BJ31: =IF(BI31="","",VLOOKUP(BI31,Nama_Buku,2)) -> BUKU PEMBANTU UANG PERSEDIAAN | BK31: =IF(E31="D2",L31,IF(E31="H1",L31,IF(E31="H2",L31,IF(E31="J3",L31,IF(E31="K3",L31,IF(E31="N1",L31,IF(E31="N2",L31,0))))))) -> 0 | BL31: 6 | BM31: =IF(BL31="","",VLOOKUP(BL31,Nama_Buku,2)) -> BUKU PEMBANTU LS BENDAHARA | BN31: =IF(E31="C1",L31,IF(E31="C1",L31,IF(E31="R2",L31,IF(E31="L7",L31,0)))) -> 0 | BO31: =BL31 -> 6 | BP31: =IF(BO31="","",VLOOKUP(BO31,Nama_Buku,2)) -> BUKU PEMBANTU LS BENDAHARA | BQ31: =IF(E31="C2",L31,IF(E31="I1",L31,IF(E31="I2",L31,IF(E31="M9",L31,IF(E31="M3",L31,IF(E31="K3",L31,IF(E31="R1",L31,IF(E31="L6",L31,0)))))))) -> 0 | BR31: 7 | BS31: =IF(BR31="","",VLOOKUP(BR31,Nama_Buku,2)) -> BUKU PEMBANTU UANG MUKA PERJADIN | BT31: =IF(E31="K1",L31,IF(E31="K2",L31,0)) -> 0 | BU31: =BR31 -> 7 | BV31: =IF(BU31="","",VLOOKUP(BU31,Nama_Buku,2)) -> BUKU PEMBANTU UANG MUKA PERJADIN | BW31: =IF(E31="K3",L31,IF(E31="K4",L31,0)) -> 0 | BX31: 8 | BY31: =IF(BX31="","",VLOOKUP(BX31,Nama_Buku,2)) -> BUKU PEMBANTU PAJAK UP | BZ31: =IF(E31="M1",L31,IF(E31="M4",L31,IF(E31="M8",L31,0))) -> 3513270 | CA31: =BX31 -> 8 | CB31: =IF(CA31="","",VLOOKUP(CA31,Nama_Buku,2)) -> BUKU PEMBANTU PAJAK UP | CC31: =IF(E31="M2",L31,IF(E31="M3",L31,IF(E31="M5",L31,0))) -> 0 | CD31: 9 | CE31: =IF(CD31="","",VLOOKUP(CD31,Nama_Buku,2)) -> BUKU PEMBANTU BUNGA REKENING | CF31: =IF(E31="L1",L31,IF(E31="R1",L31,0)) -> 0 | CG31: =CD31 -> 9 | CH31: =IF(CG31="","",VLOOKUP(CG31,Nama_Buku,2)) -> BUKU PEMBANTU BUNGA REKENING | CI31: =IF(E31="L2",L31,IF(E31="L3",L31,0)) -> 0 | CJ31: 10 | CK31: =IF(CJ31="","",VLOOKUP(CJ31,Nama_Buku,2)) -> BUKU PEMBANTU PAJAK UP & LS | CL31: =IF(E31="M1",L31,IF(E31="M4",L31,IF(E31="M6",L31,IF(E31="M8",L31,0)))) -> 3513270 | CM31: =CJ31 -> 10 | CN31: =IF(CM31="","",VLOOKUP(CM31,Nama_Buku,2)) -> BUKU PEMBANTU PAJAK UP & LS | CO31: =IF(E31="M2",L31,IF(E31="M3",L31,IF(E31="M5",L31,IF(E31="M7",L31,IF(E31="M9",L31,0))))) -> 0 | CP31: =IF(E31="H1",L31,IF(E31="H2",L31,IF(E31="J3",L31,IF(E31="K3",L31,0)))) -> 0 | CQ31: =IF(E31="H1",M31,IF(E31="H2",M31,IF(E31="J3",M31,0))) -> 0 | CR31: =IF(E31="H1",N31,IF(E31="H2",N31,IF(E31="J3",N31,0))) -> 0 | CS31: 11 | CT31: =IF(CS31="","",VLOOKUP(CS31,Nama_Buku,2)) -> BUKU PENGESAHAN BELANJA | CU31: =IF(E31="C2",L31,IF(E31="I1",L31,IF(E31="I2",L31,IF(E31="K3",L31,IF(E31="M3",L31,IF(E31="M9",L31,0)))))) -> 0 | CV31: =CS31 -> 11 | CW31: =IF(CV31="","",VLOOKUP(CV31,Nama_Buku,2)) -> BUKU PENGESAHAN BELANJA | CX31: =IF(E31="C3",L31,0) -> 0 | CY31: 12 | CZ31: =IF(CY31="","",VLOOKUP(CY31,Nama_Buku,2)) -> BUKU PENGEMBALIAN BELANJA | DA31: =IF(E31="L4",L31,IF(E31="R2",L31,0)) -> 0 | DB31: =CY31 -> 12 | DC31: =IF(DB31="","",VLOOKUP(DB31,Nama_Buku,2)) -> BUKU PENGEMBALIAN BELANJA | DD31: =IF(E31="L5",L31,IF(E31="L5",L31,0)) -> 0
A32: 022 | C32: 46051 | D32: ="2026."&A32 -> 2026.022 | E32: M3 | F32: Setor Pajak Belanja Barang Pengadaan Obat Air | H32: CV. GUNA AHKLAK SUKSES | K32: PPh 23 | L32: 3513270 | N32: PPh 23 | O32: =IF(E32="A",L32,IF(E32="B",L32,IF(E32="C1",L32,IF(E32="D1",L32,IF(E32="E",L32,IF(E32="F",L32,IF(E32="G1",L32,IF(E32="G2",L32,IF(E32="R1",L32,IF(E32="L4",L32,IF(E32="R2",L32,IF(E32="l7",L32,0)))))))))))) -> 0 | P32: =IF(E32="J1",L32,IF(E32="J2",L32,IF(E32="J4",L32,IF(E32="K1",L32,IF(E32="K2",L32,IF(E32="K4",L32,IF(E32="L1",L32,IF(E32="M1",L32,IF(E32="M6",L32,IF(E32="M6",L32,0)))))))))) -> 0 | Q32: =IF(E32="M4",L32,0) -> 0 | R32: 1 | S32: =IF(R32="","",VLOOKUP(R32,Nama_Buku,2)) -> BUKU KAS UMUM | T32: =AVERAGE(O32+P32+Q32) -> 0 | U32: =IF(E32="A",L32,IF(E32="C2",L32,IF(E32="D2",L32,IF(E32="E",L32,IF(E32="F",L32,IF(E32="G1",L32,IF(E32="G2",L32,IF(E32="H1",L32,IF(E32="R1",L32,0))))))))) -> 0 | V32: =IF(E32="H2",L32,IF(E32="I1",L32,IF(E32="I2",L32,IF(E32="J1",L32,IF(E32="J2",L32,IF(E32="J3",L32,IF(E32="J4",L32,IF(E32="K1",L32,0)))))))) -> 0 | W32: =IF(E32="K2",L32,IF(E32="K3",L32,IF(E32="K4",L32,IF(E32="L2",L32,IF(E32="L3",L32,IF(E32="M2",L32,IF(E32="M3",L32,IF(E32="M7",L32,IF(E32="L5",L32,IF(E32="L6",L32,0)))))))))) -> 3513270 | X32: =IF(E32="N1",L32,IF(E32="N2",L32,0)) -> 0 | Y32: =R32 -> 1 | Z32: =IF(Y32="","",VLOOKUP(Y32,Nama_Buku,2)) -> BUKU KAS UMUM | AA32: =AVERAGE(U32+V32+W32+X32) -> 3513270 | AB32: 10 | AC32: =IF(AB32="","",VLOOKUP(AB32,Nama_Buku,2)) -> BUKU PEMBANTU PAJAK UP & LS | AD32: =IF(E32="B",L32,IF(E32="C1",L32,IF(E32="D1",L32,IF(E32="J1",-L32,IF(E32="J2",-L32,IF(E32="L1",L32,IF(E32="M1",L32,IF(E32="M4",L32,IF(E32="M8",L32,IF(E32="R2",L32,0)))))))))) -> 0 | AE32: =IF(E32="K1",-L32,IF(E32="K2",-L32,)) -> 0 | AF32: =AVERAGE(AD32+AE32) -> 0 | AG32: =IF(E32="C2",L32,IF(E32="D2",L32,IF(E32="H1",L32,IF(E32="H2",L32,IF(E32="I1",L32,IF(E32="I2",L32,IF(E32="J4",-L32,IF(E32="K4",-L32,0)))))))) -> 0 | AH32: =IF(E32="L2",L32,IF(E32="L3",L32,IF(E32="M2",L32,IF(E32="M3",L32,IF(E32="M5",L32,IF(E32="N1",L32,IF(E32="N2",L32,0))))))) -> 3513270 | AI32: =AB32 -> 10 | AJ32: =IF(AI32="","",VLOOKUP(AI32,Nama_Buku,2)) -> BUKU PEMBANTU PAJAK UP & LS | AK32: =AVERAGE(AG32+AH32) -> 3513270 | AL32: 2 | AM32: =IF(AL32="","",VLOOKUP(AL32,Nama_Buku,2)) -> BUKU PEMBANTU KAS TUNAI | AN32: =IF(E32="G1",L32,IF(E32="J4",L32,IF(E32="K4",L32,IF(E32="M1",L32,0)))) -> 0 | AO32: =AL32 -> 2 | AP32: =IF(AO32="","",VLOOKUP(AO32,Nama_Buku,2)) -> BUKU PEMBANTU KAS TUNAI | AQ32: =IF(E32="G2",L32,IF(E32="H1",L32,IF(E32="I1",L32,IF(E32="J1",L32,IF(E32="K1",L32,IF(E32="L2",L32,IF(E32="M2",L32,IF(E32="N1",L32,0)))))))) -> 0 | AR32: 3 | AS32: =IF(AR32="","",VLOOKUP(AR32,Nama_Buku,2)) -> BUKU PEMBANTU BANK | AT32: =IF(E32="B",L32,IF(E32="C1",L32,IF(E32="D1",L32,IF(E32="G2",L32,IF(E32="L1",L32,IF(E32="L4",L32,IF(E32="R2",L32,IF(E32="L7",L32,0)))))))) -> 0 | AU32: =IF(E32="C2",L32,IF(E32="D2",L32,IF(E32="G1",L32,IF(E32="H2",L32,IF(E32="I2",L32,IF(E32="J2",L32,IF(E32="K2",L32,IF(E32="L3",L32,IF(E32="L5",L32,IF(E32="L6",L32,0)))))))))) -> 0 | AV32: =IF(E32="M3",L32,IF(E32="N2",L32,IF(E32="M9",L32,0))) -> 3513270 | AW32: =AR32 -> 3 | AX32: =IF(AW32="","",VLOOKUP(AW32,Nama_Buku,2)) -> BUKU PEMBANTU BANK | AY32: =AVERAGE(AU32+AV32) -> 3513270 | AZ32: 4 | BA32: =IF(AZ32="","",VLOOKUP(AZ32,Nama_Buku,2)) -> BUKU PEMBANTU BPP | BB32: =IF(E32="J1",L32,IF(E32="J2",L32,IF(E32="M4",L32,0))) -> 0 | BC32: =AZ32 -> 4 | BD32: =IF(BC32="","",VLOOKUP(BC32,Nama_Buku,2)) -> BUKU PEMBANTU BPP | BE32: =IF(E32="J3",L32,IF(E32="J4",L32,IF(E32="M5",L32,0))) -> 0 | BF32: 5 | BG32: =IF(BF32="","",VLOOKUP(BF32,Nama_Buku,2)) -> BUKU PEMBANTU UANG PERSEDIAAN | BH32: =IF(E32="B",L32,IF(E32="D1",L32,0)) -> 0 | BI32: =BF32 -> 5 | BJ32: =IF(BI32="","",VLOOKUP(BI32,Nama_Buku,2)) -> BUKU PEMBANTU UANG PERSEDIAAN | BK32: =IF(E32="D2",L32,IF(E32="H1",L32,IF(E32="H2",L32,IF(E32="J3",L32,IF(E32="K3",L32,IF(E32="N1",L32,IF(E32="N2",L32,0))))))) -> 0 | BL32: 6 | BM32: =IF(BL32="","",VLOOKUP(BL32,Nama_Buku,2)) -> BUKU PEMBANTU LS BENDAHARA | BN32: =IF(E32="C1",L32,IF(E32="C1",L32,IF(E32="R2",L32,IF(E32="L7",L32,0)))) -> 0 | BO32: =BL32 -> 6 | BP32: =IF(BO32="","",VLOOKUP(BO32,Nama_Buku,2)) -> BUKU PEMBANTU LS BENDAHARA | BQ32: =IF(E32="C2",L32,IF(E32="I1",L32,IF(E32="I2",L32,IF(E32="M9",L32,IF(E32="M3",L32,IF(E32="K3",L32,IF(E32="R1",L32,IF(E32="L6",L32,0)))))))) -> 3513270 | BR32: 7 | BS32: =IF(BR32="","",VLOOKUP(BR32,Nama_Buku,2)) -> BUKU PEMBANTU UANG MUKA PERJADIN | BT32: =IF(E32="K1",L32,IF(E32="K2",L32,0)) -> 0 | BU32: =BR32 -> 7 | BV32: =IF(BU32="","",VLOOKUP(BU32,Nama_Buku,2)) -> BUKU PEMBANTU UANG MUKA PERJADIN | BW32: =IF(E32="K3",L32,IF(E32="K4",L32,0)) -> 0 | BX32: 8 | BY32: =IF(BX32="","",VLOOKUP(BX32,Nama_Buku,2)) -> BUKU PEMBANTU PAJAK UP | BZ32: =IF(E32="M1",L32,IF(E32="M4",L32,IF(E32="M8",L32,0))) -> 0 | CA32: =BX32 -> 8 | CB32: =IF(CA32="","",VLOOKUP(CA32,Nama_Buku,2)) -> BUKU PEMBANTU PAJAK UP | CC32: =IF(E32="M2",L32,IF(E32="M3",L32,IF(E32="M5",L32,0))) -> 3513270 | CD32: 9 | CE32: =IF(CD32="","",VLOOKUP(CD32,Nama_Buku,2)) -> BUKU PEMBANTU BUNGA REKENING | CF32: =IF(E32="L1",L32,IF(E32="R1",L32,0)) -> 0 | CG32: =CD32 -> 9 | CH32: =IF(CG32="","",VLOOKUP(CG32,Nama_Buku,2)) -> BUKU PEMBANTU BUNGA REKENING | CI32: =IF(E32="L2",L32,IF(E32="L3",L32,0)) -> 0 | CJ32: 10 | CK32: =IF(CJ32="","",VLOOKUP(CJ32,Nama_Buku,2)) -> BUKU PEMBANTU PAJAK UP & LS | CL32: =IF(E32="M1",L32,IF(E32="M4",L32,IF(E32="M6",L32,IF(E32="M8",L32,0)))) -> 0 | CM32: =CJ32 -> 10 | CN32: =IF(CM32="","",VLOOKUP(CM32,Nama_Buku,2)) -> BUKU PEMBANTU PAJAK UP & LS | CO32: =IF(E32="M2",L32,IF(E32="M3",L32,IF(E32="M5",L32,IF(E32="M7",L32,IF(E32="M9",L32,0))))) -> 3513270 | CP32: =IF(E32="H1",L32,IF(E32="H2",L32,IF(E32="J3",L32,IF(E32="K3",L32,0)))) -> 0 | CQ32: =IF(E32="H1",M32,IF(E32="H2",M32,IF(E32="J3",M32,0))) -> 0 | CR32: =IF(E32="H1",N32,IF(E32="H2",N32,IF(E32="J3",N32,0))) -> 0 | CS32: 11 | CT32: =IF(CS32="","",VLOOKUP(CS32,Nama_Buku,2)) -> BUKU PENGESAHAN BELANJA | CU32: =IF(E32="C2",L32,IF(E32="I1",L32,IF(E32="I2",L32,IF(E32="K3",L32,IF(E32="M3",L32,IF(E32="M9",L32,0)))))) -> 3513270 | CV32: =CS32 -> 11 | CW32: =IF(CV32="","",VLOOKUP(CV32,Nama_Buku,2)) -> BUKU PENGESAHAN BELANJA | CX32: =IF(E32="C3",L32,0) -> 0 | CY32: 12 | CZ32: =IF(CY32="","",VLOOKUP(CY32,Nama_Buku,2)) -> BUKU PENGEMBALIAN BELANJA | DA32: =IF(E32="L4",L32,IF(E32="R2",L32,0)) -> 0 | DB32: =CY32 -> 12 | DC32: =IF(DB32="","",VLOOKUP(DB32,Nama_Buku,2)) -> BUKU PENGEMBALIAN BELANJA | DD32: =IF(E32="L5",L32,IF(E32="L5",L32,0)) -> 0
A33: 023 | C33: 46051 | D33: ="2026."&A33 -> 2026.023 | E33: I2 | F33: Pembayaran Belanja Barang Pemeliharaan Fasilitas Sisi Udara | H33: PT. ANGKASA JAYA SERVIS | L33: 31752000 | O33: =IF(E33="A",L33,IF(E33="B",L33,IF(E33="C1",L33,IF(E33="D1",L33,IF(E33="E",L33,IF(E33="F",L33,IF(E33="G1",L33,IF(E33="G2",L33,IF(E33="R1",L33,IF(E33="L4",L33,IF(E33="R2",L33,IF(E33="l7",L33,0)))))))))))) -> 0 | P33: =IF(E33="J1",L33,IF(E33="J2",L33,IF(E33="J4",L33,IF(E33="K1",L33,IF(E33="K2",L33,IF(E33="K4",L33,IF(E33="L1",L33,IF(E33="M1",L33,IF(E33="M6",L33,IF(E33="M6",L33,0)))))))))) -> 0 | Q33: =IF(E33="M4",L33,0) -> 0 | R33: 1 | S33: =IF(R33="","",VLOOKUP(R33,Nama_Buku,2)) -> BUKU KAS UMUM | T33: =AVERAGE(O33+P33+Q33) -> 0 | U33: =IF(E33="A",L33,IF(E33="C2",L33,IF(E33="D2",L33,IF(E33="E",L33,IF(E33="F",L33,IF(E33="G1",L33,IF(E33="G2",L33,IF(E33="H1",L33,IF(E33="R1",L33,0))))))))) -> 0 | V33: =IF(E33="H2",L33,IF(E33="I1",L33,IF(E33="I2",L33,IF(E33="J1",L33,IF(E33="J2",L33,IF(E33="J3",L33,IF(E33="J4",L33,IF(E33="K1",L33,0)))))))) -> 31752000 | W33: =IF(E33="K2",L33,IF(E33="K3",L33,IF(E33="K4",L33,IF(E33="L2",L33,IF(E33="L3",L33,IF(E33="M2",L33,IF(E33="M3",L33,IF(E33="M7",L33,IF(E33="L5",L33,IF(E33="L6",L33,0)))))))))) -> 0 | X33: =IF(E33="N1",L33,IF(E33="N2",L33,0)) -> 0 | Y33: =R33 -> 1 | Z33: =IF(Y33="","",VLOOKUP(Y33,Nama_Buku,2)) -> BUKU KAS UMUM | AA33: =AVERAGE(U33+V33+W33+X33) -> 31752000 | AB33: 10 | AC33: =IF(AB33="","",VLOOKUP(AB33,Nama_Buku,2)) -> BUKU PEMBANTU PAJAK UP & LS | AD33: =IF(E33="B",L33,IF(E33="C1",L33,IF(E33="D1",L33,IF(E33="J1",-L33,IF(E33="J2",-L33,IF(E33="L1",L33,IF(E33="M1",L33,IF(E33="M4",L33,IF(E33="M8",L33,IF(E33="R2",L33,0)))))))))) -> 0 | AE33: =IF(E33="K1",-L33,IF(E33="K2",-L33,)) -> 0 | AF33: =AVERAGE(AD33+AE33) -> 0 | AG33: =IF(E33="C2",L33,IF(E33="D2",L33,IF(E33="H1",L33,IF(E33="H2",L33,IF(E33="I1",L33,IF(E33="I2",L33,IF(E33="J4",-L33,IF(E33="K4",-L33,0)))))))) -> 31752000 | AH33: =IF(E33="L2",L33,IF(E33="L3",L33,IF(E33="M2",L33,IF(E33="M3",L33,IF(E33="M5",L33,IF(E33="N1",L33,IF(E33="N2",L33,0))))))) -> 0 | AI33: =AB33 -> 10 | AJ33: =IF(AI33="","",VLOOKUP(AI33,Nama_Buku,2)) -> BUKU PEMBANTU PAJAK UP & LS | AK33: =AVERAGE(AG33+AH33) -> 31752000 | AL33: 2 | AM33: =IF(AL33="","",VLOOKUP(AL33,Nama_Buku,2)) -> BUKU PEMBANTU KAS TUNAI | AN33: =IF(E33="G1",L33,IF(E33="J4",L33,IF(E33="K4",L33,IF(E33="M1",L33,0)))) -> 0 | AO33: =AL33 -> 2 | AP33: =IF(AO33="","",VLOOKUP(AO33,Nama_Buku,2)) -> BUKU PEMBANTU KAS TUNAI | AQ33: =IF(E33="G2",L33,IF(E33="H1",L33,IF(E33="I1",L33,IF(E33="J1",L33,IF(E33="K1",L33,IF(E33="L2",L33,IF(E33="M2",L33,IF(E33="N1",L33,0)))))))) -> 0 | AR33: 3 | AS33: =IF(AR33="","",VLOOKUP(AR33,Nama_Buku,2)) -> BUKU PEMBANTU BANK | AT33: =IF(E33="B",L33,IF(E33="C1",L33,IF(E33="D1",L33,IF(E33="G2",L33,IF(E33="L1",L33,IF(E33="L4",L33,IF(E33="R2",L33,IF(E33="L7",L33,0)))))))) -> 0 | AU33: =IF(E33="C2",L33,IF(E33="D2",L33,IF(E33="G1",L33,IF(E33="H2",L33,IF(E33="I2",L33,IF(E33="J2",L33,IF(E33="K2",L33,IF(E33="L3",L33,IF(E33="L5",L33,IF(E33="L6",L33,0)))))))))) -> 31752000 | AV33: =IF(E33="M3",L33,IF(E33="N2",L33,IF(E33="M9",L33,0))) -> 0 | AW33: =AR33 -> 3 | AX33: =IF(AW33="","",VLOOKUP(AW33,Nama_Buku,2)) -> BUKU PEMBANTU BANK | AY33: =AVERAGE(AU33+AV33) -> 31752000 | AZ33: 4 | BA33: =IF(AZ33="","",VLOOKUP(AZ33,Nama_Buku,2)) -> BUKU PEMBANTU BPP | BB33: =IF(E33="J1",L33,IF(E33="J2",L33,IF(E33="M4",L33,0))) -> 0 | BC33: =AZ33 -> 4 | BD33: =IF(BC33="","",VLOOKUP(BC33,Nama_Buku,2)) -> BUKU PEMBANTU BPP | BE33: =IF(E33="J3",L33,IF(E33="J4",L33,IF(E33="M5",L33,0))) -> 0 | BF33: 5 | BG33: =IF(BF33="","",VLOOKUP(BF33,Nama_Buku,2)) -> BUKU PEMBANTU UANG PERSEDIAAN | BH33: =IF(E33="B",L33,IF(E33="D1",L33,0)) -> 0 | BI33: =BF33 -> 5 | BJ33: =IF(BI33="","",VLOOKUP(BI33,Nama_Buku,2)) -> BUKU PEMBANTU UANG PERSEDIAAN | BK33: =IF(E33="D2",L33,IF(E33="H1",L33,IF(E33="H2",L33,IF(E33="J3",L33,IF(E33="K3",L33,IF(E33="N1",L33,IF(E33="N2",L33,0))))))) -> 0 | BL33: 6 | BM33: =IF(BL33="","",VLOOKUP(BL33,Nama_Buku,2)) -> BUKU PEMBANTU LS BENDAHARA | BN33: =IF(E33="C1",L33,IF(E33="C1",L33,IF(E33="R2",L33,IF(E33="L7",L33,0)))) -> 0 | BO33: =BL33 -> 6 | BP33: =IF(BO33="","",VLOOKUP(BO33,Nama_Buku,2)) -> BUKU PEMBANTU LS BENDAHARA | BQ33: =IF(E33="C2",L33,IF(E33="I1",L33,IF(E33="I2",L33,IF(E33="M9",L33,IF(E33="M3",L33,IF(E33="K3",L33,IF(E33="R1",L33,IF(E33="L6",L33,0)))))))) -> 31752000 | BR33: 7 | BS33: =IF(BR33="","",VLOOKUP(BR33,Nama_Buku,2)) -> BUKU PEMBANTU UANG MUKA PERJADIN | BT33: =IF(E33="K1",L33,IF(E33="K2",L33,0)) -> 0 | BU33: =BR33 -> 7 | BV33: =IF(BU33="","",VLOOKUP(BU33,Nama_Buku,2)) -> BUKU PEMBANTU UANG MUKA PERJADIN | BW33: =IF(E33="K3",L33,IF(E33="K4",L33,0)) -> 0 | BX33: 8 | BY33: =IF(BX33="","",VLOOKUP(BX33,Nama_Buku,2)) -> BUKU PEMBANTU PAJAK UP | BZ33: =IF(E33="M1",L33,IF(E33="M4",L33,IF(E33="M8",L33,0))) -> 0 | CA33: =BX33 -> 8 | CB33: =IF(CA33="","",VLOOKUP(CA33,Nama_Buku,2)) -> BUKU PEMBANTU PAJAK UP | CC33: =IF(E33="M2",L33,IF(E33="M3",L33,IF(E33="M5",L33,0))) -> 0 | CD33: 9 | CE33: =IF(CD33="","",VLOOKUP(CD33,Nama_Buku,2)) -> BUKU PEMBANTU BUNGA REKENING | CF33: =IF(E33="L1",L33,IF(E33="R1",L33,0)) -> 0 | CG33: =CD33 -> 9 | CH33: =IF(CG33="","",VLOOKUP(CG33,Nama_Buku,2)) -> BUKU PEMBANTU BUNGA REKENING | CI33: =IF(E33="L2",L33,IF(E33="L3",L33,0)) -> 0 | CJ33: 10 | CK33: =IF(CJ33="","",VLOOKUP(CJ33,Nama_Buku,2)) -> BUKU PEMBANTU PAJAK UP & LS | CL33: =IF(E33="M1",L33,IF(E33="M4",L33,IF(E33="M6",L33,IF(E33="M8",L33,0)))) -> 0 | CM33: =CJ33 -> 10 | CN33: =IF(CM33="","",VLOOKUP(CM33,Nama_Buku,2)) -> BUKU PEMBANTU PAJAK UP & LS | CO33: =IF(E33="M2",L33,IF(E33="M3",L33,IF(E33="M5",L33,IF(E33="M7",L33,IF(E33="M9",L33,0))))) -> 0 | CP33: =IF(E33="H1",L33,IF(E33="H2",L33,IF(E33="J3",L33,IF(E33="K3",L33,0)))) -> 0 | CQ33: =IF(E33="H1",M33,IF(E33="H2",M33,IF(E33="J3",M33,0))) -> 0 | CR33: =IF(E33="H1",N33,IF(E33="H2",N33,IF(E33="J3",N33,0))) -> 0 | CS33: 11 | CT33: =IF(CS33="","",VLOOKUP(CS33,Nama_Buku,2)) -> BUKU PENGESAHAN BELANJA | CU33: =IF(E33="C2",L33,IF(E33="I1",L33,IF(E33="I2",L33,IF(E33="K3",L33,IF(E33="M3",L33,IF(E33="M9",L33,0)))))) -> 31752000 | CV33: =CS33 -> 11 | CW33: =IF(CV33="","",VLOOKUP(CV33,Nama_Buku,2)) -> BUKU PENGESAHAN BELANJA | CX33: =IF(E33="C3",L33,0) -> 0 | CY33: 12 | CZ33: =IF(CY33="","",VLOOKUP(CY33,Nama_Buku,2)) -> BUKU PENGEMBALIAN BELANJA | DA33: =IF(E33="L4",L33,IF(E33="R2",L33,0)) -> 0 | DB33: =CY33 -> 12 | DC33: =IF(DB33="","",VLOOKUP(DB33,Nama_Buku,2)) -> BUKU PENGEMBALIAN BELANJA | DD33: =IF(E33="L5",L33,IF(E33="L5",L33,0)) -> 0
A34: 024 | C34: 46051 | D34: ="2026."&A34 -> 2026.024 | E34: M8 | F34: Pungut Pajak Belanja Barang Pemeliharaan Fasilitas Sisi Udara | H34: PT. ANGKASA JAYA SERVIS | K34: PPN | L34: 3564000 | M34: PPN | O34: =IF(E34="A",L34,IF(E34="B",L34,IF(E34="C1",L34,IF(E34="D1",L34,IF(E34="E",L34,IF(E34="F",L34,IF(E34="G1",L34,IF(E34="G2",L34,IF(E34="R1",L34,IF(E34="L4",L34,IF(E34="R2",L34,IF(E34="l7",L34,0)))))))))))) -> 0 | P34: =IF(E34="J1",L34,IF(E34="J2",L34,IF(E34="J4",L34,IF(E34="K1",L34,IF(E34="K2",L34,IF(E34="K4",L34,IF(E34="L1",L34,IF(E34="M1",L34,IF(E34="M6",L34,IF(E34="M6",L34,0)))))))))) -> 0 | Q34: =IF(E34="M4",L34,0) -> 0 | R34: 1 | S34: =IF(R34="","",VLOOKUP(R34,Nama_Buku,2)) -> BUKU KAS UMUM | T34: =AVERAGE(O34+P34+Q34) -> 0 | U34: =IF(E34="A",L34,IF(E34="C2",L34,IF(E34="D2",L34,IF(E34="E",L34,IF(E34="F",L34,IF(E34="G1",L34,IF(E34="G2",L34,IF(E34="H1",L34,IF(E34="R1",L34,0))))))))) -> 0 | V34: =IF(E34="H2",L34,IF(E34="I1",L34,IF(E34="I2",L34,IF(E34="J1",L34,IF(E34="J2",L34,IF(E34="J3",L34,IF(E34="J4",L34,IF(E34="K1",L34,0)))))))) -> 0 | W34: =IF(E34="K2",L34,IF(E34="K3",L34,IF(E34="K4",L34,IF(E34="L2",L34,IF(E34="L3",L34,IF(E34="M2",L34,IF(E34="M3",L34,IF(E34="M7",L34,IF(E34="L5",L34,IF(E34="L6",L34,0)))))))))) -> 0 | X34: =IF(E34="N1",L34,IF(E34="N2",L34,0)) -> 0 | Y34: =R34 -> 1 | Z34: =IF(Y34="","",VLOOKUP(Y34,Nama_Buku,2)) -> BUKU KAS UMUM | AA34: =AVERAGE(U34+V34+W34+X34) -> 0 | AB34: 10 | AC34: =IF(AB34="","",VLOOKUP(AB34,Nama_Buku,2)) -> BUKU PEMBANTU PAJAK UP & LS | AD34: =IF(E34="B",L34,IF(E34="C1",L34,IF(E34="D1",L34,IF(E34="J1",-L34,IF(E34="J2",-L34,IF(E34="L1",L34,IF(E34="M1",L34,IF(E34="M4",L34,IF(E34="M8",L34,IF(E34="R2",L34,0)))))))))) -> 3564000 | AE34: =IF(E34="K1",-L34,IF(E34="K2",-L34,)) -> 0 | AF34: =AVERAGE(AD34+AE34) -> 3564000 | AG34: =IF(E34="C2",L34,IF(E34="D2",L34,IF(E34="H1",L34,IF(E34="H2",L34,IF(E34="I1",L34,IF(E34="I2",L34,IF(E34="J4",-L34,IF(E34="K4",-L34,0)))))))) -> 0 | AH34: =IF(E34="L2",L34,IF(E34="L3",L34,IF(E34="M2",L34,IF(E34="M3",L34,IF(E34="M5",L34,IF(E34="N1",L34,IF(E34="N2",L34,0))))))) -> 0 | AI34: =AB34 -> 10 | AJ34: =IF(AI34="","",VLOOKUP(AI34,Nama_Buku,2)) -> BUKU PEMBANTU PAJAK UP & LS | AK34: =AVERAGE(AG34+AH34) -> 0 | AL34: 2 | AM34: =IF(AL34="","",VLOOKUP(AL34,Nama_Buku,2)) -> BUKU PEMBANTU KAS TUNAI | AN34: =IF(E34="G1",L34,IF(E34="J4",L34,IF(E34="K4",L34,IF(E34="M1",L34,0)))) -> 0 | AO34: =AL34 -> 2 | AP34: =IF(AO34="","",VLOOKUP(AO34,Nama_Buku,2)) -> BUKU PEMBANTU KAS TUNAI | AQ34: =IF(E34="G2",L34,IF(E34="H1",L34,IF(E34="I1",L34,IF(E34="J1",L34,IF(E34="K1",L34,IF(E34="L2",L34,IF(E34="M2",L34,IF(E34="N1",L34,0)))))))) -> 0 | AR34: 3 | AS34: =IF(AR34="","",VLOOKUP(AR34,Nama_Buku,2)) -> BUKU PEMBANTU BANK | AT34: =IF(E34="B",L34,IF(E34="C1",L34,IF(E34="D1",L34,IF(E34="G2",L34,IF(E34="L1",L34,IF(E34="L4",L34,IF(E34="R2",L34,IF(E34="L7",L34,0)))))))) -> 0 | AU34: =IF(E34="C2",L34,IF(E34="D2",L34,IF(E34="G1",L34,IF(E34="H2",L34,IF(E34="I2",L34,IF(E34="J2",L34,IF(E34="K2",L34,IF(E34="L3",L34,IF(E34="L5",L34,IF(E34="L6",L34,0)))))))))) -> 0 | AV34: =IF(E34="M3",L34,IF(E34="N2",L34,IF(E34="M9",L34,0))) -> 0 | AW34: =AR34 -> 3 | AX34: =IF(AW34="","",VLOOKUP(AW34,Nama_Buku,2)) -> BUKU PEMBANTU BANK | AY34: =AVERAGE(AU34+AV34) -> 0 | AZ34: 4 | BA34: =IF(AZ34="","",VLOOKUP(AZ34,Nama_Buku,2)) -> BUKU PEMBANTU BPP | BB34: =IF(E34="J1",L34,IF(E34="J2",L34,IF(E34="M4",L34,0))) -> 0 | BC34: =AZ34 -> 4 | BD34: =IF(BC34="","",VLOOKUP(BC34,Nama_Buku,2)) -> BUKU PEMBANTU BPP | BE34: =IF(E34="J3",L34,IF(E34="J4",L34,IF(E34="M5",L34,0))) -> 0 | BF34: 5 | BG34: =IF(BF34="","",VLOOKUP(BF34,Nama_Buku,2)) -> BUKU PEMBANTU UANG PERSEDIAAN | BH34: =IF(E34="B",L34,IF(E34="D1",L34,0)) -> 0 | BI34: =BF34 -> 5 | BJ34: =IF(BI34="","",VLOOKUP(BI34,Nama_Buku,2)) -> BUKU PEMBANTU UANG PERSEDIAAN | BK34: =IF(E34="D2",L34,IF(E34="H1",L34,IF(E34="H2",L34,IF(E34="J3",L34,IF(E34="K3",L34,IF(E34="N1",L34,IF(E34="N2",L34,0))))))) -> 0 | BL34: 6 | BM34: =IF(BL34="","",VLOOKUP(BL34,Nama_Buku,2)) -> BUKU PEMBANTU LS BENDAHARA | BN34: =IF(E34="C1",L34,IF(E34="C1",L34,IF(E34="R2",L34,IF(E34="L7",L34,0)))) -> 0 | BO34: =BL34 -> 6 | BP34: =IF(BO34="","",VLOOKUP(BO34,Nama_Buku,2)) -> BUKU PEMBANTU LS BENDAHARA | BQ34: =IF(E34="C2",L34,IF(E34="I1",L34,IF(E34="I2",L34,IF(E34="M9",L34,IF(E34="M3",L34,IF(E34="K3",L34,IF(E34="R1",L34,IF(E34="L6",L34,0)))))))) -> 0 | BR34: 7 | BS34: =IF(BR34="","",VLOOKUP(BR34,Nama_Buku,2)) -> BUKU PEMBANTU UANG MUKA PERJADIN | BT34: =IF(E34="K1",L34,IF(E34="K2",L34,0)) -> 0 | BU34: =BR34 -> 7 | BV34: =IF(BU34="","",VLOOKUP(BU34,Nama_Buku,2)) -> BUKU PEMBANTU UANG MUKA PERJADIN | BW34: =IF(E34="K3",L34,IF(E34="K4",L34,0)) -> 0 | BX34: 8 | BY34: =IF(BX34="","",VLOOKUP(BX34,Nama_Buku,2)) -> BUKU PEMBANTU PAJAK UP | BZ34: =IF(E34="M1",L34,IF(E34="M4",L34,IF(E34="M8",L34,0))) -> 3564000 | CA34: =BX34 -> 8 | CB34: =IF(CA34="","",VLOOKUP(CA34,Nama_Buku,2)) -> BUKU PEMBANTU PAJAK UP | CC34: =IF(E34="M2",L34,IF(E34="M3",L34,IF(E34="M5",L34,0))) -> 0 | CD34: 9 | CE34: =IF(CD34="","",VLOOKUP(CD34,Nama_Buku,2)) -> BUKU PEMBANTU BUNGA REKENING | CF34: =IF(E34="L1",L34,IF(E34="R1",L34,0)) -> 0 | CG34: =CD34 -> 9 | CH34: =IF(CG34="","",VLOOKUP(CG34,Nama_Buku,2)) -> BUKU PEMBANTU BUNGA REKENING | CI34: =IF(E34="L2",L34,IF(E34="L3",L34,0)) -> 0 | CJ34: 10 | CK34: =IF(CJ34="","",VLOOKUP(CJ34,Nama_Buku,2)) -> BUKU PEMBANTU PAJAK UP & LS | CL34: =IF(E34="M1",L34,IF(E34="M4",L34,IF(E34="M6",L34,IF(E34="M8",L34,0)))) -> 3564000 | CM34: =CJ34 -> 10 | CN34: =IF(CM34="","",VLOOKUP(CM34,Nama_Buku,2)) -> BUKU PEMBANTU PAJAK UP & LS | CO34: =IF(E34="M2",L34,IF(E34="M3",L34,IF(E34="M5",L34,IF(E34="M7",L34,IF(E34="M9",L34,0))))) -> 0 | CP34: =IF(E34="H1",L34,IF(E34="H2",L34,IF(E34="J3",L34,IF(E34="K3",L34,0)))) -> 0 | CQ34: =IF(E34="H1",M34,IF(E34="H2",M34,IF(E34="J3",M34,0))) -> 0 | CR34: =IF(E34="H1",N34,IF(E34="H2",N34,IF(E34="J3",N34,0))) -> 0 | CS34: 11 | CT34: =IF(CS34="","",VLOOKUP(CS34,Nama_Buku,2)) -> BUKU PENGESAHAN BELANJA | CU34: =IF(E34="C2",L34,IF(E34="I1",L34,IF(E34="I2",L34,IF(E34="K3",L34,IF(E34="M3",L34,IF(E34="M9",L34,0)))))) -> 0 | CV34: =CS34 -> 11 | CW34: =IF(CV34="","",VLOOKUP(CV34,Nama_Buku,2)) -> BUKU PENGESAHAN BELANJA | CX34: =IF(E34="C3",L34,0) -> 0 | CY34: 12 | CZ34: =IF(CY34="","",VLOOKUP(CY34,Nama_Buku,2)) -> BUKU PENGEMBALIAN BELANJA | DA34: =IF(E34="L4",L34,IF(E34="R2",L34,0)) -> 0 | DB34: =CY34 -> 12 | DC34: =IF(DB34="","",VLOOKUP(DB34,Nama_Buku,2)) -> BUKU PENGEMBALIAN BELANJA | DD34: =IF(E34="L5",L34,IF(E34="L5",L34,0)) -> 0
A35: 025 | C35: 46051 | D35: ="2026."&A35 -> 2026.025 | E35: M3 | F35: Setor Pajak Belanja Barang Pemeliharaan Fasilitas Sisi Udara | H35: PT. ANGKASA JAYA SERVIS | K35: PPN | L35: 3564000 | M35: PPN | O35: =IF(E35="A",L35,IF(E35="B",L35,IF(E35="C1",L35,IF(E35="D1",L35,IF(E35="E",L35,IF(E35="F",L35,IF(E35="G1",L35,IF(E35="G2",L35,IF(E35="R1",L35,IF(E35="L4",L35,IF(E35="R2",L35,IF(E35="l7",L35,0)))))))))))) -> 0 | P35: =IF(E35="J1",L35,IF(E35="J2",L35,IF(E35="J4",L35,IF(E35="K1",L35,IF(E35="K2",L35,IF(E35="K4",L35,IF(E35="L1",L35,IF(E35="M1",L35,IF(E35="M6",L35,IF(E35="M6",L35,0)))))))))) -> 0 | Q35: =IF(E35="M4",L35,0) -> 0 | R35: 1 | S35: =IF(R35="","",VLOOKUP(R35,Nama_Buku,2)) -> BUKU KAS UMUM | T35: =AVERAGE(O35+P35+Q35) -> 0 | U35: =IF(E35="A",L35,IF(E35="C2",L35,IF(E35="D2",L35,IF(E35="E",L35,IF(E35="F",L35,IF(E35="G1",L35,IF(E35="G2",L35,IF(E35="H1",L35,IF(E35="R1",L35,0))))))))) -> 0 | V35: =IF(E35="H2",L35,IF(E35="I1",L35,IF(E35="I2",L35,IF(E35="J1",L35,IF(E35="J2",L35,IF(E35="J3",L35,IF(E35="J4",L35,IF(E35="K1",L35,0)))))))) -> 0 | W35: =IF(E35="K2",L35,IF(E35="K3",L35,IF(E35="K4",L35,IF(E35="L2",L35,IF(E35="L3",L35,IF(E35="M2",L35,IF(E35="M3",L35,IF(E35="M7",L35,IF(E35="L5",L35,IF(E35="L6",L35,0)))))))))) -> 3564000 | X35: =IF(E35="N1",L35,IF(E35="N2",L35,0)) -> 0 | Y35: =R35 -> 1 | Z35: =IF(Y35="","",VLOOKUP(Y35,Nama_Buku,2)) -> BUKU KAS UMUM | AA35: =AVERAGE(U35+V35+W35+X35) -> 3564000 | AB35: 10 | AC35: =IF(AB35="","",VLOOKUP(AB35,Nama_Buku,2)) -> BUKU PEMBANTU PAJAK UP & LS | AD35: =IF(E35="B",L35,IF(E35="C1",L35,IF(E35="D1",L35,IF(E35="J1",-L35,IF(E35="J2",-L35,IF(E35="L1",L35,IF(E35="M1",L35,IF(E35="M4",L35,IF(E35="M8",L35,IF(E35="R2",L35,0)))))))))) -> 0 | AE35: =IF(E35="K1",-L35,IF(E35="K2",-L35,)) -> 0 | AF35: =AVERAGE(AD35+AE35) -> 0 | AG35: =IF(E35="C2",L35,IF(E35="D2",L35,IF(E35="H1",L35,IF(E35="H2",L35,IF(E35="I1",L35,IF(E35="I2",L35,IF(E35="J4",-L35,IF(E35="K4",-L35,0)))))))) -> 0 | AH35: =IF(E35="L2",L35,IF(E35="L3",L35,IF(E35="M2",L35,IF(E35="M3",L35,IF(E35="M5",L35,IF(E35="N1",L35,IF(E35="N2",L35,0))))))) -> 3564000 | AI35: =AB35 -> 10 | AJ35: =IF(AI35="","",VLOOKUP(AI35,Nama_Buku,2)) -> BUKU PEMBANTU PAJAK UP & LS | AK35: =AVERAGE(AG35+AH35) -> 3564000 | AL35: 2 | AM35: =IF(AL35="","",VLOOKUP(AL35,Nama_Buku,2)) -> BUKU PEMBANTU KAS TUNAI | AN35: =IF(E35="G1",L35,IF(E35="J4",L35,IF(E35="K4",L35,IF(E35="M1",L35,0)))) -> 0 | AO35: =AL35 -> 2 | AP35: =IF(AO35="","",VLOOKUP(AO35,Nama_Buku,2)) -> BUKU PEMBANTU KAS TUNAI | AQ35: =IF(E35="G2",L35,IF(E35="H1",L35,IF(E35="I1",L35,IF(E35="J1",L35,IF(E35="K1",L35,IF(E35="L2",L35,IF(E35="M2",L35,IF(E35="N1",L35,0)))))))) -> 0 | AR35: 3 | AS35: =IF(AR35="","",VLOOKUP(AR35,Nama_Buku,2)) -> BUKU PEMBANTU BANK | AT35: =IF(E35="B",L35,IF(E35="C1",L35,IF(E35="D1",L35,IF(E35="G2",L35,IF(E35="L1",L35,IF(E35="L4",L35,IF(E35="R2",L35,IF(E35="L7",L35,0)))))))) -> 0 | AU35: =IF(E35="C2",L35,IF(E35="D2",L35,IF(E35="G1",L35,IF(E35="H2",L35,IF(E35="I2",L35,IF(E35="J2",L35,IF(E35="K2",L35,IF(E35="L3",L35,IF(E35="L5",L35,IF(E35="L6",L35,0)))))))))) -> 0 | AV35: =IF(E35="M3",L35,IF(E35="N2",L35,IF(E35="M9",L35,0))) -> 3564000 | AW35: =AR35 -> 3 | AX35: =IF(AW35="","",VLOOKUP(AW35,Nama_Buku,2)) -> BUKU PEMBANTU BANK | AY35: =AVERAGE(AU35+AV35) -> 3564000 | AZ35: 4 | BA35: =IF(AZ35="","",VLOOKUP(AZ35,Nama_Buku,2)) -> BUKU PEMBANTU BPP | BB35: =IF(E35="J1",L35,IF(E35="J2",L35,IF(E35="M4",L35,0))) -> 0 | BC35: =AZ35 -> 4 | BD35: =IF(BC35="","",VLOOKUP(BC35,Nama_Buku,2)) -> BUKU PEMBANTU BPP | BE35: =IF(E35="J3",L35,IF(E35="J4",L35,IF(E35="M5",L35,0))) -> 0 | BF35: 5 | BG35: =IF(BF35="","",VLOOKUP(BF35,Nama_Buku,2)) -> BUKU PEMBANTU UANG PERSEDIAAN | BH35: =IF(E35="B",L35,IF(E35="D1",L35,0)) -> 0 | BI35: =BF35 -> 5 | BJ35: =IF(BI35="","",VLOOKUP(BI35,Nama_Buku,2)) -> BUKU PEMBANTU UANG PERSEDIAAN | BK35: =IF(E35="D2",L35,IF(E35="H1",L35,IF(E35="H2",L35,IF(E35="J3",L35,IF(E35="K3",L35,IF(E35="N1",L35,IF(E35="N2",L35,0))))))) -> 0 | BL35: 6 | BM35: =IF(BL35="","",VLOOKUP(BL35,Nama_Buku,2)) -> BUKU PEMBANTU LS BENDAHARA | BN35: =IF(E35="C1",L35,IF(E35="C1",L35,IF(E35="R2",L35,IF(E35="L7",L35,0)))) -> 0 | BO35: =BL35 -> 6 | BP35: =IF(BO35="","",VLOOKUP(BO35,Nama_Buku,2)) -> BUKU PEMBANTU LS BENDAHARA | BQ35: =IF(E35="C2",L35,IF(E35="I1",L35,IF(E35="I2",L35,IF(E35="M9",L35,IF(E35="M3",L35,IF(E35="K3",L35,IF(E35="R1",L35,IF(E35="L6",L35,0)))))))) -> 3564000 | BR35: 7 | BS35: =IF(BR35="","",VLOOKUP(BR35,Nama_Buku,2)) -> BUKU PEMBANTU UANG MUKA PERJADIN | BT35: =IF(E35="K1",L35,IF(E35="K2",L35,0)) -> 0 | BU35: =BR35 -> 7 | BV35: =IF(BU35="","",VLOOKUP(BU35,Nama_Buku,2)) -> BUKU PEMBANTU UANG MUKA PERJADIN | BW35: =IF(E35="K3",L35,IF(E35="K4",L35,0)) -> 0 | BX35: 8 | BY35: =IF(BX35="","",VLOOKUP(BX35,Nama_Buku,2)) -> BUKU PEMBANTU PAJAK UP | BZ35: =IF(E35="M1",L35,IF(E35="M4",L35,IF(E35="M8",L35,0))) -> 0 | CA35: =BX35 -> 8 | CB35: =IF(CA35="","",VLOOKUP(CA35,Nama_Buku,2)) -> BUKU PEMBANTU PAJAK UP | CC35: =IF(E35="M2",L35,IF(E35="M3",L35,IF(E35="M5",L35,0))) -> 3564000 | CD35: 9 | CE35: =IF(CD35="","",VLOOKUP(CD35,Nama_Buku,2)) -> BUKU PEMBANTU BUNGA REKENING | CF35: =IF(E35="L1",L35,IF(E35="R1",L35,0)) -> 0 | CG35: =CD35 -> 9 | CH35: =IF(CG35="","",VLOOKUP(CG35,Nama_Buku,2)) -> BUKU PEMBANTU BUNGA REKENING | CI35: =IF(E35="L2",L35,IF(E35="L3",L35,0)) -> 0 | CJ35: 10 | CK35: =IF(CJ35="","",VLOOKUP(CJ35,Nama_Buku,2)) -> BUKU PEMBANTU PAJAK UP & LS | CL35: =IF(E35="M1",L35,IF(E35="M4",L35,IF(E35="M6",L35,IF(E35="M8",L35,0)))) -> 0 | CM35: =CJ35 -> 10 | CN35: =IF(CM35="","",VLOOKUP(CM35,Nama_Buku,2)) -> BUKU PEMBANTU PAJAK UP & LS | CO35: =IF(E35="M2",L35,IF(E35="M3",L35,IF(E35="M5",L35,IF(E35="M7",L35,IF(E35="M9",L35,0))))) -> 3564000 | CP35: =IF(E35="H1",L35,IF(E35="H2",L35,IF(E35="J3",L35,IF(E35="K3",L35,0)))) -> 0 | CQ35: =IF(E35="H1",M35,IF(E35="H2",M35,IF(E35="J3",M35,0))) -> 0 | CR35: =IF(E35="H1",N35,IF(E35="H2",N35,IF(E35="J3",N35,0))) -> 0 | CS35: 11 | CT35: =IF(CS35="","",VLOOKUP(CS35,Nama_Buku,2)) -> BUKU PENGESAHAN BELANJA | CU35: =IF(E35="C2",L35,IF(E35="I1",L35,IF(E35="I2",L35,IF(E35="K3",L35,IF(E35="M3",L35,IF(E35="M9",L35,0)))))) -> 3564000 | CV35: =CS35 -> 11 | CW35: =IF(CV35="","",VLOOKUP(CV35,Nama_Buku,2)) -> BUKU PENGESAHAN BELANJA | CX35: =IF(E35="C3",L35,0) -> 0 | CY35: 12 | CZ35: =IF(CY35="","",VLOOKUP(CY35,Nama_Buku,2)) -> BUKU PENGEMBALIAN BELANJA | DA35: =IF(E35="L4",L35,IF(E35="R2",L35,0)) -> 0 | DB35: =CY35 -> 12 | DC35: =IF(DB35="","",VLOOKUP(DB35,Nama_Buku,2)) -> BUKU PENGEMBALIAN BELANJA | DD35: =IF(E35="L5",L35,IF(E35="L5",L35,0)) -> 0
A36: 026 | C36: 46051 | D36: ="2026."&A36 -> 2026.026 | E36: M8 | F36: Pungut Pajak Belanja Barang Pemeliharaan Fasilitas Sisi Udara | H36: PT. ANGKASA JAYA SERVIS | K36: PPh 23 | L36: 648000 | N36: PPh 23 | O36: =IF(E36="A",L36,IF(E36="B",L36,IF(E36="C1",L36,IF(E36="D1",L36,IF(E36="E",L36,IF(E36="F",L36,IF(E36="G1",L36,IF(E36="G2",L36,IF(E36="R1",L36,IF(E36="L4",L36,IF(E36="R2",L36,IF(E36="l7",L36,0)))))))))))) -> 0 | P36: =IF(E36="J1",L36,IF(E36="J2",L36,IF(E36="J4",L36,IF(E36="K1",L36,IF(E36="K2",L36,IF(E36="K4",L36,IF(E36="L1",L36,IF(E36="M1",L36,IF(E36="M6",L36,IF(E36="M6",L36,0)))))))))) -> 0 | Q36: =IF(E36="M4",L36,0) -> 0 | R36: 1 | S36: =IF(R36="","",VLOOKUP(R36,Nama_Buku,2)) -> BUKU KAS UMUM | T36: =AVERAGE(O36+P36+Q36) -> 0 | U36: =IF(E36="A",L36,IF(E36="C2",L36,IF(E36="D2",L36,IF(E36="E",L36,IF(E36="F",L36,IF(E36="G1",L36,IF(E36="G2",L36,IF(E36="H1",L36,IF(E36="R1",L36,0))))))))) -> 0 | V36: =IF(E36="H2",L36,IF(E36="I1",L36,IF(E36="I2",L36,IF(E36="J1",L36,IF(E36="J2",L36,IF(E36="J3",L36,IF(E36="J4",L36,IF(E36="K1",L36,0)))))))) -> 0 | W36: =IF(E36="K2",L36,IF(E36="K3",L36,IF(E36="K4",L36,IF(E36="L2",L36,IF(E36="L3",L36,IF(E36="M2",L36,IF(E36="M3",L36,IF(E36="M7",L36,IF(E36="L5",L36,IF(E36="L6",L36,0)))))))))) -> 0 | X36: =IF(E36="N1",L36,IF(E36="N2",L36,0)) -> 0 | Y36: =R36 -> 1 | Z36: =IF(Y36="","",VLOOKUP(Y36,Nama_Buku,2)) -> BUKU KAS UMUM | AA36: =AVERAGE(U36+V36+W36+X36) -> 0 | AB36: 10 | AC36: =IF(AB36="","",VLOOKUP(AB36,Nama_Buku,2)) -> BUKU PEMBANTU PAJAK UP & LS | AD36: =IF(E36="B",L36,IF(E36="C1",L36,IF(E36="D1",L36,IF(E36="J1",-L36,IF(E36="J2",-L36,IF(E36="L1",L36,IF(E36="M1",L36,IF(E36="M4",L36,IF(E36="M8",L36,IF(E36="R2",L36,0)))))))))) -> 648000 | AE36: =IF(E36="K1",-L36,IF(E36="K2",-L36,)) -> 0 | AF36: =AVERAGE(AD36+AE36) -> 648000 | AG36: =IF(E36="C2",L36,IF(E36="D2",L36,IF(E36="H1",L36,IF(E36="H2",L36,IF(E36="I1",L36,IF(E36="I2",L36,IF(E36="J4",-L36,IF(E36="K4",-L36,0)))))))) -> 0 | AH36: =IF(E36="L2",L36,IF(E36="L3",L36,IF(E36="M2",L36,IF(E36="M3",L36,IF(E36="M5",L36,IF(E36="N1",L36,IF(E36="N2",L36,0))))))) -> 0 | AI36: =AB36 -> 10 | AJ36: =IF(AI36="","",VLOOKUP(AI36,Nama_Buku,2)) -> BUKU PEMBANTU PAJAK UP & LS | AK36: =AVERAGE(AG36+AH36) -> 0 | AL36: 2 | AM36: =IF(AL36="","",VLOOKUP(AL36,Nama_Buku,2)) -> BUKU PEMBANTU KAS TUNAI | AN36: =IF(E36="G1",L36,IF(E36="J4",L36,IF(E36="K4",L36,IF(E36="M1",L36,0)))) -> 0 | AO36: =AL36 -> 2 | AP36: =IF(AO36="","",VLOOKUP(AO36,Nama_Buku,2)) -> BUKU PEMBANTU KAS TUNAI | AQ36: =IF(E36="G2",L36,IF(E36="H1",L36,IF(E36="I1",L36,IF(E36="J1",L36,IF(E36="K1",L36,IF(E36="L2",L36,IF(E36="M2",L36,IF(E36="N1",L36,0)))))))) -> 0 | AR36: 3 | AS36: =IF(AR36="","",VLOOKUP(AR36,Nama_Buku,2)) -> BUKU PEMBANTU BANK | AT36: =IF(E36="B",L36,IF(E36="C1",L36,IF(E36="D1",L36,IF(E36="G2",L36,IF(E36="L1",L36,IF(E36="L4",L36,IF(E36="R2",L36,IF(E36="L7",L36,0)))))))) -> 0 | AU36: =IF(E36="C2",L36,IF(E36="D2",L36,IF(E36="G1",L36,IF(E36="H2",L36,IF(E36="I2",L36,IF(E36="J2",L36,IF(E36="K2",L36,IF(E36="L3",L36,IF(E36="L5",L36,IF(E36="L6",L36,0)))))))))) -> 0 | AV36: =IF(E36="M3",L36,IF(E36="N2",L36,IF(E36="M9",L36,0))) -> 0 | AW36: =AR36 -> 3 | AX36: =IF(AW36="","",VLOOKUP(AW36,Nama_Buku,2)) -> BUKU PEMBANTU BANK | AY36: =AVERAGE(AU36+AV36) -> 0 | AZ36: 4 | BA36: =IF(AZ36="","",VLOOKUP(AZ36,Nama_Buku,2)) -> BUKU PEMBANTU BPP | BB36: =IF(E36="J1",L36,IF(E36="J2",L36,IF(E36="M4",L36,0))) -> 0 | BC36: =AZ36 -> 4 | BD36: =IF(BC36="","",VLOOKUP(BC36,Nama_Buku,2)) -> BUKU PEMBANTU BPP | BE36: =IF(E36="J3",L36,IF(E36="J4",L36,IF(E36="M5",L36,0))) -> 0 | BF36: 5 | BG36: =IF(BF36="","",VLOOKUP(BF36,Nama_Buku,2)) -> BUKU PEMBANTU UANG PERSEDIAAN | BH36: =IF(E36="B",L36,IF(E36="D1",L36,0)) -> 0 | BI36: =BF36 -> 5 | BJ36: =IF(BI36="","",VLOOKUP(BI36,Nama_Buku,2)) -> BUKU PEMBANTU UANG PERSEDIAAN | BK36: =IF(E36="D2",L36,IF(E36="H1",L36,IF(E36="H2",L36,IF(E36="J3",L36,IF(E36="K3",L36,IF(E36="N1",L36,IF(E36="N2",L36,0))))))) -> 0 | BL36: 6 | BM36: =IF(BL36="","",VLOOKUP(BL36,Nama_Buku,2)) -> BUKU PEMBANTU LS BENDAHARA | BN36: =IF(E36="C1",L36,IF(E36="C1",L36,IF(E36="R2",L36,IF(E36="L7",L36,0)))) -> 0 | BO36: =BL36 -> 6 | BP36: =IF(BO36="","",VLOOKUP(BO36,Nama_Buku,2)) -> BUKU PEMBANTU LS BENDAHARA | BQ36: =IF(E36="C2",L36,IF(E36="I1",L36,IF(E36="I2",L36,IF(E36="M9",L36,IF(E36="M3",L36,IF(E36="K3",L36,IF(E36="R1",L36,IF(E36="L6",L36,0)))))))) -> 0 | BR36: 7 | BS36: =IF(BR36="","",VLOOKUP(BR36,Nama_Buku,2)) -> BUKU PEMBANTU UANG MUKA PERJADIN | BT36: =IF(E36="K1",L36,IF(E36="K2",L36,0)) -> 0 | BU36: =BR36 -> 7 | BV36: =IF(BU36="","",VLOOKUP(BU36,Nama_Buku,2)) -> BUKU PEMBANTU UANG MUKA PERJADIN | BW36: =IF(E36="K3",L36,IF(E36="K4",L36,0)) -> 0 | BX36: 8 | BY36: =IF(BX36="","",VLOOKUP(BX36,Nama_Buku,2)) -> BUKU PEMBANTU PAJAK UP | BZ36: =IF(E36="M1",L36,IF(E36="M4",L36,IF(E36="M8",L36,0))) -> 648000 | CA36: =BX36 -> 8 | CB36: =IF(CA36="","",VLOOKUP(CA36,Nama_Buku,2)) -> BUKU PEMBANTU PAJAK UP | CC36: =IF(E36="M2",L36,IF(E36="M3",L36,IF(E36="M5",L36,0))) -> 0 | CD36: 9 | CE36: =IF(CD36="","",VLOOKUP(CD36,Nama_Buku,2)) -> BUKU PEMBANTU BUNGA REKENING | CF36: =IF(E36="L1",L36,IF(E36="R1",L36,0)) -> 0 | CG36: =CD36 -> 9 | CH36: =IF(CG36="","",VLOOKUP(CG36,Nama_Buku,2)) -> BUKU PEMBANTU BUNGA REKENING | CI36: =IF(E36="L2",L36,IF(E36="L3",L36,0)) -> 0 | CJ36: 10 | CK36: =IF(CJ36="","",VLOOKUP(CJ36,Nama_Buku,2)) -> BUKU PEMBANTU PAJAK UP & LS | CL36: =IF(E36="M1",L36,IF(E36="M4",L36,IF(E36="M6",L36,IF(E36="M8",L36,0)))) -> 648000 | CM36: =CJ36 -> 10 | CN36: =IF(CM36="","",VLOOKUP(CM36,Nama_Buku,2)) -> BUKU PEMBANTU PAJAK UP & LS | CO36: =IF(E36="M2",L36,IF(E36="M3",L36,IF(E36="M5",L36,IF(E36="M7",L36,IF(E36="M9",L36,0))))) -> 0 | CP36: =IF(E36="H1",L36,IF(E36="H2",L36,IF(E36="J3",L36,IF(E36="K3",L36,0)))) -> 0 | CQ36: =IF(E36="H1",M36,IF(E36="H2",M36,IF(E36="J3",M36,0))) -> 0 | CR36: =IF(E36="H1",N36,IF(E36="H2",N36,IF(E36="J3",N36,0))) -> 0 | CS36: 11 | CT36: =IF(CS36="","",VLOOKUP(CS36,Nama_Buku,2)) -> BUKU PENGESAHAN BELANJA | CU36: =IF(E36="C2",L36,IF(E36="I1",L36,IF(E36="I2",L36,IF(E36="K3",L36,IF(E36="M3",L36,IF(E36="M9",L36,0)))))) -> 0 | CV36: =CS36 -> 11 | CW36: =IF(CV36="","",VLOOKUP(CV36,Nama_Buku,2)) -> BUKU PENGESAHAN BELANJA | CX36: =IF(E36="C3",L36,0) -> 0 | CY36: 12 | CZ36: =IF(CY36="","",VLOOKUP(CY36,Nama_Buku,2)) -> BUKU PENGEMBALIAN BELANJA | DA36: =IF(E36="L4",L36,IF(E36="R2",L36,0)) -> 0 | DB36: =CY36 -> 12 | DC36: =IF(DB36="","",VLOOKUP(DB36,Nama_Buku,2)) -> BUKU PENGEMBALIAN BELANJA | DD36: =IF(E36="L5",L36,IF(E36="L5",L36,0)) -> 0
A37: 027 | C37: 46051 | D37: ="2026."&A37 -> 2026.027 | E37: M3 | F37: Setor Pajak Belanja Barang Pemeliharaan Fasilitas Sisi Udara | H37: PT. ANGKASA JAYA SERVIS | K37: PPh 23 | L37: 648000 | N37: PPh 23 | O37: =IF(E37="A",L37,IF(E37="B",L37,IF(E37="C1",L37,IF(E37="D1",L37,IF(E37="E",L37,IF(E37="F",L37,IF(E37="G1",L37,IF(E37="G2",L37,IF(E37="R1",L37,IF(E37="L4",L37,IF(E37="R2",L37,IF(E37="l7",L37,0)))))))))))) -> 0 | P37: =IF(E37="J1",L37,IF(E37="J2",L37,IF(E37="J4",L37,IF(E37="K1",L37,IF(E37="K2",L37,IF(E37="K4",L37,IF(E37="L1",L37,IF(E37="M1",L37,IF(E37="M6",L37,IF(E37="M6",L37,0)))))))))) -> 0 | Q37: =IF(E37="M4",L37,0) -> 0 | R37: 1 | S37: =IF(R37="","",VLOOKUP(R37,Nama_Buku,2)) -> BUKU KAS UMUM | T37: =AVERAGE(O37+P37+Q37) -> 0 | U37: =IF(E37="A",L37,IF(E37="C2",L37,IF(E37="D2",L37,IF(E37="E",L37,IF(E37="F",L37,IF(E37="G1",L37,IF(E37="G2",L37,IF(E37="H1",L37,IF(E37="R1",L37,0))))))))) -> 0 | V37: =IF(E37="H2",L37,IF(E37="I1",L37,IF(E37="I2",L37,IF(E37="J1",L37,IF(E37="J2",L37,IF(E37="J3",L37,IF(E37="J4",L37,IF(E37="K1",L37,0)))))))) -> 0 | W37: =IF(E37="K2",L37,IF(E37="K3",L37,IF(E37="K4",L37,IF(E37="L2",L37,IF(E37="L3",L37,IF(E37="M2",L37,IF(E37="M3",L37,IF(E37="M7",L37,IF(E37="L5",L37,IF(E37="L6",L37,0)))))))))) -> 648000 | X37: =IF(E37="N1",L37,IF(E37="N2",L37,0)) -> 0 | Y37: =R37 -> 1 | Z37: =IF(Y37="","",VLOOKUP(Y37,Nama_Buku,2)) -> BUKU KAS UMUM | AA37: =AVERAGE(U37+V37+W37+X37) -> 648000 | AB37: 10 | AC37: =IF(AB37="","",VLOOKUP(AB37,Nama_Buku,2)) -> BUKU PEMBANTU PAJAK UP & LS | AD37: =IF(E37="B",L37,IF(E37="C1",L37,IF(E37="D1",L37,IF(E37="J1",-L37,IF(E37="J2",-L37,IF(E37="L1",L37,IF(E37="M1",L37,IF(E37="M4",L37,IF(E37="M8",L37,IF(E37="R2",L37,0)))))))))) -> 0 | AE37: =IF(E37="K1",-L37,IF(E37="K2",-L37,)) -> 0 | AF37: =AVERAGE(AD37+AE37) -> 0 | AG37: =IF(E37="C2",L37,IF(E37="D2",L37,IF(E37="H1",L37,IF(E37="H2",L37,IF(E37="I1",L37,IF(E37="I2",L37,IF(E37="J4",-L37,IF(E37="K4",-L37,0)))))))) -> 0 | AH37: =IF(E37="L2",L37,IF(E37="L3",L37,IF(E37="M2",L37,IF(E37="M3",L37,IF(E37="M5",L37,IF(E37="N1",L37,IF(E37="N2",L37,0))))))) -> 648000 | AI37: =AB37 -> 10 | AJ37: =IF(AI37="","",VLOOKUP(AI37,Nama_Buku,2)) -> BUKU PEMBANTU PAJAK UP & LS | AK37: =AVERAGE(AG37+AH37) -> 648000 | AL37: 2 | AM37: =IF(AL37="","",VLOOKUP(AL37,Nama_Buku,2)) -> BUKU PEMBANTU KAS TUNAI | AN37: =IF(E37="G1",L37,IF(E37="J4",L37,IF(E37="K4",L37,IF(E37="M1",L37,0)))) -> 0 | AO37: =AL37 -> 2 | AP37: =IF(AO37="","",VLOOKUP(AO37,Nama_Buku,2)) -> BUKU PEMBANTU KAS TUNAI | AQ37: =IF(E37="G2",L37,IF(E37="H1",L37,IF(E37="I1",L37,IF(E37="J1",L37,IF(E37="K1",L37,IF(E37="L2",L37,IF(E37="M2",L37,IF(E37="N1",L37,0)))))))) -> 0 | AR37: 3 | AS37: =IF(AR37="","",VLOOKUP(AR37,Nama_Buku,2)) -> BUKU PEMBANTU BANK | AT37: =IF(E37="B",L37,IF(E37="C1",L37,IF(E37="D1",L37,IF(E37="G2",L37,IF(E37="L1",L37,IF(E37="L4",L37,IF(E37="R2",L37,IF(E37="L7",L37,0)))))))) -> 0 | AU37: =IF(E37="C2",L37,IF(E37="D2",L37,IF(E37="G1",L37,IF(E37="H2",L37,IF(E37="I2",L37,IF(E37="J2",L37,IF(E37="K2",L37,IF(E37="L3",L37,IF(E37="L5",L37,IF(E37="L6",L37,0)))))))))) -> 0 | AV37: =IF(E37="M3",L37,IF(E37="N2",L37,IF(E37="M9",L37,0))) -> 648000 | AW37: =AR37 -> 3 | AX37: =IF(AW37="","",VLOOKUP(AW37,Nama_Buku,2)) -> BUKU PEMBANTU BANK | AY37: =AVERAGE(AU37+AV37) -> 648000 | AZ37: 4 | BA37: =IF(AZ37="","",VLOOKUP(AZ37,Nama_Buku,2)) -> BUKU PEMBANTU BPP | BB37: =IF(E37="J1",L37,IF(E37="J2",L37,IF(E37="M4",L37,0))) -> 0 | BC37: =AZ37 -> 4 | BD37: =IF(BC37="","",VLOOKUP(BC37,Nama_Buku,2)) -> BUKU PEMBANTU BPP | BE37: =IF(E37="J3",L37,IF(E37="J4",L37,IF(E37="M5",L37,0))) -> 0 | BF37: 5 | BG37: =IF(BF37="","",VLOOKUP(BF37,Nama_Buku,2)) -> BUKU PEMBANTU UANG PERSEDIAAN | BH37: =IF(E37="B",L37,IF(E37="D1",L37,0)) -> 0 | BI37: =BF37 -> 5 | BJ37: =IF(BI37="","",VLOOKUP(BI37,Nama_Buku,2)) -> BUKU PEMBANTU UANG PERSEDIAAN | BK37: =IF(E37="D2",L37,IF(E37="H1",L37,IF(E37="H2",L37,IF(E37="J3",L37,IF(E37="K3",L37,IF(E37="N1",L37,IF(E37="N2",L37,0))))))) -> 0 | BL37: 6 | BM37: =IF(BL37="","",VLOOKUP(BL37,Nama_Buku,2)) -> BUKU PEMBANTU LS BENDAHARA | BN37: =IF(E37="C1",L37,IF(E37="C1",L37,IF(E37="R2",L37,IF(E37="L7",L37,0)))) -> 0 | BO37: =BL37 -> 6 | BP37: =IF(BO37="","",VLOOKUP(BO37,Nama_Buku,2)) -> BUKU PEMBANTU LS BENDAHARA | BQ37: =IF(E37="C2",L37,IF(E37="I1",L37,IF(E37="I2",L37,IF(E37="M9",L37,IF(E37="M3",L37,IF(E37="K3",L37,IF(E37="R1",L37,IF(E37="L6",L37,0)))))))) -> 648000 | BR37: 7 | BS37: =IF(BR37="","",VLOOKUP(BR37,Nama_Buku,2)) -> BUKU PEMBANTU UANG MUKA PERJADIN | BT37: =IF(E37="K1",L37,IF(E37="K2",L37,0)) -> 0 | BU37: =BR37 -> 7 | BV37: =IF(BU37="","",VLOOKUP(BU37,Nama_Buku,2)) -> BUKU PEMBANTU UANG MUKA PERJADIN | BW37: =IF(E37="K3",L37,IF(E37="K4",L37,0)) -> 0 | BX37: 8 | BY37: =IF(BX37="","",VLOOKUP(BX37,Nama_Buku,2)) -> BUKU PEMBANTU PAJAK UP | BZ37: =IF(E37="M1",L37,IF(E37="M4",L37,IF(E37="M8",L37,0))) -> 0 | CA37: =BX37 -> 8 | CB37: =IF(CA37="","",VLOOKUP(CA37,Nama_Buku,2)) -> BUKU PEMBANTU PAJAK UP | CC37: =IF(E37="M2",L37,IF(E37="M3",L37,IF(E37="M5",L37,0))) -> 648000 | CD37: 9 | CE37: =IF(CD37="","",VLOOKUP(CD37,Nama_Buku,2)) -> BUKU PEMBANTU BUNGA REKENING | CF37: =IF(E37="L1",L37,IF(E37="R1",L37,0)) -> 0 | CG37: =CD37 -> 9 | CH37: =IF(CG37="","",VLOOKUP(CG37,Nama_Buku,2)) -> BUKU PEMBANTU BUNGA REKENING | CI37: =IF(E37="L2",L37,IF(E37="L3",L37,0)) -> 0 | CJ37: 10 | CK37: =IF(CJ37="","",VLOOKUP(CJ37,Nama_Buku,2)) -> BUKU PEMBANTU PAJAK UP & LS | CL37: =IF(E37="M1",L37,IF(E37="M4",L37,IF(E37="M6",L37,IF(E37="M8",L37,0)))) -> 0 | CM37: =CJ37 -> 10 | CN37: =IF(CM37="","",VLOOKUP(CM37,Nama_Buku,2)) -> BUKU PEMBANTU PAJAK UP & LS | CO37: =IF(E37="M2",L37,IF(E37="M3",L37,IF(E37="M5",L37,IF(E37="M7",L37,IF(E37="M9",L37,0))))) -> 648000 | CP37: =IF(E37="H1",L37,IF(E37="H2",L37,IF(E37="J3",L37,IF(E37="K3",L37,0)))) -> 0 | CQ37: =IF(E37="H1",M37,IF(E37="H2",M37,IF(E37="J3",M37,0))) -> 0 | CR37: =IF(E37="H1",N37,IF(E37="H2",N37,IF(E37="J3",N37,0))) -> 0 | CS37: 11 | CT37: =IF(CS37="","",VLOOKUP(CS37,Nama_Buku,2)) -> BUKU PENGESAHAN BELANJA | CU37: =IF(E37="C2",L37,IF(E37="I1",L37,IF(E37="I2",L37,IF(E37="K3",L37,IF(E37="M3",L37,IF(E37="M9",L37,0)))))) -> 648000 | CV37: =CS37 -> 11 | CW37: =IF(CV37="","",VLOOKUP(CV37,Nama_Buku,2)) -> BUKU PENGESAHAN BELANJA | CX37: =IF(E37="C3",L37,0) -> 0 | CY37: 12 | CZ37: =IF(CY37="","",VLOOKUP(CY37,Nama_Buku,2)) -> BUKU PENGEMBALIAN BELANJA | DA37: =IF(E37="L4",L37,IF(E37="R2",L37,0)) -> 0 | DB37: =CY37 -> 12 | DC37: =IF(DB37="","",VLOOKUP(DB37,Nama_Buku,2)) -> BUKU PENGEMBALIAN BELANJA | DD37: =IF(E37="L5",L37,IF(E37="L5",L37,0)) -> 0
